timestamp,temperature_c,wind_speed_kmh,rain_mm,spot_price_eur_mwh,timestamp_local
2025-01-01 00:00:00+00:00,-0.6,18.4,0.0,2.47,2025-01-01 01:00:00+01:00
2025-01-01 01:00:00+00:00,0.2,12.7,0.0,2.44,2025-01-01 02:00:00+01:00
2025-01-01 02:00:00+00:00,0.6,5.2,0.1,1.98,2025-01-01 03:00:00+01:00
2025-01-01 03:00:00+00:00,1.2,6.5,0.1,1.79,2025-01-01 04:00:00+01:00
2025-01-01 04:00:00+00:00,1.5,7.6,0.1,2.71,2025-01-01 05:00:00+01:00
2025-01-01 05:00:00+00:00,1.0,6.3,0.1,1.78,2025-01-01 06:00:00+01:00
2025-01-01 06:00:00+00:00,0.7,6.5,0.2,2.03,2025-01-01 07:00:00+01:00
2025-01-01 07:00:00+00:00,0.2,8.6,0.0,2.92,2025-01-01 08:00:00+01:00
2025-01-01 08:00:00+00:00,-0.1,9.0,0.0,3.27,2025-01-01 09:00:00+01:00
2025-01-01 09:00:00+00:00,-0.3,9.1,0.0,4.29,2025-01-01 10:00:00+01:00
2025-01-01 10:00:00+00:00,-0.4,9.8,0.0,4.43,2025-01-01 11:00:00+01:00
2025-01-01 11:00:00+00:00,-0.3,10.6,0.0,4.44,2025-01-01 12:00:00+01:00
2025-01-01 12:00:00+00:00,-0.5,11.5,0.1,4.5,2025-01-01 13:00:00+01:00
2025-01-01 13:00:00+00:00,-1.0,11.0,0.0,5.99,2025-01-01 14:00:00+01:00
2025-01-01 14:00:00+00:00,-1.2,11.2,0.0,12.26,2025-01-01 15:00:00+01:00
2025-01-01 15:00:00+00:00,-1.1,11.6,0.0,18.84,2025-01-01 16:00:00+01:00
2025-01-01 16:00:00+00:00,-1.2,13.7,0.0,20.69,2025-01-01 17:00:00+01:00
2025-01-01 17:00:00+00:00,-1.7,15.8,0.0,16.31,2025-01-01 18:00:00+01:00
2025-01-01 18:00:00+00:00,-2.1,16.1,0.0,10.0,2025-01-01 19:00:00+01:00
2025-01-01 19:00:00+00:00,-2.4,14.6,0.0,8.07,2025-01-01 20:00:00+01:00
2025-01-01 20:00:00+00:00,-2.6,15.7,0.0,6.88,2025-01-01 21:00:00+01:00
2025-01-01 21:00:00+00:00,-3.2,15.3,0.0,9.64,2025-01-01 22:00:00+01:00
2025-01-01 22:00:00+00:00,-3.9,17.0,0.0,7.04,2025-01-01 23:00:00+01:00
2025-01-01 23:00:00+00:00,-5.0,14.7,0.0,3.4,2025-01-02 00:00:00+01:00
2025-01-02 00:00:00+00:00,-5.6,13.8,0.0,3.25,2025-01-02 01:00:00+01:00
2025-01-02 01:00:00+00:00,-6.1,12.7,0.0,4.0,2025-01-02 02:00:00+01:00
2025-01-02 02:00:00+00:00,-6.7,10.9,0.0,6.69,2025-01-02 03:00:00+01:00
2025-01-02 03:00:00+00:00,-6.9,11.4,0.0,10.71,2025-01-02 04:00:00+01:00
2025-01-02 04:00:00+00:00,-6.8,12.4,0.0,17.77,2025-01-02 05:00:00+01:00
2025-01-02 05:00:00+00:00,-6.4,13.9,0.0,40.18,2025-01-02 06:00:00+01:00
2025-01-02 06:00:00+00:00,-6.3,12.2,0.0,93.98,2025-01-02 07:00:00+01:00
2025-01-02 07:00:00+00:00,-6.6,10.6,0.0,118.65,2025-01-02 08:00:00+01:00
2025-01-02 08:00:00+00:00,-6.8,9.2,0.0,124.76,2025-01-02 09:00:00+01:00
2025-01-02 09:00:00+00:00,-6.3,9.7,0.0,123.35,2025-01-02 10:00:00+01:00
2025-01-02 10:00:00+00:00,-5.6,14.0,0.0,110.5,2025-01-02 11:00:00+01:00
2025-01-02 11:00:00+00:00,-5.5,13.2,0.0,100.84,2025-01-02 12:00:00+01:00
2025-01-02 12:00:00+00:00,-5.5,14.0,0.0,106.1,2025-01-02 13:00:00+01:00
2025-01-02 13:00:00+00:00,-5.5,17.8,0.0,112.56,2025-01-02 14:00:00+01:00
2025-01-02 14:00:00+00:00,-5.4,17.7,0.0,127.82,2025-01-02 15:00:00+01:00
2025-01-02 15:00:00+00:00,-5.5,16.0,0.0,135.32,2025-01-02 16:00:00+01:00
2025-01-02 16:00:00+00:00,-5.7,15.0,0.0,150.01,2025-01-02 17:00:00+01:00
2025-01-02 17:00:00+00:00,-6.0,14.7,0.0,147.02,2025-01-02 18:00:00+01:00
2025-01-02 18:00:00+00:00,-6.3,13.3,0.0,108.33,2025-01-02 19:00:00+01:00
2025-01-02 19:00:00+00:00,-6.7,11.4,0.0,103.54,2025-01-02 20:00:00+01:00
2025-01-02 20:00:00+00:00,-6.9,11.4,0.0,76.35,2025-01-02 21:00:00+01:00
2025-01-02 21:00:00+00:00,-7.1,10.9,0.0,61.86,2025-01-02 22:00:00+01:00
2025-01-02 22:00:00+00:00,-7.2,10.7,0.0,49.16,2025-01-02 23:00:00+01:00
2025-01-02 23:00:00+00:00,-7.3,9.6,0.0,43.01,2025-01-03 00:00:00+01:00
2025-01-03 00:00:00+00:00,-7.3,9.4,0.0,38.15,2025-01-03 01:00:00+01:00
2025-01-03 01:00:00+00:00,-6.3,9.6,0.0,35.22,2025-01-03 02:00:00+01:00
2025-01-03 02:00:00+00:00,-6.3,10.7,0.0,33.43,2025-01-03 03:00:00+01:00
2025-01-03 03:00:00+00:00,-6.8,13.2,0.0,29.73,2025-01-03 04:00:00+01:00
2025-01-03 04:00:00+00:00,-7.4,14.9,0.0,30.58,2025-01-03 05:00:00+01:00
2025-01-03 05:00:00+00:00,-7.5,13.5,0.0,38.36,2025-01-03 06:00:00+01:00
2025-01-03 06:00:00+00:00,-7.6,10.7,0.0,52.32,2025-01-03 07:00:00+01:00
2025-01-03 07:00:00+00:00,-8.2,7.4,0.0,80.9,2025-01-03 08:00:00+01:00
2025-01-03 08:00:00+00:00,-10.5,3.8,0.0,80.17,2025-01-03 09:00:00+01:00
2025-01-03 09:00:00+00:00,-10.6,5.2,0.0,76.13,2025-01-03 10:00:00+01:00
2025-01-03 10:00:00+00:00,-9.9,5.1,0.0,68.57,2025-01-03 11:00:00+01:00
2025-01-03 11:00:00+00:00,-10.1,4.5,0.0,55.04,2025-01-03 12:00:00+01:00
2025-01-03 12:00:00+00:00,-9.5,1.9,0.0,53.49,2025-01-03 13:00:00+01:00
2025-01-03 13:00:00+00:00,-9.5,10.6,0.0,53.96,2025-01-03 14:00:00+01:00
2025-01-03 14:00:00+00:00,-11.0,11.8,0.0,73.75,2025-01-03 15:00:00+01:00
2025-01-03 15:00:00+00:00,-11.4,12.0,0.0,100.74,2025-01-03 16:00:00+01:00
2025-01-03 16:00:00+00:00,-10.8,14.9,0.0,106.39,2025-01-03 17:00:00+01:00
2025-01-03 17:00:00+00:00,-10.9,17.0,0.0,109.22,2025-01-03 18:00:00+01:00
2025-01-03 18:00:00+00:00,-10.8,15.7,0.0,101.27,2025-01-03 19:00:00+01:00
2025-01-03 19:00:00+00:00,-10.8,15.7,0.0,84.49,2025-01-03 20:00:00+01:00
2025-01-03 20:00:00+00:00,-10.4,13.8,0.0,81.62,2025-01-03 21:00:00+01:00
2025-01-03 21:00:00+00:00,-10.5,13.6,0.0,68.11,2025-01-03 22:00:00+01:00
2025-01-03 22:00:00+00:00,-10.3,14.6,0.0,68.6,2025-01-03 23:00:00+01:00
2025-01-03 23:00:00+00:00,-10.3,14.8,0.0,51.1,2025-01-04 00:00:00+01:00
2025-01-04 00:00:00+00:00,-9.5,11.8,0.0,47.81,2025-01-04 01:00:00+01:00
2025-01-04 01:00:00+00:00,-9.7,12.6,0.0,44.15,2025-01-04 02:00:00+01:00
2025-01-04 02:00:00+00:00,-9.3,18.2,0.0,44.17,2025-01-04 03:00:00+01:00
2025-01-04 03:00:00+00:00,-8.9,20.1,0.0,42.97,2025-01-04 04:00:00+01:00
2025-01-04 04:00:00+00:00,-8.6,23.0,0.0,43.26,2025-01-04 05:00:00+01:00
2025-01-04 05:00:00+00:00,-8.9,23.8,0.0,58.13,2025-01-04 06:00:00+01:00
2025-01-04 06:00:00+00:00,-9.2,23.2,0.0,84.24,2025-01-04 07:00:00+01:00
2025-01-04 07:00:00+00:00,-8.9,22.2,0.0,100.2,2025-01-04 08:00:00+01:00
2025-01-04 08:00:00+00:00,-8.7,20.5,0.0,105.85,2025-01-04 09:00:00+01:00
2025-01-04 09:00:00+00:00,-8.4,20.3,0.0,106.43,2025-01-04 10:00:00+01:00
2025-01-04 10:00:00+00:00,-7.9,20.2,0.0,105.57,2025-01-04 11:00:00+01:00
2025-01-04 11:00:00+00:00,-7.0,19.3,0.0,103.39,2025-01-04 12:00:00+01:00
2025-01-04 12:00:00+00:00,-6.2,18.2,0.0,78.06,2025-01-04 13:00:00+01:00
2025-01-04 13:00:00+00:00,-7.1,16.7,0.0,112.13,2025-01-04 14:00:00+01:00
2025-01-04 14:00:00+00:00,-7.3,16.5,0.0,136.54,2025-01-04 15:00:00+01:00
2025-01-04 15:00:00+00:00,-7.6,16.8,0.0,144.86,2025-01-04 16:00:00+01:00
2025-01-04 16:00:00+00:00,-7.8,16.7,0.0,149.02,2025-01-04 17:00:00+01:00
2025-01-04 17:00:00+00:00,-8.0,15.7,0.0,142.99,2025-01-04 18:00:00+01:00
2025-01-04 18:00:00+00:00,-8.4,15.1,0.0,136.1,2025-01-04 19:00:00+01:00
2025-01-04 19:00:00+00:00,-8.8,13.9,0.0,119.98,2025-01-04 20:00:00+01:00
2025-01-04 20:00:00+00:00,-9.3,13.4,0.0,116.49,2025-01-04 21:00:00+01:00
2025-01-04 21:00:00+00:00,-9.7,13.8,0.0,75.03,2025-01-04 22:00:00+01:00
2025-01-04 22:00:00+00:00,-9.9,14.1,0.0,62.59,2025-01-04 23:00:00+01:00
2025-01-04 23:00:00+00:00,-10.1,13.9,0.0,55.25,2025-01-05 00:00:00+01:00
2025-01-05 00:00:00+00:00,-10.1,13.7,0.0,55.99,2025-01-05 01:00:00+01:00
2025-01-05 01:00:00+00:00,-10.8,13.5,0.0,56.97,2025-01-05 02:00:00+01:00
2025-01-05 02:00:00+00:00,-11.2,12.8,0.0,58.94,2025-01-05 03:00:00+01:00
2025-01-05 03:00:00+00:00,-11.6,12.8,0.0,67.77,2025-01-05 04:00:00+01:00
2025-01-05 04:00:00+00:00,-12.1,11.9,0.0,69.12,2025-01-05 05:00:00+01:00
2025-01-05 05:00:00+00:00,-12.4,11.7,0.0,82.95,2025-01-05 06:00:00+01:00
2025-01-05 06:00:00+00:00,-12.6,11.9,0.0,83.25,2025-01-05 07:00:00+01:00
2025-01-05 07:00:00+00:00,-12.7,11.7,0.0,86.89,2025-01-05 08:00:00+01:00
2025-01-05 08:00:00+00:00,-12.9,11.2,0.0,91.06,2025-01-05 09:00:00+01:00
2025-01-05 09:00:00+00:00,-12.6,10.2,0.0,85.67,2025-01-05 10:00:00+01:00
2025-01-05 10:00:00+00:00,-12.2,9.5,0.0,91.94,2025-01-05 11:00:00+01:00
2025-01-05 11:00:00+00:00,-11.9,8.8,0.0,84.46,2025-01-05 12:00:00+01:00
2025-01-05 12:00:00+00:00,-11.7,7.7,0.0,79.93,2025-01-05 13:00:00+01:00
2025-01-05 13:00:00+00:00,-10.4,8.7,0.0,69.27,2025-01-05 14:00:00+01:00
2025-01-05 14:00:00+00:00,-11.0,8.6,0.0,52.64,2025-01-05 15:00:00+01:00
2025-01-05 15:00:00+00:00,-11.3,8.6,0.0,51.61,2025-01-05 16:00:00+01:00
2025-01-05 16:00:00+00:00,-11.7,7.5,0.0,67.31,2025-01-05 17:00:00+01:00
2025-01-05 17:00:00+00:00,-12.9,6.4,0.0,64.72,2025-01-05 18:00:00+01:00
2025-01-05 18:00:00+00:00,-13.8,5.7,0.0,51.93,2025-01-05 19:00:00+01:00
2025-01-05 19:00:00+00:00,-14.1,5.6,0.0,37.01,2025-01-05 20:00:00+01:00
2025-01-05 20:00:00+00:00,-14.3,5.5,0.0,37.21,2025-01-05 21:00:00+01:00
2025-01-05 21:00:00+00:00,-13.9,3.1,0.0,34.86,2025-01-05 22:00:00+01:00
2025-01-05 22:00:00+00:00,-13.5,2.4,0.0,27.76,2025-01-05 23:00:00+01:00
2025-01-05 23:00:00+00:00,-13.0,4.5,0.0,27.05,2025-01-06 00:00:00+01:00
2025-01-06 00:00:00+00:00,-11.8,3.8,0.0,23.35,2025-01-06 01:00:00+01:00
2025-01-06 01:00:00+00:00,-10.9,2.7,0.0,19.45,2025-01-06 02:00:00+01:00
2025-01-06 02:00:00+00:00,-10.9,4.4,0.0,16.74,2025-01-06 03:00:00+01:00
2025-01-06 03:00:00+00:00,-10.2,6.3,0.0,15.57,2025-01-06 04:00:00+01:00
2025-01-06 04:00:00+00:00,-8.1,7.8,0.0,14.99,2025-01-06 05:00:00+01:00
2025-01-06 05:00:00+00:00,-7.5,6.6,0.0,24.55,2025-01-06 06:00:00+01:00
2025-01-06 06:00:00+00:00,-5.9,8.8,0.0,30.0,2025-01-06 07:00:00+01:00
2025-01-06 07:00:00+00:00,-4.4,9.4,0.0,37.66,2025-01-06 08:00:00+01:00
2025-01-06 08:00:00+00:00,-2.4,12.2,0.0,35.17,2025-01-06 09:00:00+01:00
2025-01-06 09:00:00+00:00,-0.7,13.1,0.0,34.24,2025-01-06 10:00:00+01:00
2025-01-06 10:00:00+00:00,0.0,15.6,0.0,32.42,2025-01-06 11:00:00+01:00
2025-01-06 11:00:00+00:00,0.6,17.1,0.0,30.5,2025-01-06 12:00:00+01:00
2025-01-06 12:00:00+00:00,0.8,16.4,0.0,28.12,2025-01-06 13:00:00+01:00
2025-01-06 13:00:00+00:00,0.3,18.0,0.0,24.73,2025-01-06 14:00:00+01:00
2025-01-06 14:00:00+00:00,0.1,16.8,0.0,25.49,2025-01-06 15:00:00+01:00
2025-01-06 15:00:00+00:00,0.1,19.3,0.0,26.08,2025-01-06 16:00:00+01:00
2025-01-06 16:00:00+00:00,0.1,20.6,0.0,31.09,2025-01-06 17:00:00+01:00
2025-01-06 17:00:00+00:00,0.2,24.1,0.0,31.05,2025-01-06 18:00:00+01:00
2025-01-06 18:00:00+00:00,0.4,25.0,0.0,27.04,2025-01-06 19:00:00+01:00
2025-01-06 19:00:00+00:00,0.5,26.8,0.0,21.83,2025-01-06 20:00:00+01:00
2025-01-06 20:00:00+00:00,0.6,24.6,0.1,12.82,2025-01-06 21:00:00+01:00
2025-01-06 21:00:00+00:00,0.4,24.1,0.0,14.42,2025-01-06 22:00:00+01:00
2025-01-06 22:00:00+00:00,0.4,24.8,0.0,8.11,2025-01-06 23:00:00+01:00
2025-01-06 23:00:00+00:00,0.4,24.5,0.0,10.0,2025-01-07 00:00:00+01:00
2025-01-07 00:00:00+00:00,0.6,23.6,0.0,6.96,2025-01-07 01:00:00+01:00
2025-01-07 01:00:00+00:00,0.4,24.0,0.0,5.42,2025-01-07 02:00:00+01:00
2025-01-07 02:00:00+00:00,0.7,22.6,0.0,4.35,2025-01-07 03:00:00+01:00
2025-01-07 03:00:00+00:00,0.8,19.7,0.1,5.08,2025-01-07 04:00:00+01:00
2025-01-07 04:00:00+00:00,1.3,9.9,0.1,5.7,2025-01-07 05:00:00+01:00
2025-01-07 05:00:00+00:00,2.8,20.2,0.0,27.85,2025-01-07 06:00:00+01:00
2025-01-07 06:00:00+00:00,2.8,16.2,0.0,36.07,2025-01-07 07:00:00+01:00
2025-01-07 07:00:00+00:00,2.3,16.6,0.0,37.32,2025-01-07 08:00:00+01:00
2025-01-07 08:00:00+00:00,2.1,16.3,0.0,35.0,2025-01-07 09:00:00+01:00
2025-01-07 09:00:00+00:00,2.1,18.9,0.0,34.26,2025-01-07 10:00:00+01:00
2025-01-07 10:00:00+00:00,2.4,19.2,0.0,34.64,2025-01-07 11:00:00+01:00
2025-01-07 11:00:00+00:00,2.6,20.4,0.0,33.27,2025-01-07 12:00:00+01:00
2025-01-07 12:00:00+00:00,2.9,21.6,0.0,33.27,2025-01-07 13:00:00+01:00
2025-01-07 13:00:00+00:00,3.0,23.5,0.0,31.54,2025-01-07 14:00:00+01:00
2025-01-07 14:00:00+00:00,2.9,24.3,0.0,32.44,2025-01-07 15:00:00+01:00
2025-01-07 15:00:00+00:00,2.8,24.1,0.0,29.02,2025-01-07 16:00:00+01:00
2025-01-07 16:00:00+00:00,2.8,25.8,0.0,29.49,2025-01-07 17:00:00+01:00
2025-01-07 17:00:00+00:00,2.6,25.1,0.0,26.87,2025-01-07 18:00:00+01:00
2025-01-07 18:00:00+00:00,2.4,23.5,0.0,20.55,2025-01-07 19:00:00+01:00
2025-01-07 19:00:00+00:00,2.2,22.2,0.0,14.78,2025-01-07 20:00:00+01:00
2025-01-07 20:00:00+00:00,2.0,21.1,0.0,6.15,2025-01-07 21:00:00+01:00
2025-01-07 21:00:00+00:00,1.9,21.6,0.0,4.92,2025-01-07 22:00:00+01:00
2025-01-07 22:00:00+00:00,1.6,20.5,0.0,4.03,2025-01-07 23:00:00+01:00
2025-01-07 23:00:00+00:00,1.3,19.0,0.0,10.01,2025-01-08 00:00:00+01:00
2025-01-08 00:00:00+00:00,0.9,17.0,0.0,10.38,2025-01-08 01:00:00+01:00
2025-01-08 01:00:00+00:00,1.8,18.6,0.0,13.98,2025-01-08 02:00:00+01:00
2025-01-08 02:00:00+00:00,1.7,19.4,0.0,13.41,2025-01-08 03:00:00+01:00
2025-01-08 03:00:00+00:00,1.5,19.6,0.0,16.02,2025-01-08 04:00:00+01:00
2025-01-08 04:00:00+00:00,1.2,18.2,0.0,18.47,2025-01-08 05:00:00+01:00
2025-01-08 05:00:00+00:00,1.0,17.5,0.0,20.63,2025-01-08 06:00:00+01:00
2025-01-08 06:00:00+00:00,0.9,18.4,0.0,41.16,2025-01-08 07:00:00+01:00
2025-01-08 07:00:00+00:00,0.9,18.6,0.0,54.95,2025-01-08 08:00:00+01:00
2025-01-08 08:00:00+00:00,1.0,18.8,0.1,63.36,2025-01-08 09:00:00+01:00
2025-01-08 09:00:00+00:00,1.4,20.6,0.1,67.58,2025-01-08 10:00:00+01:00
2025-01-08 10:00:00+00:00,1.1,18.0,0.1,71.06,2025-01-08 11:00:00+01:00
2025-01-08 11:00:00+00:00,1.2,16.6,0.0,69.97,2025-01-08 12:00:00+01:00
2025-01-08 12:00:00+00:00,1.4,16.4,0.1,75.0,2025-01-08 13:00:00+01:00
2025-01-08 13:00:00+00:00,1.4,16.4,0.2,81.88,2025-01-08 14:00:00+01:00
2025-01-08 14:00:00+00:00,0.9,15.3,0.1,106.54,2025-01-08 15:00:00+01:00
2025-01-08 15:00:00+00:00,1.2,14.6,0.1,133.99,2025-01-08 16:00:00+01:00
2025-01-08 16:00:00+00:00,0.9,11.5,0.1,149.95,2025-01-08 17:00:00+01:00
2025-01-08 17:00:00+00:00,-0.1,8.3,0.0,141.05,2025-01-08 18:00:00+01:00
2025-01-08 18:00:00+00:00,-0.7,6.9,0.0,139.72,2025-01-08 19:00:00+01:00
2025-01-08 19:00:00+00:00,0.3,9.4,0.0,106.31,2025-01-08 20:00:00+01:00
2025-01-08 20:00:00+00:00,0.1,11.1,0.0,93.57,2025-01-08 21:00:00+01:00
2025-01-08 21:00:00+00:00,-1.3,9.8,0.0,75.78,2025-01-08 22:00:00+01:00
2025-01-08 22:00:00+00:00,-2.4,8.6,0.0,49.53,2025-01-08 23:00:00+01:00
2025-01-08 23:00:00+00:00,-3.5,6.9,0.0,32.96,2025-01-09 00:00:00+01:00
2025-01-09 00:00:00+00:00,-3.7,6.1,0.0,30.85,2025-01-09 01:00:00+01:00
2025-01-09 01:00:00+00:00,-2.7,7.0,0.0,30.24,2025-01-09 02:00:00+01:00
2025-01-09 02:00:00+00:00,-3.3,3.7,0.0,30.84,2025-01-09 03:00:00+01:00
2025-01-09 03:00:00+00:00,-4.1,1.5,0.0,32.72,2025-01-09 04:00:00+01:00
2025-01-09 04:00:00+00:00,-5.3,1.4,0.0,43.35,2025-01-09 05:00:00+01:00
2025-01-09 05:00:00+00:00,-5.9,2.2,0.0,68.49,2025-01-09 06:00:00+01:00
2025-01-09 06:00:00+00:00,-6.1,4.9,0.0,148.72,2025-01-09 07:00:00+01:00
2025-01-09 07:00:00+00:00,-5.6,6.1,0.0,162.48,2025-01-09 08:00:00+01:00
2025-01-09 08:00:00+00:00,-5.8,6.2,0.0,154.56,2025-01-09 09:00:00+01:00
2025-01-09 09:00:00+00:00,-5.1,6.6,0.0,145.85,2025-01-09 10:00:00+01:00
2025-01-09 10:00:00+00:00,-5.8,4.9,0.0,142.63,2025-01-09 11:00:00+01:00
2025-01-09 11:00:00+00:00,-5.7,4.0,0.0,130.27,2025-01-09 12:00:00+01:00
2025-01-09 12:00:00+00:00,-6.1,1.4,0.0,123.19,2025-01-09 13:00:00+01:00
2025-01-09 13:00:00+00:00,-2.7,0.8,0.0,126.05,2025-01-09 14:00:00+01:00
2025-01-09 14:00:00+00:00,-4.1,1.4,0.0,131.55,2025-01-09 15:00:00+01:00
2025-01-09 15:00:00+00:00,-4.7,3.8,0.0,133.04,2025-01-09 16:00:00+01:00
2025-01-09 16:00:00+00:00,-4.7,3.9,0.0,135.67,2025-01-09 17:00:00+01:00
2025-01-09 17:00:00+00:00,-4.9,5.8,0.0,139.29,2025-01-09 18:00:00+01:00
2025-01-09 18:00:00+00:00,-5.0,5.9,0.0,127.59,2025-01-09 19:00:00+01:00
2025-01-09 19:00:00+00:00,-5.7,5.2,0.0,119.99,2025-01-09 20:00:00+01:00
2025-01-09 20:00:00+00:00,-5.9,4.4,0.0,102.52,2025-01-09 21:00:00+01:00
2025-01-09 21:00:00+00:00,-5.8,3.5,0.0,97.85,2025-01-09 22:00:00+01:00
2025-01-09 22:00:00+00:00,-5.8,1.8,0.0,68.53,2025-01-09 23:00:00+01:00
2025-01-09 23:00:00+00:00,-5.4,3.3,0.0,67.28,2025-01-10 00:00:00+01:00
2025-01-10 00:00:00+00:00,-5.5,3.2,0.0,54.97,2025-01-10 01:00:00+01:00
2025-01-10 01:00:00+00:00,-2.1,4.7,0.0,51.7,2025-01-10 02:00:00+01:00
2025-01-10 02:00:00+00:00,-2.1,6.3,0.0,48.0,2025-01-10 03:00:00+01:00
2025-01-10 03:00:00+00:00,-2.7,7.1,0.0,49.75,2025-01-10 04:00:00+01:00
2025-01-10 04:00:00+00:00,-3.0,10.2,0.0,58.98,2025-01-10 05:00:00+01:00
2025-01-10 05:00:00+00:00,-1.9,12.3,0.0,97.12,2025-01-10 06:00:00+01:00
2025-01-10 06:00:00+00:00,-0.4,17.9,0.0,124.64,2025-01-10 07:00:00+01:00
2025-01-10 07:00:00+00:00,-0.2,19.9,0.0,140.24,2025-01-10 08:00:00+01:00
2025-01-10 08:00:00+00:00,-0.3,20.4,0.1,136.56,2025-01-10 09:00:00+01:00
2025-01-10 09:00:00+00:00,-0.8,23.7,0.0,123.9,2025-01-10 10:00:00+01:00
2025-01-10 10:00:00+00:00,-1.1,24.0,0.0,114.24,2025-01-10 11:00:00+01:00
2025-01-10 11:00:00+00:00,-0.9,23.7,0.0,108.53,2025-01-10 12:00:00+01:00
2025-01-10 12:00:00+00:00,-0.7,23.7,0.1,105.05,2025-01-10 13:00:00+01:00
2025-01-10 13:00:00+00:00,-1.2,26.2,0.0,109.46,2025-01-10 14:00:00+01:00
2025-01-10 14:00:00+00:00,-1.2,25.1,0.0,125.66,2025-01-10 15:00:00+01:00
2025-01-10 15:00:00+00:00,-1.2,26.5,0.0,130.34,2025-01-10 16:00:00+01:00
2025-01-10 16:00:00+00:00,-1.1,27.8,0.0,138.11,2025-01-10 17:00:00+01:00
2025-01-10 17:00:00+00:00,-0.9,27.6,0.0,135.91,2025-01-10 18:00:00+01:00
2025-01-10 18:00:00+00:00,-0.8,27.9,0.0,96.0,2025-01-10 19:00:00+01:00
2025-01-10 19:00:00+00:00,-0.7,28.7,0.0,54.98,2025-01-10 20:00:00+01:00
2025-01-10 20:00:00+00:00,-0.5,29.3,0.0,45.89,2025-01-10 21:00:00+01:00
2025-01-10 21:00:00+00:00,-0.7,31.4,0.0,40.19,2025-01-10 22:00:00+01:00
2025-01-10 22:00:00+00:00,-0.7,32.5,0.0,33.06,2025-01-10 23:00:00+01:00
2025-01-10 23:00:00+00:00,-0.7,32.8,0.0,27.83,2025-01-11 00:00:00+01:00
2025-01-11 00:00:00+00:00,-0.6,32.6,0.1,21.82,2025-01-11 01:00:00+01:00
2025-01-11 01:00:00+00:00,-0.6,30.5,0.0,17.58,2025-01-11 02:00:00+01:00
2025-01-11 02:00:00+00:00,-0.8,29.8,0.0,10.01,2025-01-11 03:00:00+01:00
2025-01-11 03:00:00+00:00,-0.8,28.8,0.0,17.55,2025-01-11 04:00:00+01:00
2025-01-11 04:00:00+00:00,-0.8,29.1,0.0,24.92,2025-01-11 05:00:00+01:00
2025-01-11 05:00:00+00:00,-1.1,29.5,0.0,27.2,2025-01-11 06:00:00+01:00
2025-01-11 06:00:00+00:00,-1.3,28.5,0.0,35.13,2025-01-11 07:00:00+01:00
2025-01-11 07:00:00+00:00,-1.3,26.8,0.1,38.48,2025-01-11 08:00:00+01:00
2025-01-11 08:00:00+00:00,-1.4,26.8,0.0,40.53,2025-01-11 09:00:00+01:00
2025-01-11 09:00:00+00:00,-1.9,27.1,0.0,41.93,2025-01-11 10:00:00+01:00
2025-01-11 10:00:00+00:00,-2.2,23.0,0.0,42.02,2025-01-11 11:00:00+01:00
2025-01-11 11:00:00+00:00,-2.2,20.2,0.0,41.5,2025-01-11 12:00:00+01:00
2025-01-11 12:00:00+00:00,-2.2,18.4,0.0,43.55,2025-01-11 13:00:00+01:00
2025-01-11 13:00:00+00:00,-1.3,26.7,0.0,43.46,2025-01-11 14:00:00+01:00
2025-01-11 14:00:00+00:00,-1.3,26.9,0.0,44.05,2025-01-11 15:00:00+01:00
2025-01-11 15:00:00+00:00,-1.7,27.2,0.0,46.55,2025-01-11 16:00:00+01:00
2025-01-11 16:00:00+00:00,-2.1,26.5,0.0,50.11,2025-01-11 17:00:00+01:00
2025-01-11 17:00:00+00:00,-2.3,24.7,0.0,46.91,2025-01-11 18:00:00+01:00
2025-01-11 18:00:00+00:00,-2.5,22.9,0.0,44.33,2025-01-11 19:00:00+01:00
2025-01-11 19:00:00+00:00,-2.1,22.5,0.0,42.33,2025-01-11 20:00:00+01:00
2025-01-11 20:00:00+00:00,-1.2,22.7,0.0,42.51,2025-01-11 21:00:00+01:00
2025-01-11 21:00:00+00:00,-1.6,22.7,0.0,40.54,2025-01-11 22:00:00+01:00
2025-01-11 22:00:00+00:00,-1.6,23.0,0.0,35.25,2025-01-11 23:00:00+01:00
2025-01-11 23:00:00+00:00,-1.8,22.0,0.0,30.92,2025-01-12 00:00:00+01:00
2025-01-12 00:00:00+00:00,-2.0,22.0,0.0,26.15,2025-01-12 01:00:00+01:00
2025-01-12 01:00:00+00:00,-1.2,23.0,0.0,25.15,2025-01-12 02:00:00+01:00
2025-01-12 02:00:00+00:00,-1.4,22.5,0.0,30.35,2025-01-12 03:00:00+01:00
2025-01-12 03:00:00+00:00,-1.4,22.3,0.0,34.24,2025-01-12 04:00:00+01:00
2025-01-12 04:00:00+00:00,-1.5,21.1,0.0,35.35,2025-01-12 05:00:00+01:00
2025-01-12 05:00:00+00:00,-2.4,19.8,0.0,35.89,2025-01-12 06:00:00+01:00
2025-01-12 06:00:00+00:00,-2.8,18.7,0.0,36.47,2025-01-12 07:00:00+01:00
2025-01-12 07:00:00+00:00,-3.3,17.3,0.0,39.26,2025-01-12 08:00:00+01:00
2025-01-12 08:00:00+00:00,-3.8,15.2,0.0,53.54,2025-01-12 09:00:00+01:00
2025-01-12 09:00:00+00:00,-4.1,13.7,0.0,69.44,2025-01-12 10:00:00+01:00
2025-01-12 10:00:00+00:00,-4.2,12.0,0.0,80.22,2025-01-12 11:00:00+01:00
2025-01-12 11:00:00+00:00,-4.7,11.4,0.0,71.82,2025-01-12 12:00:00+01:00
2025-01-12 12:00:00+00:00,-5.1,10.3,0.0,67.77,2025-01-12 13:00:00+01:00
2025-01-12 13:00:00+00:00,-4.7,9.8,0.0,88.27,2025-01-12 14:00:00+01:00
2025-01-12 14:00:00+00:00,-5.5,10.6,0.0,107.86,2025-01-12 15:00:00+01:00
2025-01-12 15:00:00+00:00,-6.2,10.6,0.0,130.39,2025-01-12 16:00:00+01:00
2025-01-12 16:00:00+00:00,-6.8,9.7,0.0,138.31,2025-01-12 17:00:00+01:00
2025-01-12 17:00:00+00:00,-7.5,8.8,0.0,146.47,2025-01-12 18:00:00+01:00
2025-01-12 18:00:00+00:00,-7.9,11.3,0.0,121.54,2025-01-12 19:00:00+01:00
2025-01-12 19:00:00+00:00,-8.2,11.8,0.0,104.43,2025-01-12 20:00:00+01:00
2025-01-12 20:00:00+00:00,-8.4,12.2,0.0,104.03,2025-01-12 21:00:00+01:00
2025-01-12 21:00:00+00:00,-8.5,12.8,0.0,72.62,2025-01-12 22:00:00+01:00
2025-01-12 22:00:00+00:00,-8.7,12.5,0.0,42.14,2025-01-12 23:00:00+01:00
2025-01-12 23:00:00+00:00,-8.9,13.0,0.0,32.18,2025-01-13 00:00:00+01:00
2025-01-13 00:00:00+00:00,-8.7,14.1,0.0,32.19,2025-01-13 01:00:00+01:00
2025-01-13 01:00:00+00:00,-6.8,16.9,0.0,29.92,2025-01-13 02:00:00+01:00
2025-01-13 02:00:00+00:00,-6.9,16.9,0.0,26.69,2025-01-13 03:00:00+01:00
2025-01-13 03:00:00+00:00,-6.9,16.7,0.0,25.56,2025-01-13 04:00:00+01:00
2025-01-13 04:00:00+00:00,-6.8,14.7,0.0,30.93,2025-01-13 05:00:00+01:00
2025-01-13 05:00:00+00:00,-6.0,15.5,0.0,33.98,2025-01-13 06:00:00+01:00
2025-01-13 06:00:00+00:00,-5.9,15.9,0.0,50.31,2025-01-13 07:00:00+01:00
2025-01-13 07:00:00+00:00,-5.4,17.5,0.0,65.74,2025-01-13 08:00:00+01:00
2025-01-13 08:00:00+00:00,-4.2,20.0,0.0,34.23,2025-01-13 09:00:00+01:00
2025-01-13 09:00:00+00:00,-3.3,21.0,0.0,27.55,2025-01-13 10:00:00+01:00
2025-01-13 10:00:00+00:00,-2.3,22.3,0.0,26.4,2025-01-13 11:00:00+01:00
2025-01-13 11:00:00+00:00,-1.2,23.4,0.0,25.06,2025-01-13 12:00:00+01:00
2025-01-13 12:00:00+00:00,-0.1,25.0,0.0,21.62,2025-01-13 13:00:00+01:00
2025-01-13 13:00:00+00:00,1.9,26.9,0.0,20.25,2025-01-13 14:00:00+01:00
2025-01-13 14:00:00+00:00,2.3,27.3,0.0,19.68,2025-01-13 15:00:00+01:00
2025-01-13 15:00:00+00:00,2.5,28.5,0.0,19.66,2025-01-13 16:00:00+01:00
2025-01-13 16:00:00+00:00,2.7,28.6,0.0,19.54,2025-01-13 17:00:00+01:00
2025-01-13 17:00:00+00:00,3.0,29.2,0.0,18.31,2025-01-13 18:00:00+01:00
2025-01-13 18:00:00+00:00,3.4,32.8,0.0,16.77,2025-01-13 19:00:00+01:00
2025-01-13 19:00:00+00:00,3.4,32.1,0.0,4.07,2025-01-13 20:00:00+01:00
2025-01-13 20:00:00+00:00,3.5,29.4,0.0,2.02,2025-01-13 21:00:00+01:00
2025-01-13 21:00:00+00:00,3.4,27.0,0.0,1.62,2025-01-13 22:00:00+01:00
2025-01-13 22:00:00+00:00,3.4,26.0,0.0,0.1,2025-01-13 23:00:00+01:00
2025-01-13 23:00:00+00:00,3.5,26.0,0.0,0.0,2025-01-14 00:00:00+01:00
2025-01-14 00:00:00+00:00,3.5,25.5,0.0,0.0,2025-01-14 01:00:00+01:00
2025-01-14 01:00:00+00:00,3.7,24.3,0.1,-0.02,2025-01-14 02:00:00+01:00
2025-01-14 02:00:00+00:00,3.7,24.3,0.2,-0.11,2025-01-14 03:00:00+01:00
2025-01-14 03:00:00+00:00,3.7,25.3,0.0,0.0,2025-01-14 04:00:00+01:00
2025-01-14 04:00:00+00:00,3.6,25.0,0.0,1.06,2025-01-14 05:00:00+01:00
2025-01-14 05:00:00+00:00,3.5,24.5,0.0,1.82,2025-01-14 06:00:00+01:00
2025-01-14 06:00:00+00:00,3.3,22.7,0.0,3.33,2025-01-14 07:00:00+01:00
2025-01-14 07:00:00+00:00,3.2,21.3,0.0,19.08,2025-01-14 08:00:00+01:00
2025-01-14 08:00:00+00:00,3.1,20.4,0.0,19.19,2025-01-14 09:00:00+01:00
2025-01-14 09:00:00+00:00,3.1,21.3,0.0,17.03,2025-01-14 10:00:00+01:00
2025-01-14 10:00:00+00:00,3.1,21.5,0.0,19.09,2025-01-14 11:00:00+01:00
2025-01-14 11:00:00+00:00,3.0,18.7,0.0,19.01,2025-01-14 12:00:00+01:00
2025-01-14 12:00:00+00:00,2.6,15.4,0.0,19.14,2025-01-14 13:00:00+01:00
2025-01-14 13:00:00+00:00,2.8,14.1,0.0,19.97,2025-01-14 14:00:00+01:00
2025-01-14 14:00:00+00:00,2.3,13.0,0.0,21.73,2025-01-14 15:00:00+01:00
2025-01-14 15:00:00+00:00,1.9,13.5,0.0,24.0,2025-01-14 16:00:00+01:00
2025-01-14 16:00:00+00:00,1.7,13.3,0.0,23.68,2025-01-14 17:00:00+01:00
2025-01-14 17:00:00+00:00,1.5,13.8,0.0,23.44,2025-01-14 18:00:00+01:00
2025-01-14 18:00:00+00:00,1.4,13.5,0.0,23.53,2025-01-14 19:00:00+01:00
2025-01-14 19:00:00+00:00,1.1,12.4,0.0,20.26,2025-01-14 20:00:00+01:00
2025-01-14 20:00:00+00:00,1.4,12.9,0.0,21.5,2025-01-14 21:00:00+01:00
2025-01-14 21:00:00+00:00,1.8,13.6,0.0,23.92,2025-01-14 22:00:00+01:00
2025-01-14 22:00:00+00:00,1.6,13.1,0.0,22.04,2025-01-14 23:00:00+01:00
2025-01-14 23:00:00+00:00,1.7,14.4,0.0,22.37,2025-01-15 00:00:00+01:00
2025-01-15 00:00:00+00:00,1.3,13.8,0.0,22.55,2025-01-15 01:00:00+01:00
2025-01-15 01:00:00+00:00,1.1,13.3,0.0,22.82,2025-01-15 02:00:00+01:00
2025-01-15 02:00:00+00:00,0.7,13.3,0.0,34.22,2025-01-15 03:00:00+01:00
2025-01-15 03:00:00+00:00,0.0,10.3,0.0,35.67,2025-01-15 04:00:00+01:00
2025-01-15 04:00:00+00:00,-0.8,9.7,0.0,49.61,2025-01-15 05:00:00+01:00
2025-01-15 05:00:00+00:00,-1.2,10.5,0.0,133.79,2025-01-15 06:00:00+01:00
2025-01-15 06:00:00+00:00,-1.9,7.1,0.0,193.94,2025-01-15 07:00:00+01:00
2025-01-15 07:00:00+00:00,-2.6,8.2,0.0,302.77,2025-01-15 08:00:00+01:00
2025-01-15 08:00:00+00:00,-2.8,6.7,0.0,152.91,2025-01-15 09:00:00+01:00
2025-01-15 09:00:00+00:00,-3.6,1.5,0.0,104.87,2025-01-15 10:00:00+01:00
2025-01-15 10:00:00+00:00,-2.6,5.2,0.0,73.52,2025-01-15 11:00:00+01:00
2025-01-15 11:00:00+00:00,-2.0,6.8,0.0,65.38,2025-01-15 12:00:00+01:00
2025-01-15 12:00:00+00:00,-1.5,8.6,0.0,63.8,2025-01-15 13:00:00+01:00
2025-01-15 13:00:00+00:00,0.4,12.0,0.0,31.84,2025-01-15 14:00:00+01:00
2025-01-15 14:00:00+00:00,0.6,13.2,0.0,30.88,2025-01-15 15:00:00+01:00
2025-01-15 15:00:00+00:00,1.4,14.3,0.0,36.9,2025-01-15 16:00:00+01:00
2025-01-15 16:00:00+00:00,1.7,15.8,0.0,34.75,2025-01-15 17:00:00+01:00
2025-01-15 17:00:00+00:00,2.2,16.4,0.0,25.37,2025-01-15 18:00:00+01:00
2025-01-15 18:00:00+00:00,2.5,17.5,0.0,23.15,2025-01-15 19:00:00+01:00
2025-01-15 19:00:00+00:00,2.5,18.4,0.0,20.82,2025-01-15 20:00:00+01:00
2025-01-15 20:00:00+00:00,2.5,18.6,0.0,19.82,2025-01-15 21:00:00+01:00
2025-01-15 21:00:00+00:00,2.5,17.5,0.0,5.94,2025-01-15 22:00:00+01:00
2025-01-15 22:00:00+00:00,2.4,18.2,0.0,0.16,2025-01-15 23:00:00+01:00
2025-01-15 23:00:00+00:00,2.6,18.3,0.0,-0.11,2025-01-16 00:00:00+01:00
2025-01-16 00:00:00+00:00,2.8,18.4,0.0,-0.19,2025-01-16 01:00:00+01:00
2025-01-16 01:00:00+00:00,3.6,19.1,0.0,-0.19,2025-01-16 02:00:00+01:00
2025-01-16 02:00:00+00:00,3.7,19.2,0.0,-0.18,2025-01-16 03:00:00+01:00
2025-01-16 03:00:00+00:00,3.5,19.4,0.0,-0.19,2025-01-16 04:00:00+01:00
2025-01-16 04:00:00+00:00,3.3,18.7,0.0,1.22,2025-01-16 05:00:00+01:00
2025-01-16 05:00:00+00:00,3.1,19.8,0.0,21.07,2025-01-16 06:00:00+01:00
2025-01-16 06:00:00+00:00,3.1,19.4,0.0,24.91,2025-01-16 07:00:00+01:00
2025-01-16 07:00:00+00:00,2.7,18.4,0.0,40.37,2025-01-16 08:00:00+01:00
2025-01-16 08:00:00+00:00,2.7,18.5,0.0,26.98,2025-01-16 09:00:00+01:00
2025-01-16 09:00:00+00:00,2.7,18.0,0.0,25.52,2025-01-16 10:00:00+01:00
2025-01-16 10:00:00+00:00,3.0,17.6,0.0,24.64,2025-01-16 11:00:00+01:00
2025-01-16 11:00:00+00:00,3.4,17.8,0.0,24.34,2025-01-16 12:00:00+01:00
2025-01-16 12:00:00+00:00,3.4,18.2,0.0,22.54,2025-01-16 13:00:00+01:00
2025-01-16 13:00:00+00:00,4.0,18.6,0.0,22.02,2025-01-16 14:00:00+01:00
2025-01-16 14:00:00+00:00,3.8,18.2,0.0,24.53,2025-01-16 15:00:00+01:00
2025-01-16 15:00:00+00:00,3.5,19.3,0.0,24.82,2025-01-16 16:00:00+01:00
2025-01-16 16:00:00+00:00,3.4,18.7,0.0,27.66,2025-01-16 17:00:00+01:00
2025-01-16 17:00:00+00:00,3.2,18.7,0.0,24.66,2025-01-16 18:00:00+01:00
2025-01-16 18:00:00+00:00,2.9,15.5,0.0,22.45,2025-01-16 19:00:00+01:00
2025-01-16 19:00:00+00:00,2.7,15.3,0.0,21.3,2025-01-16 20:00:00+01:00
2025-01-16 20:00:00+00:00,2.5,14.9,0.0,20.46,2025-01-16 21:00:00+01:00
2025-01-16 21:00:00+00:00,2.1,14.6,0.0,16.72,2025-01-16 22:00:00+01:00
2025-01-16 22:00:00+00:00,1.7,14.9,0.0,7.22,2025-01-16 23:00:00+01:00
2025-01-16 23:00:00+00:00,1.6,14.8,0.0,1.48,2025-01-17 00:00:00+01:00
2025-01-17 00:00:00+00:00,1.6,15.5,0.0,1.13,2025-01-17 01:00:00+01:00
2025-01-17 01:00:00+00:00,3.2,16.4,0.0,1.03,2025-01-17 02:00:00+01:00
2025-01-17 02:00:00+00:00,3.2,17.6,0.0,1.15,2025-01-17 03:00:00+01:00
2025-01-17 03:00:00+00:00,3.0,17.9,0.0,2.15,2025-01-17 04:00:00+01:00
2025-01-17 04:00:00+00:00,3.0,18.3,0.0,3.47,2025-01-17 05:00:00+01:00
2025-01-17 05:00:00+00:00,3.1,18.6,0.0,19.96,2025-01-17 06:00:00+01:00
2025-01-17 06:00:00+00:00,2.8,18.8,0.0,24.94,2025-01-17 07:00:00+01:00
2025-01-17 07:00:00+00:00,2.8,17.4,0.0,28.57,2025-01-17 08:00:00+01:00
2025-01-17 08:00:00+00:00,2.7,16.8,0.0,25.86,2025-01-17 09:00:00+01:00
2025-01-17 09:00:00+00:00,3.5,18.2,0.0,24.33,2025-01-17 10:00:00+01:00
2025-01-17 10:00:00+00:00,4.1,17.9,0.0,21.96,2025-01-17 11:00:00+01:00
2025-01-17 11:00:00+00:00,4.9,19.8,0.0,21.51,2025-01-17 12:00:00+01:00
2025-01-17 12:00:00+00:00,5.5,20.8,0.0,21.2,2025-01-17 13:00:00+01:00
2025-01-17 13:00:00+00:00,5.6,20.2,0.0,21.23,2025-01-17 14:00:00+01:00
2025-01-17 14:00:00+00:00,5.6,23.8,0.0,21.57,2025-01-17 15:00:00+01:00
2025-01-17 15:00:00+00:00,5.6,25.8,0.0,21.94,2025-01-17 16:00:00+01:00
2025-01-17 16:00:00+00:00,5.2,25.8,0.0,21.83,2025-01-17 17:00:00+01:00
2025-01-17 17:00:00+00:00,4.9,29.6,0.0,21.34,2025-01-17 18:00:00+01:00
2025-01-17 18:00:00+00:00,4.4,29.5,0.3,14.12,2025-01-17 19:00:00+01:00
2025-01-17 19:00:00+00:00,4.4,28.0,0.0,2.56,2025-01-17 20:00:00+01:00
2025-01-17 20:00:00+00:00,4.3,25.6,0.0,1.36,2025-01-17 21:00:00+01:00
2025-01-17 21:00:00+00:00,4.3,24.4,0.0,0.0,2025-01-17 22:00:00+01:00
2025-01-17 22:00:00+00:00,4.1,22.6,0.0,-0.2,2025-01-17 23:00:00+01:00
2025-01-17 23:00:00+00:00,4.1,22.0,0.0,-0.19,2025-01-18 00:00:00+01:00
2025-01-18 00:00:00+00:00,3.8,20.2,0.0,-0.19,2025-01-18 01:00:00+01:00
2025-01-18 01:00:00+00:00,4.4,22.9,0.0,-0.19,2025-01-18 02:00:00+01:00
2025-01-18 02:00:00+00:00,3.9,19.4,0.0,-0.18,2025-01-18 03:00:00+01:00
2025-01-18 03:00:00+00:00,3.2,15.8,0.0,0.01,2025-01-18 04:00:00+01:00
2025-01-18 04:00:00+00:00,2.5,12.0,0.0,1.98,2025-01-18 05:00:00+01:00
2025-01-18 05:00:00+00:00,1.8,10.1,0.0,19.69,2025-01-18 06:00:00+01:00
2025-01-18 06:00:00+00:00,1.4,10.9,0.0,21.51,2025-01-18 07:00:00+01:00
2025-01-18 07:00:00+00:00,1.2,10.9,0.0,23.02,2025-01-18 08:00:00+01:00
2025-01-18 08:00:00+00:00,0.9,9.9,0.0,24.42,2025-01-18 09:00:00+01:00
2025-01-18 09:00:00+00:00,1.2,8.8,0.0,25.01,2025-01-18 10:00:00+01:00
2025-01-18 10:00:00+00:00,1.7,9.0,0.0,25.0,2025-01-18 11:00:00+01:00
2025-01-18 11:00:00+00:00,2.1,9.5,0.0,24.66,2025-01-18 12:00:00+01:00
2025-01-18 12:00:00+00:00,2.2,9.9,0.0,24.28,2025-01-18 13:00:00+01:00
2025-01-18 13:00:00+00:00,3.2,12.3,0.0,24.54,2025-01-18 14:00:00+01:00
2025-01-18 14:00:00+00:00,2.7,13.3,0.0,25.23,2025-01-18 15:00:00+01:00
2025-01-18 15:00:00+00:00,2.2,14.1,0.0,25.86,2025-01-18 16:00:00+01:00
2025-01-18 16:00:00+00:00,1.8,13.5,0.0,26.01,2025-01-18 17:00:00+01:00
2025-01-18 17:00:00+00:00,1.7,12.4,0.0,25.84,2025-01-18 18:00:00+01:00
2025-01-18 18:00:00+00:00,1.5,12.6,0.0,24.94,2025-01-18 19:00:00+01:00
2025-01-18 19:00:00+00:00,1.4,14.0,0.0,24.13,2025-01-18 20:00:00+01:00
2025-01-18 20:00:00+00:00,1.5,15.9,0.0,25.71,2025-01-18 21:00:00+01:00
2025-01-18 21:00:00+00:00,2.3,17.1,0.0,30.95,2025-01-18 22:00:00+01:00
2025-01-18 22:00:00+00:00,3.0,16.6,0.0,22.18,2025-01-18 23:00:00+01:00
2025-01-18 23:00:00+00:00,3.5,16.7,0.0,27.2,2025-01-19 00:00:00+01:00
2025-01-19 00:00:00+00:00,3.7,18.2,0.0,17.64,2025-01-19 01:00:00+01:00
2025-01-19 01:00:00+00:00,4.1,17.0,0.0,15.71,2025-01-19 02:00:00+01:00
2025-01-19 02:00:00+00:00,3.9,17.5,0.0,17.16,2025-01-19 03:00:00+01:00
2025-01-19 03:00:00+00:00,3.5,18.5,0.0,15.23,2025-01-19 04:00:00+01:00
2025-01-19 04:00:00+00:00,3.1,19.3,0.0,17.27,2025-01-19 05:00:00+01:00
2025-01-19 05:00:00+00:00,3.0,19.3,0.0,18.44,2025-01-19 06:00:00+01:00
2025-01-19 06:00:00+00:00,2.8,20.0,0.0,21.76,2025-01-19 07:00:00+01:00
2025-01-19 07:00:00+00:00,2.3,20.3,0.0,22.32,2025-01-19 08:00:00+01:00
2025-01-19 08:00:00+00:00,1.9,20.4,0.0,23.63,2025-01-19 09:00:00+01:00
2025-01-19 09:00:00+00:00,1.8,19.8,0.0,24.34,2025-01-19 10:00:00+01:00
2025-01-19 10:00:00+00:00,2.0,19.8,0.0,24.62,2025-01-19 11:00:00+01:00
2025-01-19 11:00:00+00:00,2.1,19.7,0.0,24.67,2025-01-19 12:00:00+01:00
2025-01-19 12:00:00+00:00,2.3,18.7,0.0,24.76,2025-01-19 13:00:00+01:00
2025-01-19 13:00:00+00:00,2.7,16.4,0.0,25.09,2025-01-19 14:00:00+01:00
2025-01-19 14:00:00+00:00,2.0,14.7,0.0,26.51,2025-01-19 15:00:00+01:00
2025-01-19 15:00:00+00:00,1.3,13.4,0.0,47.93,2025-01-19 16:00:00+01:00
2025-01-19 16:00:00+00:00,0.8,11.8,0.0,67.59,2025-01-19 17:00:00+01:00
2025-01-19 17:00:00+00:00,0.4,10.9,0.0,77.37,2025-01-19 18:00:00+01:00
2025-01-19 18:00:00+00:00,0.1,11.1,0.0,70.15,2025-01-19 19:00:00+01:00
2025-01-19 19:00:00+00:00,-0.2,10.8,0.0,38.23,2025-01-19 20:00:00+01:00
2025-01-19 20:00:00+00:00,-0.4,10.0,0.0,28.95,2025-01-19 21:00:00+01:00
2025-01-19 21:00:00+00:00,-0.7,7.9,0.0,26.96,2025-01-19 22:00:00+01:00
2025-01-19 22:00:00+00:00,-1.0,6.2,0.0,25.83,2025-01-19 23:00:00+01:00
2025-01-19 23:00:00+00:00,-1.6,5.2,0.0,32.87,2025-01-20 00:00:00+01:00
2025-01-20 00:00:00+00:00,-1.4,3.7,0.0,31.69,2025-01-20 01:00:00+01:00
2025-01-20 01:00:00+00:00,-1.6,1.9,0.0,32.61,2025-01-20 02:00:00+01:00
2025-01-20 02:00:00+00:00,-1.6,1.5,0.0,32.0,2025-01-20 03:00:00+01:00
2025-01-20 03:00:00+00:00,-1.6,1.5,0.0,33.45,2025-01-20 04:00:00+01:00
2025-01-20 04:00:00+00:00,-1.6,2.2,0.0,49.74,2025-01-20 05:00:00+01:00
2025-01-20 05:00:00+00:00,-1.7,4.3,0.0,84.22,2025-01-20 06:00:00+01:00
2025-01-20 06:00:00+00:00,-1.6,4.6,0.0,244.78,2025-01-20 07:00:00+01:00
2025-01-20 07:00:00+00:00,-1.6,5.3,0.0,393.38,2025-01-20 08:00:00+01:00
2025-01-20 08:00:00+00:00,-0.5,7.2,0.0,277.38,2025-01-20 09:00:00+01:00
2025-01-20 09:00:00+00:00,0.5,9.5,0.0,228.59,2025-01-20 10:00:00+01:00
2025-01-20 10:00:00+00:00,1.4,9.3,0.0,182.88,2025-01-20 11:00:00+01:00
2025-01-20 11:00:00+00:00,2.0,9.2,0.0,171.21,2025-01-20 12:00:00+01:00
2025-01-20 12:00:00+00:00,2.3,9.3,0.0,166.3,2025-01-20 13:00:00+01:00
2025-01-20 13:00:00+00:00,1.3,9.9,0.0,189.33,2025-01-20 14:00:00+01:00
2025-01-20 14:00:00+00:00,1.2,9.8,0.0,274.78,2025-01-20 15:00:00+01:00
2025-01-20 15:00:00+00:00,1.1,9.5,0.0,326.62,2025-01-20 16:00:00+01:00
2025-01-20 16:00:00+00:00,0.8,7.7,0.0,325.03,2025-01-20 17:00:00+01:00
2025-01-20 17:00:00+00:00,0.9,9.0,0.0,225.96,2025-01-20 18:00:00+01:00
2025-01-20 18:00:00+00:00,1.2,10.6,0.0,171.12,2025-01-20 19:00:00+01:00
2025-01-20 19:00:00+00:00,1.4,12.4,0.0,104.66,2025-01-20 20:00:00+01:00
2025-01-20 20:00:00+00:00,1.5,13.1,0.0,95.2,2025-01-20 21:00:00+01:00
2025-01-20 21:00:00+00:00,1.5,14.6,0.1,52.04,2025-01-20 22:00:00+01:00
2025-01-20 22:00:00+00:00,1.5,14.0,0.1,40.17,2025-01-20 23:00:00+01:00
2025-01-20 23:00:00+00:00,1.4,9.9,0.0,35.08,2025-01-21 00:00:00+01:00
2025-01-21 00:00:00+00:00,1.1,9.5,0.3,36.38,2025-01-21 01:00:00+01:00
2025-01-21 01:00:00+00:00,1.4,10.9,0.1,35.89,2025-01-21 02:00:00+01:00
2025-01-21 02:00:00+00:00,1.3,11.7,0.1,34.76,2025-01-21 03:00:00+01:00
2025-01-21 03:00:00+00:00,1.6,14.1,0.1,36.54,2025-01-21 04:00:00+01:00
2025-01-21 04:00:00+00:00,1.4,11.8,0.0,41.33,2025-01-21 05:00:00+01:00
2025-01-21 05:00:00+00:00,1.4,11.6,0.0,49.0,2025-01-21 06:00:00+01:00
2025-01-21 06:00:00+00:00,1.4,12.4,0.0,112.22,2025-01-21 07:00:00+01:00
2025-01-21 07:00:00+00:00,1.5,12.6,0.0,160.01,2025-01-21 08:00:00+01:00
2025-01-21 08:00:00+00:00,1.6,12.7,0.0,149.97,2025-01-21 09:00:00+01:00
2025-01-21 09:00:00+00:00,1.8,11.8,0.0,146.22,2025-01-21 10:00:00+01:00
2025-01-21 10:00:00+00:00,1.9,11.6,0.0,112.15,2025-01-21 11:00:00+01:00
2025-01-21 11:00:00+00:00,2.1,10.5,0.0,104.44,2025-01-21 12:00:00+01:00
2025-01-21 12:00:00+00:00,2.0,9.6,0.0,98.53,2025-01-21 13:00:00+01:00
2025-01-21 13:00:00+00:00,1.9,10.8,0.0,97.91,2025-01-21 14:00:00+01:00
2025-01-21 14:00:00+00:00,1.7,10.8,0.0,108.59,2025-01-21 15:00:00+01:00
2025-01-21 15:00:00+00:00,1.6,8.9,0.0,120.9,2025-01-21 16:00:00+01:00
2025-01-21 16:00:00+00:00,1.5,7.3,0.0,156.53,2025-01-21 17:00:00+01:00
2025-01-21 17:00:00+00:00,1.4,7.9,0.0,129.95,2025-01-21 18:00:00+01:00
2025-01-21 18:00:00+00:00,1.4,7.2,0.0,86.84,2025-01-21 19:00:00+01:00
2025-01-21 19:00:00+00:00,1.3,3.8,0.0,61.07,2025-01-21 20:00:00+01:00
2025-01-21 20:00:00+00:00,1.0,8.7,0.1,56.44,2025-01-21 21:00:00+01:00
2025-01-21 21:00:00+00:00,0.7,11.3,0.1,44.6,2025-01-21 22:00:00+01:00
2025-01-21 22:00:00+00:00,0.2,9.8,0.0,30.56,2025-01-21 23:00:00+01:00
2025-01-21 23:00:00+00:00,-0.2,8.8,0.0,33.62,2025-01-22 00:00:00+01:00
2025-01-22 00:00:00+00:00,0.3,9.5,0.0,31.53,2025-01-22 01:00:00+01:00
2025-01-22 01:00:00+00:00,0.5,8.7,0.0,30.27,2025-01-22 02:00:00+01:00
2025-01-22 02:00:00+00:00,0.8,9.2,0.0,30.91,2025-01-22 03:00:00+01:00
2025-01-22 03:00:00+00:00,1.1,11.0,0.0,31.73,2025-01-22 04:00:00+01:00
2025-01-22 04:00:00+00:00,1.3,11.7,0.0,37.37,2025-01-22 05:00:00+01:00
2025-01-22 05:00:00+00:00,1.1,12.0,0.0,68.19,2025-01-22 06:00:00+01:00
2025-01-22 06:00:00+00:00,1.3,12.4,0.0,150.3,2025-01-22 07:00:00+01:00
2025-01-22 07:00:00+00:00,1.3,11.5,0.0,157.94,2025-01-22 08:00:00+01:00
2025-01-22 08:00:00+00:00,1.4,10.1,0.0,181.66,2025-01-22 09:00:00+01:00
2025-01-22 09:00:00+00:00,1.4,9.3,0.0,173.51,2025-01-22 10:00:00+01:00
2025-01-22 10:00:00+00:00,1.8,9.0,0.1,167.58,2025-01-22 11:00:00+01:00
2025-01-22 11:00:00+00:00,1.6,8.6,0.2,160.22,2025-01-22 12:00:00+01:00
2025-01-22 12:00:00+00:00,2.0,10.4,0.1,165.07,2025-01-22 13:00:00+01:00
2025-01-22 13:00:00+00:00,2.3,9.4,0.1,174.7,2025-01-22 14:00:00+01:00
2025-01-22 14:00:00+00:00,2.3,9.5,0.0,189.99,2025-01-22 15:00:00+01:00
2025-01-22 15:00:00+00:00,2.3,10.5,0.1,193.27,2025-01-22 16:00:00+01:00
2025-01-22 16:00:00+00:00,2.3,10.8,0.2,202.93,2025-01-22 17:00:00+01:00
2025-01-22 17:00:00+00:00,2.2,10.9,0.3,175.19,2025-01-22 18:00:00+01:00
2025-01-22 18:00:00+00:00,2.1,11.2,0.1,162.23,2025-01-22 19:00:00+01:00
2025-01-22 19:00:00+00:00,2.1,11.6,0.0,129.99,2025-01-22 20:00:00+01:00
2025-01-22 20:00:00+00:00,1.9,12.3,0.0,123.82,2025-01-22 21:00:00+01:00
2025-01-22 21:00:00+00:00,1.8,12.1,0.0,103.58,2025-01-22 22:00:00+01:00
2025-01-22 22:00:00+00:00,1.4,12.0,0.0,58.51,2025-01-22 23:00:00+01:00
2025-01-22 23:00:00+00:00,0.9,11.2,0.0,49.46,2025-01-23 00:00:00+01:00
2025-01-23 00:00:00+00:00,1.1,9.3,0.1,39.46,2025-01-23 01:00:00+01:00
2025-01-23 01:00:00+00:00,1.3,8.0,0.0,37.86,2025-01-23 02:00:00+01:00
2025-01-23 02:00:00+00:00,1.3,7.8,0.1,37.86,2025-01-23 03:00:00+01:00
2025-01-23 03:00:00+00:00,1.3,6.8,0.1,37.83,2025-01-23 04:00:00+01:00
2025-01-23 04:00:00+00:00,1.3,6.7,0.3,38.14,2025-01-23 05:00:00+01:00
2025-01-23 05:00:00+00:00,1.5,7.7,0.2,90.49,2025-01-23 06:00:00+01:00
2025-01-23 06:00:00+00:00,1.6,10.2,0.1,133.72,2025-01-23 07:00:00+01:00
2025-01-23 07:00:00+00:00,1.5,10.8,0.1,155.25,2025-01-23 08:00:00+01:00
2025-01-23 08:00:00+00:00,1.4,12.3,0.2,140.91,2025-01-23 09:00:00+01:00
2025-01-23 09:00:00+00:00,1.4,12.9,0.3,115.86,2025-01-23 10:00:00+01:00
2025-01-23 10:00:00+00:00,2.1,15.0,0.1,109.53,2025-01-23 11:00:00+01:00
2025-01-23 11:00:00+00:00,2.6,17.1,0.1,92.68,2025-01-23 12:00:00+01:00
2025-01-23 12:00:00+00:00,2.4,19.1,0.1,84.51,2025-01-23 13:00:00+01:00
2025-01-23 13:00:00+00:00,2.4,18.8,0.1,73.06,2025-01-23 14:00:00+01:00
2025-01-23 14:00:00+00:00,2.2,19.5,0.0,65.18,2025-01-23 15:00:00+01:00
2025-01-23 15:00:00+00:00,2.0,20.2,0.1,83.22,2025-01-23 16:00:00+01:00
2025-01-23 16:00:00+00:00,2.0,20.7,0.1,89.23,2025-01-23 17:00:00+01:00
2025-01-23 17:00:00+00:00,1.9,22.3,0.5,81.3,2025-01-23 18:00:00+01:00
2025-01-23 18:00:00+00:00,1.5,22.1,0.8,68.46,2025-01-23 19:00:00+01:00
2025-01-23 19:00:00+00:00,1.4,22.8,0.7,53.93,2025-01-23 20:00:00+01:00
2025-01-23 20:00:00+00:00,1.4,21.6,0.6,40.28,2025-01-23 21:00:00+01:00
2025-01-23 21:00:00+00:00,1.3,18.9,0.6,26.38,2025-01-23 22:00:00+01:00
2025-01-23 22:00:00+00:00,1.1,17.2,0.4,25.36,2025-01-23 23:00:00+01:00
2025-01-23 23:00:00+00:00,1.2,16.0,0.1,24.17,2025-01-24 00:00:00+01:00
2025-01-24 00:00:00+00:00,1.7,14.5,0.0,23.76,2025-01-24 01:00:00+01:00
2025-01-24 01:00:00+00:00,1.8,15.0,0.0,23.61,2025-01-24 02:00:00+01:00
2025-01-24 02:00:00+00:00,2.0,15.1,0.0,23.54,2025-01-24 03:00:00+01:00
2025-01-24 03:00:00+00:00,1.8,17.1,0.0,23.42,2025-01-24 04:00:00+01:00
2025-01-24 04:00:00+00:00,1.5,17.2,0.0,24.71,2025-01-24 05:00:00+01:00
2025-01-24 05:00:00+00:00,1.6,17.0,0.0,27.99,2025-01-24 06:00:00+01:00
2025-01-24 06:00:00+00:00,1.6,15.4,0.0,56.67,2025-01-24 07:00:00+01:00
2025-01-24 07:00:00+00:00,1.9,15.9,0.0,68.93,2025-01-24 08:00:00+01:00
2025-01-24 08:00:00+00:00,1.7,17.9,0.0,54.61,2025-01-24 09:00:00+01:00
2025-01-24 09:00:00+00:00,2.2,17.2,0.0,47.18,2025-01-24 10:00:00+01:00
2025-01-24 10:00:00+00:00,2.7,15.3,0.0,42.17,2025-01-24 11:00:00+01:00
2025-01-24 11:00:00+00:00,3.0,12.9,0.0,36.78,2025-01-24 12:00:00+01:00
2025-01-24 12:00:00+00:00,3.4,16.5,0.0,35.8,2025-01-24 13:00:00+01:00
2025-01-24 13:00:00+00:00,3.4,16.8,0.0,31.02,2025-01-24 14:00:00+01:00
2025-01-24 14:00:00+00:00,3.2,16.1,0.0,28.7,2025-01-24 15:00:00+01:00
2025-01-24 15:00:00+00:00,3.0,17.1,0.0,28.42,2025-01-24 16:00:00+01:00
2025-01-24 16:00:00+00:00,3.2,17.7,0.0,25.88,2025-01-24 17:00:00+01:00
2025-01-24 17:00:00+00:00,3.2,19.6,0.0,24.34,2025-01-24 18:00:00+01:00
2025-01-24 18:00:00+00:00,2.9,20.9,0.0,22.21,2025-01-24 19:00:00+01:00
2025-01-24 19:00:00+00:00,3.0,22.7,0.0,21.28,2025-01-24 20:00:00+01:00
2025-01-24 20:00:00+00:00,3.2,24.9,0.2,17.3,2025-01-24 21:00:00+01:00
2025-01-24 21:00:00+00:00,2.5,26.5,0.9,7.16,2025-01-24 22:00:00+01:00
2025-01-24 22:00:00+00:00,2.9,29.0,1.0,3.89,2025-01-24 23:00:00+01:00
2025-01-24 23:00:00+00:00,3.2,28.3,1.0,2.82,2025-01-25 00:00:00+01:00
2025-01-25 00:00:00+00:00,3.5,25.4,0.2,2.23,2025-01-25 01:00:00+01:00
2025-01-25 01:00:00+00:00,4.0,21.6,0.0,1.02,2025-01-25 02:00:00+01:00
2025-01-25 02:00:00+00:00,3.5,22.8,0.0,0.74,2025-01-25 03:00:00+01:00
2025-01-25 03:00:00+00:00,3.5,22.4,0.0,0.68,2025-01-25 04:00:00+01:00
2025-01-25 04:00:00+00:00,3.4,22.2,0.0,0.41,2025-01-25 05:00:00+01:00
2025-01-25 05:00:00+00:00,3.3,22.2,0.0,1.04,2025-01-25 06:00:00+01:00
2025-01-25 06:00:00+00:00,3.4,22.1,0.0,2.13,2025-01-25 07:00:00+01:00
2025-01-25 07:00:00+00:00,3.6,22.2,0.0,2.85,2025-01-25 08:00:00+01:00
2025-01-25 08:00:00+00:00,3.8,23.7,0.0,3.28,2025-01-25 09:00:00+01:00
2025-01-25 09:00:00+00:00,4.1,23.8,0.0,10.09,2025-01-25 10:00:00+01:00
2025-01-25 10:00:00+00:00,4.5,23.0,0.0,16.84,2025-01-25 11:00:00+01:00
2025-01-25 11:00:00+00:00,4.9,20.9,0.0,18.66,2025-01-25 12:00:00+01:00
2025-01-25 12:00:00+00:00,5.3,20.1,0.0,18.35,2025-01-25 13:00:00+01:00
2025-01-25 13:00:00+00:00,5.0,18.6,0.0,18.31,2025-01-25 14:00:00+01:00
2025-01-25 14:00:00+00:00,4.8,18.4,0.0,18.36,2025-01-25 15:00:00+01:00
2025-01-25 15:00:00+00:00,4.3,19.3,0.0,19.08,2025-01-25 16:00:00+01:00
2025-01-25 16:00:00+00:00,4.2,20.3,0.0,19.99,2025-01-25 17:00:00+01:00
2025-01-25 17:00:00+00:00,4.4,20.3,0.0,18.9,2025-01-25 18:00:00+01:00
2025-01-25 18:00:00+00:00,4.1,21.4,0.0,18.23,2025-01-25 19:00:00+01:00
2025-01-25 19:00:00+00:00,4.2,20.7,0.0,14.13,2025-01-25 20:00:00+01:00
2025-01-25 20:00:00+00:00,3.9,19.0,0.0,3.5,2025-01-25 21:00:00+01:00
2025-01-25 21:00:00+00:00,3.3,18.5,0.0,1.34,2025-01-25 22:00:00+01:00
2025-01-25 22:00:00+00:00,2.9,19.1,0.0,0.05,2025-01-25 23:00:00+01:00
2025-01-25 23:00:00+00:00,2.7,20.6,0.0,1.07,2025-01-26 00:00:00+01:00
2025-01-26 00:00:00+00:00,2.7,21.6,0.0,1.07,2025-01-26 01:00:00+01:00
2025-01-26 01:00:00+00:00,3.2,22.1,0.0,1.24,2025-01-26 02:00:00+01:00
2025-01-26 02:00:00+00:00,3.5,21.5,0.0,1.34,2025-01-26 03:00:00+01:00
2025-01-26 03:00:00+00:00,3.4,20.7,0.0,1.97,2025-01-26 04:00:00+01:00
2025-01-26 04:00:00+00:00,3.3,20.0,0.0,6.36,2025-01-26 05:00:00+01:00
2025-01-26 05:00:00+00:00,3.0,19.1,0.0,16.23,2025-01-26 06:00:00+01:00
2025-01-26 06:00:00+00:00,2.8,19.0,0.0,18.61,2025-01-26 07:00:00+01:00
2025-01-26 07:00:00+00:00,2.6,18.6,0.0,18.88,2025-01-26 08:00:00+01:00
2025-01-26 08:00:00+00:00,2.4,16.9,0.0,19.55,2025-01-26 09:00:00+01:00
2025-01-26 09:00:00+00:00,2.7,14.7,0.0,20.03,2025-01-26 10:00:00+01:00
2025-01-26 10:00:00+00:00,3.3,14.8,0.0,20.43,2025-01-26 11:00:00+01:00
2025-01-26 11:00:00+00:00,3.7,14.7,0.0,21.49,2025-01-26 12:00:00+01:00
2025-01-26 12:00:00+00:00,3.8,13.1,0.0,21.87,2025-01-26 13:00:00+01:00
2025-01-26 13:00:00+00:00,3.5,8.5,0.0,23.55,2025-01-26 14:00:00+01:00
2025-01-26 14:00:00+00:00,2.7,6.7,0.0,29.84,2025-01-26 15:00:00+01:00
2025-01-26 15:00:00+00:00,1.6,5.1,0.0,33.54,2025-01-26 16:00:00+01:00
2025-01-26 16:00:00+00:00,1.4,5.4,0.0,40.01,2025-01-26 17:00:00+01:00
2025-01-26 17:00:00+00:00,1.1,5.8,0.0,43.56,2025-01-26 18:00:00+01:00
2025-01-26 18:00:00+00:00,0.9,5.9,0.0,43.42,2025-01-26 19:00:00+01:00
2025-01-26 19:00:00+00:00,0.7,6.9,0.0,41.0,2025-01-26 20:00:00+01:00
2025-01-26 20:00:00+00:00,0.6,5.5,0.0,43.94,2025-01-26 21:00:00+01:00
2025-01-26 21:00:00+00:00,0.2,1.7,0.0,37.59,2025-01-26 22:00:00+01:00
2025-01-26 22:00:00+00:00,0.1,0.6,0.0,27.35,2025-01-26 23:00:00+01:00
2025-01-26 23:00:00+00:00,-0.8,1.5,0.0,39.42,2025-01-27 00:00:00+01:00
2025-01-27 00:00:00+00:00,-1.2,2.3,0.0,34.85,2025-01-27 01:00:00+01:00
2025-01-27 01:00:00+00:00,-1.9,2.3,0.0,26.85,2025-01-27 02:00:00+01:00
2025-01-27 02:00:00+00:00,-2.0,3.1,0.0,13.88,2025-01-27 03:00:00+01:00
2025-01-27 03:00:00+00:00,-2.0,2.8,0.0,9.71,2025-01-27 04:00:00+01:00
2025-01-27 04:00:00+00:00,-1.6,3.1,0.0,20.86,2025-01-27 05:00:00+01:00
2025-01-27 05:00:00+00:00,-1.9,1.3,0.0,34.03,2025-01-27 06:00:00+01:00
2025-01-27 06:00:00+00:00,-2.2,3.2,0.0,61.75,2025-01-27 07:00:00+01:00
2025-01-27 07:00:00+00:00,-2.3,3.8,0.0,70.8,2025-01-27 08:00:00+01:00
2025-01-27 08:00:00+00:00,-2.2,3.3,0.0,56.84,2025-01-27 09:00:00+01:00
2025-01-27 09:00:00+00:00,-1.9,4.2,0.0,46.22,2025-01-27 10:00:00+01:00
2025-01-27 10:00:00+00:00,-1.2,9.2,0.0,39.95,2025-01-27 11:00:00+01:00
2025-01-27 11:00:00+00:00,-0.2,9.6,0.0,36.76,2025-01-27 12:00:00+01:00
2025-01-27 12:00:00+00:00,0.5,7.7,0.0,38.01,2025-01-27 13:00:00+01:00
2025-01-27 13:00:00+00:00,1.1,11.3,0.0,44.88,2025-01-27 14:00:00+01:00
2025-01-27 14:00:00+00:00,1.3,14.5,0.0,47.33,2025-01-27 15:00:00+01:00
2025-01-27 15:00:00+00:00,1.5,16.6,0.0,46.16,2025-01-27 16:00:00+01:00
2025-01-27 16:00:00+00:00,1.8,18.4,0.1,45.94,2025-01-27 17:00:00+01:00
2025-01-27 17:00:00+00:00,1.2,20.2,0.4,46.22,2025-01-27 18:00:00+01:00
2025-01-27 18:00:00+00:00,1.1,20.7,0.7,44.45,2025-01-27 19:00:00+01:00
2025-01-27 19:00:00+00:00,1.8,20.8,0.7,36.82,2025-01-27 20:00:00+01:00
2025-01-27 20:00:00+00:00,2.4,18.9,0.3,33.22,2025-01-27 21:00:00+01:00
2025-01-27 21:00:00+00:00,2.6,17.1,0.1,30.17,2025-01-27 22:00:00+01:00
2025-01-27 22:00:00+00:00,2.7,15.2,0.0,23.95,2025-01-27 23:00:00+01:00
2025-01-27 23:00:00+00:00,2.3,12.6,0.0,22.28,2025-01-28 00:00:00+01:00
2025-01-28 00:00:00+00:00,1.7,11.5,0.0,22.07,2025-01-28 01:00:00+01:00
2025-01-28 01:00:00+00:00,2.7,11.5,0.0,22.3,2025-01-28 02:00:00+01:00
2025-01-28 02:00:00+00:00,1.4,9.3,0.0,22.78,2025-01-28 03:00:00+01:00
2025-01-28 03:00:00+00:00,0.9,9.3,0.0,23.11,2025-01-28 04:00:00+01:00
2025-01-28 04:00:00+00:00,0.5,7.6,0.0,27.59,2025-01-28 05:00:00+01:00
2025-01-28 05:00:00+00:00,0.2,8.5,0.0,32.02,2025-01-28 06:00:00+01:00
2025-01-28 06:00:00+00:00,0.7,6.7,0.0,70.01,2025-01-28 07:00:00+01:00
2025-01-28 07:00:00+00:00,1.1,3.5,0.0,76.82,2025-01-28 08:00:00+01:00
2025-01-28 08:00:00+00:00,1.2,2.9,0.0,81.68,2025-01-28 09:00:00+01:00
2025-01-28 09:00:00+00:00,1.6,6.5,0.0,87.03,2025-01-28 10:00:00+01:00
2025-01-28 10:00:00+00:00,2.0,8.2,0.0,94.37,2025-01-28 11:00:00+01:00
2025-01-28 11:00:00+00:00,2.2,7.9,0.0,88.14,2025-01-28 12:00:00+01:00
2025-01-28 12:00:00+00:00,2.7,7.9,0.2,96.88,2025-01-28 13:00:00+01:00
2025-01-28 13:00:00+00:00,2.7,8.5,0.0,109.44,2025-01-28 14:00:00+01:00
2025-01-28 14:00:00+00:00,2.8,8.1,0.0,105.56,2025-01-28 15:00:00+01:00
2025-01-28 15:00:00+00:00,2.5,8.7,0.0,126.5,2025-01-28 16:00:00+01:00
2025-01-28 16:00:00+00:00,2.6,9.3,0.0,125.61,2025-01-28 17:00:00+01:00
2025-01-28 17:00:00+00:00,2.4,8.4,0.0,117.01,2025-01-28 18:00:00+01:00
2025-01-28 18:00:00+00:00,2.4,7.2,0.0,105.08,2025-01-28 19:00:00+01:00
2025-01-28 19:00:00+00:00,2.2,5.9,0.0,79.75,2025-01-28 20:00:00+01:00
2025-01-28 20:00:00+00:00,2.0,3.2,0.0,65.46,2025-01-28 21:00:00+01:00
2025-01-28 21:00:00+00:00,2.0,1.3,0.0,49.83,2025-01-28 22:00:00+01:00
2025-01-28 22:00:00+00:00,1.8,5.2,0.0,41.37,2025-01-28 23:00:00+01:00
2025-01-28 23:00:00+00:00,1.9,8.5,0.0,42.95,2025-01-29 00:00:00+01:00
2025-01-29 00:00:00+00:00,2.1,9.8,1.0,41.83,2025-01-29 01:00:00+01:00
2025-01-29 01:00:00+00:00,3.1,11.3,0.6,41.33,2025-01-29 02:00:00+01:00
2025-01-29 02:00:00+00:00,3.2,11.0,1.1,41.08,2025-01-29 03:00:00+01:00
2025-01-29 03:00:00+00:00,3.4,11.5,1.0,41.67,2025-01-29 04:00:00+01:00
2025-01-29 04:00:00+00:00,3.7,12.2,1.1,42.83,2025-01-29 05:00:00+01:00
2025-01-29 05:00:00+00:00,3.9,13.8,1.4,65.33,2025-01-29 06:00:00+01:00
2025-01-29 06:00:00+00:00,3.8,14.6,1.8,138.52,2025-01-29 07:00:00+01:00
2025-01-29 07:00:00+00:00,3.5,13.7,1.4,143.71,2025-01-29 08:00:00+01:00
2025-01-29 08:00:00+00:00,3.4,14.1,1.1,129.43,2025-01-29 09:00:00+01:00
2025-01-29 09:00:00+00:00,3.3,14.3,1.2,105.88,2025-01-29 10:00:00+01:00
2025-01-29 10:00:00+00:00,3.3,12.7,0.7,89.78,2025-01-29 11:00:00+01:00
2025-01-29 11:00:00+00:00,3.2,10.8,0.7,84.59,2025-01-29 12:00:00+01:00
2025-01-29 12:00:00+00:00,3.1,7.3,0.5,83.67,2025-01-29 13:00:00+01:00
2025-01-29 13:00:00+00:00,3.4,4.9,0.1,64.14,2025-01-29 14:00:00+01:00
2025-01-29 14:00:00+00:00,3.1,2.0,0.1,67.29,2025-01-29 15:00:00+01:00
2025-01-29 15:00:00+00:00,2.9,6.1,0.0,78.74,2025-01-29 16:00:00+01:00
2025-01-29 16:00:00+00:00,2.6,8.7,0.0,83.87,2025-01-29 17:00:00+01:00
2025-01-29 17:00:00+00:00,2.3,12.2,0.0,78.99,2025-01-29 18:00:00+01:00
2025-01-29 18:00:00+00:00,2.1,13.2,0.0,67.65,2025-01-29 19:00:00+01:00
2025-01-29 19:00:00+00:00,1.9,15.5,0.0,54.09,2025-01-29 20:00:00+01:00
2025-01-29 20:00:00+00:00,1.6,15.8,0.0,33.11,2025-01-29 21:00:00+01:00
2025-01-29 21:00:00+00:00,1.4,15.5,0.0,27.0,2025-01-29 22:00:00+01:00
2025-01-29 22:00:00+00:00,1.4,15.3,0.0,23.87,2025-01-29 23:00:00+01:00
2025-01-29 23:00:00+00:00,1.5,14.5,0.0,28.83,2025-01-30 00:00:00+01:00
2025-01-30 00:00:00+00:00,1.5,14.2,0.0,26.88,2025-01-30 01:00:00+01:00
2025-01-30 01:00:00+00:00,1.3,13.5,0.0,25.15,2025-01-30 02:00:00+01:00
2025-01-30 02:00:00+00:00,1.2,13.0,0.0,25.2,2025-01-30 03:00:00+01:00
2025-01-30 03:00:00+00:00,1.0,13.5,0.0,25.18,2025-01-30 04:00:00+01:00
2025-01-30 04:00:00+00:00,0.8,13.5,0.0,31.07,2025-01-30 05:00:00+01:00
2025-01-30 05:00:00+00:00,0.7,13.7,0.0,41.47,2025-01-30 06:00:00+01:00
2025-01-30 06:00:00+00:00,0.3,13.2,0.0,61.21,2025-01-30 07:00:00+01:00
2025-01-30 07:00:00+00:00,-0.1,12.8,0.0,78.62,2025-01-30 08:00:00+01:00
2025-01-30 08:00:00+00:00,-0.1,13.7,0.0,78.09,2025-01-30 09:00:00+01:00
2025-01-30 09:00:00+00:00,0.4,15.1,0.0,70.15,2025-01-30 10:00:00+01:00
2025-01-30 10:00:00+00:00,0.6,15.3,0.0,56.78,2025-01-30 11:00:00+01:00
2025-01-30 11:00:00+00:00,1.0,15.4,0.0,63.14,2025-01-30 12:00:00+01:00
2025-01-30 12:00:00+00:00,1.5,15.3,0.0,54.79,2025-01-30 13:00:00+01:00
2025-01-30 13:00:00+00:00,1.7,13.1,0.0,64.43,2025-01-30 14:00:00+01:00
2025-01-30 14:00:00+00:00,1.7,10.3,0.0,61.97,2025-01-30 15:00:00+01:00
2025-01-30 15:00:00+00:00,1.6,10.5,0.0,74.22,2025-01-30 16:00:00+01:00
2025-01-30 16:00:00+00:00,1.6,10.7,0.0,98.62,2025-01-30 17:00:00+01:00
2025-01-30 17:00:00+00:00,1.5,9.7,0.0,78.39,2025-01-30 18:00:00+01:00
2025-01-30 18:00:00+00:00,1.5,8.2,0.0,76.03,2025-01-30 19:00:00+01:00
2025-01-30 19:00:00+00:00,1.3,7.2,0.0,52.46,2025-01-30 20:00:00+01:00
2025-01-30 20:00:00+00:00,1.3,7.0,0.0,37.97,2025-01-30 21:00:00+01:00
2025-01-30 21:00:00+00:00,1.4,7.3,0.0,35.48,2025-01-30 22:00:00+01:00
2025-01-30 22:00:00+00:00,1.4,6.4,0.1,31.85,2025-01-30 23:00:00+01:00
2025-01-30 23:00:00+00:00,1.5,5.2,0.0,26.85,2025-01-31 00:00:00+01:00
2025-01-31 00:00:00+00:00,1.2,5.4,0.0,25.94,2025-01-31 01:00:00+01:00
2025-01-31 01:00:00+00:00,1.4,4.4,0.1,25.96,2025-01-31 02:00:00+01:00
2025-01-31 02:00:00+00:00,1.2,5.2,0.2,25.94,2025-01-31 03:00:00+01:00
2025-01-31 03:00:00+00:00,1.0,5.4,0.4,25.46,2025-01-31 04:00:00+01:00
2025-01-31 04:00:00+00:00,0.9,6.2,0.2,26.98,2025-01-31 05:00:00+01:00
2025-01-31 05:00:00+00:00,0.9,6.6,0.0,54.9,2025-01-31 06:00:00+01:00
2025-01-31 06:00:00+00:00,0.9,6.3,0.0,104.49,2025-01-31 07:00:00+01:00
2025-01-31 07:00:00+00:00,0.9,7.3,0.0,118.27,2025-01-31 08:00:00+01:00
2025-01-31 08:00:00+00:00,1.0,10.0,0.0,121.65,2025-01-31 09:00:00+01:00
2025-01-31 09:00:00+00:00,1.2,10.2,0.0,109.4,2025-01-31 10:00:00+01:00
2025-01-31 10:00:00+00:00,1.3,7.6,0.0,107.5,2025-01-31 11:00:00+01:00
2025-01-31 11:00:00+00:00,1.6,7.7,0.0,99.26,2025-01-31 12:00:00+01:00
2025-01-31 12:00:00+00:00,1.5,9.0,0.0,98.61,2025-01-31 13:00:00+01:00
2025-01-31 13:00:00+00:00,1.9,9.0,0.0,89.73,2025-01-31 14:00:00+01:00
2025-01-31 14:00:00+00:00,1.5,9.7,0.0,114.99,2025-01-31 15:00:00+01:00
2025-01-31 15:00:00+00:00,0.4,8.2,0.0,128.95,2025-01-31 16:00:00+01:00
2025-01-31 16:00:00+00:00,-0.3,10.6,0.0,124.21,2025-01-31 17:00:00+01:00
2025-01-31 17:00:00+00:00,-0.7,10.2,0.0,133.98,2025-01-31 18:00:00+01:00
2025-01-31 18:00:00+00:00,-0.8,11.4,0.0,99.76,2025-01-31 19:00:00+01:00
2025-01-31 19:00:00+00:00,-0.9,11.6,0.0,61.54,2025-01-31 20:00:00+01:00
2025-01-31 20:00:00+00:00,-1.1,12.0,0.0,60.14,2025-01-31 21:00:00+01:00
2025-01-31 21:00:00+00:00,-1.3,12.4,0.0,35.84,2025-01-31 22:00:00+01:00
2025-01-31 22:00:00+00:00,-1.5,12.7,0.0,26.35,2025-01-31 23:00:00+01:00
2025-01-31 23:00:00+00:00,-1.3,12.6,0.0,27.66,2025-02-01 00:00:00+01:00
2025-02-01 00:00:00+00:00,-1.0,13.4,0.0,26.56,2025-02-01 01:00:00+01:00
2025-02-01 01:00:00+00:00,-0.1,14.6,0.0,26.57,2025-02-01 02:00:00+01:00
2025-02-01 02:00:00+00:00,0.2,15.2,0.0,26.28,2025-02-01 03:00:00+01:00
2025-02-01 03:00:00+00:00,0.1,15.3,0.0,25.93,2025-02-01 04:00:00+01:00
2025-02-01 04:00:00+00:00,-0.9,14.7,0.0,27.01,2025-02-01 05:00:00+01:00
2025-02-01 05:00:00+00:00,-1.3,13.9,0.0,28.05,2025-02-01 06:00:00+01:00
2025-02-01 06:00:00+00:00,-1.5,13.9,0.0,32.8,2025-02-01 07:00:00+01:00
2025-02-01 07:00:00+00:00,-1.8,13.1,0.0,39.64,2025-02-01 08:00:00+01:00
2025-02-01 08:00:00+00:00,-1.6,13.0,0.0,70.14,2025-02-01 09:00:00+01:00
2025-02-01 09:00:00+00:00,-1.0,11.8,0.0,65.72,2025-02-01 10:00:00+01:00
2025-02-01 10:00:00+00:00,-0.4,13.1,0.0,61.68,2025-02-01 11:00:00+01:00
2025-02-01 11:00:00+00:00,0.2,13.0,0.0,57.97,2025-02-01 12:00:00+01:00
2025-02-01 12:00:00+00:00,0.6,13.8,0.0,57.57,2025-02-01 13:00:00+01:00
2025-02-01 13:00:00+00:00,0.7,14.9,0.0,56.34,2025-02-01 14:00:00+01:00
2025-02-01 14:00:00+00:00,0.3,14.0,0.0,67.32,2025-02-01 15:00:00+01:00
2025-02-01 15:00:00+00:00,-0.7,11.8,0.0,86.09,2025-02-01 16:00:00+01:00
2025-02-01 16:00:00+00:00,-1.3,11.5,0.0,99.09,2025-02-01 17:00:00+01:00
2025-02-01 17:00:00+00:00,-1.7,11.2,0.0,101.35,2025-02-01 18:00:00+01:00
2025-02-01 18:00:00+00:00,-2.0,10.9,0.0,91.06,2025-02-01 19:00:00+01:00
2025-02-01 19:00:00+00:00,-2.3,10.8,0.0,81.11,2025-02-01 20:00:00+01:00
2025-02-01 20:00:00+00:00,-2.6,9.9,0.0,80.74,2025-02-01 21:00:00+01:00
2025-02-01 21:00:00+00:00,-2.8,9.4,0.0,53.25,2025-02-01 22:00:00+01:00
2025-02-01 22:00:00+00:00,-3.1,9.4,0.0,38.15,2025-02-01 23:00:00+01:00
2025-02-01 23:00:00+00:00,-3.4,9.0,0.0,32.18,2025-02-02 00:00:00+01:00
2025-02-02 00:00:00+00:00,-3.6,9.7,0.0,30.01,2025-02-02 01:00:00+01:00
2025-02-02 01:00:00+00:00,-3.7,9.7,0.0,29.95,2025-02-02 02:00:00+01:00
2025-02-02 02:00:00+00:00,-3.9,8.6,0.0,29.84,2025-02-02 03:00:00+01:00
2025-02-02 03:00:00+00:00,-4.0,9.0,0.0,29.62,2025-02-02 04:00:00+01:00
2025-02-02 04:00:00+00:00,-4.3,9.3,0.0,31.34,2025-02-02 05:00:00+01:00
2025-02-02 05:00:00+00:00,-4.4,8.6,0.0,41.04,2025-02-02 06:00:00+01:00
2025-02-02 06:00:00+00:00,-4.5,8.1,0.0,67.57,2025-02-02 07:00:00+01:00
2025-02-02 07:00:00+00:00,-4.6,8.4,0.0,70.99,2025-02-02 08:00:00+01:00
2025-02-02 08:00:00+00:00,-3.8,8.7,0.0,71.57,2025-02-02 09:00:00+01:00
2025-02-02 09:00:00+00:00,-3.0,9.0,0.0,68.14,2025-02-02 10:00:00+01:00
2025-02-02 10:00:00+00:00,-2.2,8.8,0.0,68.38,2025-02-02 11:00:00+01:00
2025-02-02 11:00:00+00:00,-1.6,9.7,0.0,65.14,2025-02-02 12:00:00+01:00
2025-02-02 12:00:00+00:00,-1.4,10.9,0.0,60.02,2025-02-02 13:00:00+01:00
2025-02-02 13:00:00+00:00,-0.9,11.3,0.0,61.71,2025-02-02 14:00:00+01:00
2025-02-02 14:00:00+00:00,-0.9,11.4,0.0,67.74,2025-02-02 15:00:00+01:00
2025-02-02 15:00:00+00:00,-1.1,12.9,0.0,79.78,2025-02-02 16:00:00+01:00
2025-02-02 16:00:00+00:00,-0.9,13.3,0.0,88.09,2025-02-02 17:00:00+01:00
2025-02-02 17:00:00+00:00,-0.8,12.2,0.0,92.49,2025-02-02 18:00:00+01:00
2025-02-02 18:00:00+00:00,-0.7,12.4,0.0,99.36,2025-02-02 19:00:00+01:00
2025-02-02 19:00:00+00:00,-0.7,11.7,0.0,86.8,2025-02-02 20:00:00+01:00
2025-02-02 20:00:00+00:00,-0.8,11.7,0.0,80.49,2025-02-02 21:00:00+01:00
2025-02-02 21:00:00+00:00,-0.8,11.2,0.0,52.08,2025-02-02 22:00:00+01:00
2025-02-02 22:00:00+00:00,-0.9,10.4,0.0,40.3,2025-02-02 23:00:00+01:00
2025-02-02 23:00:00+00:00,-1.0,11.8,0.0,42.14,2025-02-03 00:00:00+01:00
2025-02-03 00:00:00+00:00,-1.0,12.7,0.0,35.46,2025-02-03 01:00:00+01:00
2025-02-03 01:00:00+00:00,-1.7,10.5,0.0,35.49,2025-02-03 02:00:00+01:00
2025-02-03 02:00:00+00:00,-1.8,10.2,0.0,35.15,2025-02-03 03:00:00+01:00
2025-02-03 03:00:00+00:00,-1.8,10.1,0.0,37.87,2025-02-03 04:00:00+01:00
2025-02-03 04:00:00+00:00,-1.8,8.9,0.0,51.56,2025-02-03 05:00:00+01:00
2025-02-03 05:00:00+00:00,-1.7,8.8,0.0,102.46,2025-02-03 06:00:00+01:00
2025-02-03 06:00:00+00:00,-1.6,8.9,0.0,148.86,2025-02-03 07:00:00+01:00
2025-02-03 07:00:00+00:00,-1.5,10.6,0.0,164.29,2025-02-03 08:00:00+01:00
2025-02-03 08:00:00+00:00,-1.6,10.2,0.0,149.64,2025-02-03 09:00:00+01:00
2025-02-03 09:00:00+00:00,-1.2,10.7,0.0,149.67,2025-02-03 10:00:00+01:00
2025-02-03 10:00:00+00:00,-0.9,12.8,0.0,126.22,2025-02-03 11:00:00+01:00
2025-02-03 11:00:00+00:00,-0.9,12.9,0.0,117.31,2025-02-03 12:00:00+01:00
2025-02-03 12:00:00+00:00,-0.9,11.3,0.0,115.23,2025-02-03 13:00:00+01:00
2025-02-03 13:00:00+00:00,-1.5,11.0,0.0,124.31,2025-02-03 14:00:00+01:00
2025-02-03 14:00:00+00:00,-1.7,10.8,0.0,145.97,2025-02-03 15:00:00+01:00
2025-02-03 15:00:00+00:00,-2.0,9.6,0.0,169.78,2025-02-03 16:00:00+01:00
2025-02-03 16:00:00+00:00,-2.2,6.3,0.0,214.84,2025-02-03 17:00:00+01:00
2025-02-03 17:00:00+00:00,-3.3,2.2,0.0,201.17,2025-02-03 18:00:00+01:00
2025-02-03 18:00:00+00:00,-3.0,2.4,0.0,200.84,2025-02-03 19:00:00+01:00
2025-02-03 19:00:00+00:00,-2.6,2.3,0.0,164.21,2025-02-03 20:00:00+01:00
2025-02-03 20:00:00+00:00,-2.4,1.8,0.0,129.96,2025-02-03 21:00:00+01:00
2025-02-03 21:00:00+00:00,-2.3,1.3,0.0,108.14,2025-02-03 22:00:00+01:00
2025-02-03 22:00:00+00:00,-2.3,1.6,0.0,53.07,2025-02-03 23:00:00+01:00
2025-02-03 23:00:00+00:00,-2.3,2.5,0.0,53.71,2025-02-04 00:00:00+01:00
2025-02-04 00:00:00+00:00,-2.3,3.6,0.0,52.89,2025-02-04 01:00:00+01:00
2025-02-04 01:00:00+00:00,-2.1,4.8,0.0,52.06,2025-02-04 02:00:00+01:00
2025-02-04 02:00:00+00:00,-2.1,5.9,0.0,52.69,2025-02-04 03:00:00+01:00
2025-02-04 03:00:00+00:00,-2.2,7.2,0.0,52.4,2025-02-04 04:00:00+01:00
2025-02-04 04:00:00+00:00,-2.2,7.6,0.0,53.77,2025-02-04 05:00:00+01:00
2025-02-04 05:00:00+00:00,-1.7,9.0,0.0,93.47,2025-02-04 06:00:00+01:00
2025-02-04 06:00:00+00:00,-1.1,9.1,0.0,164.69,2025-02-04 07:00:00+01:00
2025-02-04 07:00:00+00:00,-0.7,8.0,0.0,205.98,2025-02-04 08:00:00+01:00
2025-02-04 08:00:00+00:00,-0.2,7.7,0.0,158.41,2025-02-04 09:00:00+01:00
2025-02-04 09:00:00+00:00,0.2,9.2,0.0,133.89,2025-02-04 10:00:00+01:00
2025-02-04 10:00:00+00:00,0.4,9.6,0.0,106.42,2025-02-04 11:00:00+01:00
2025-02-04 11:00:00+00:00,0.8,9.1,0.0,94.05,2025-02-04 12:00:00+01:00
2025-02-04 12:00:00+00:00,1.2,9.4,0.0,72.38,2025-02-04 13:00:00+01:00
2025-02-04 13:00:00+00:00,0.7,9.6,0.0,56.39,2025-02-04 14:00:00+01:00
2025-02-04 14:00:00+00:00,0.9,8.4,0.0,55.96,2025-02-04 15:00:00+01:00
2025-02-04 15:00:00+00:00,0.9,9.8,0.0,39.57,2025-02-04 16:00:00+01:00
2025-02-04 16:00:00+00:00,0.7,10.2,0.0,33.68,2025-02-04 17:00:00+01:00
2025-02-04 17:00:00+00:00,0.5,11.3,0.0,31.56,2025-02-04 18:00:00+01:00
2025-02-04 18:00:00+00:00,0.8,11.7,0.0,29.71,2025-02-04 19:00:00+01:00
2025-02-04 19:00:00+00:00,1.0,12.4,0.0,28.13,2025-02-04 20:00:00+01:00
2025-02-04 20:00:00+00:00,1.1,13.0,0.0,26.88,2025-02-04 21:00:00+01:00
2025-02-04 21:00:00+00:00,1.3,13.2,0.0,23.84,2025-02-04 22:00:00+01:00
2025-02-04 22:00:00+00:00,1.4,13.3,0.0,22.62,2025-02-04 23:00:00+01:00
2025-02-04 23:00:00+00:00,1.5,13.5,0.0,24.58,2025-02-05 00:00:00+01:00
2025-02-05 00:00:00+00:00,1.5,13.6,0.0,24.01,2025-02-05 01:00:00+01:00
2025-02-05 01:00:00+00:00,1.4,14.9,0.0,3.44,2025-02-05 02:00:00+01:00
2025-02-05 02:00:00+00:00,1.8,16.8,0.0,2.75,2025-02-05 03:00:00+01:00
2025-02-05 03:00:00+00:00,2.1,16.2,0.0,3.0,2025-02-05 04:00:00+01:00
2025-02-05 04:00:00+00:00,2.0,16.6,0.0,23.43,2025-02-05 05:00:00+01:00
2025-02-05 05:00:00+00:00,2.0,17.0,0.0,26.17,2025-02-05 06:00:00+01:00
2025-02-05 06:00:00+00:00,2.1,18.4,0.0,28.81,2025-02-05 07:00:00+01:00
2025-02-05 07:00:00+00:00,2.3,18.9,0.0,29.61,2025-02-05 08:00:00+01:00
2025-02-05 08:00:00+00:00,2.7,20.2,0.0,29.33,2025-02-05 09:00:00+01:00
2025-02-05 09:00:00+00:00,3.1,19.7,0.0,29.25,2025-02-05 10:00:00+01:00
2025-02-05 10:00:00+00:00,3.8,18.5,0.0,28.5,2025-02-05 11:00:00+01:00
2025-02-05 11:00:00+00:00,4.4,17.8,0.0,27.99,2025-02-05 12:00:00+01:00
2025-02-05 12:00:00+00:00,4.8,16.7,0.0,27.0,2025-02-05 13:00:00+01:00
2025-02-05 13:00:00+00:00,5.0,17.6,0.0,26.81,2025-02-05 14:00:00+01:00
2025-02-05 14:00:00+00:00,5.0,18.2,0.0,28.14,2025-02-05 15:00:00+01:00
2025-02-05 15:00:00+00:00,4.5,17.2,0.0,32.97,2025-02-05 16:00:00+01:00
2025-02-05 16:00:00+00:00,3.4,16.6,0.0,35.7,2025-02-05 17:00:00+01:00
2025-02-05 17:00:00+00:00,2.6,15.6,0.0,36.49,2025-02-05 18:00:00+01:00
2025-02-05 18:00:00+00:00,2.0,15.5,0.0,40.53,2025-02-05 19:00:00+01:00
2025-02-05 19:00:00+00:00,1.6,14.4,0.0,35.06,2025-02-05 20:00:00+01:00
2025-02-05 20:00:00+00:00,1.1,13.2,0.0,40.52,2025-02-05 21:00:00+01:00
2025-02-05 21:00:00+00:00,0.5,12.6,0.0,35.16,2025-02-05 22:00:00+01:00
2025-02-05 22:00:00+00:00,0.1,11.7,0.0,28.22,2025-02-05 23:00:00+01:00
2025-02-05 23:00:00+00:00,-0.2,10.0,0.0,27.89,2025-02-06 00:00:00+01:00
2025-02-06 00:00:00+00:00,-0.5,8.6,0.0,27.64,2025-02-06 01:00:00+01:00
2025-02-06 01:00:00+00:00,-0.8,7.8,0.0,27.7,2025-02-06 02:00:00+01:00
2025-02-06 02:00:00+00:00,-1.1,7.8,0.0,27.79,2025-02-06 03:00:00+01:00
2025-02-06 03:00:00+00:00,-1.1,8.4,0.0,34.99,2025-02-06 04:00:00+01:00
2025-02-06 04:00:00+00:00,-0.9,8.4,0.0,52.19,2025-02-06 05:00:00+01:00
2025-02-06 05:00:00+00:00,-1.0,7.9,0.0,70.25,2025-02-06 06:00:00+01:00
2025-02-06 06:00:00+00:00,-1.0,10.7,0.0,149.7,2025-02-06 07:00:00+01:00
2025-02-06 07:00:00+00:00,-1.1,11.5,0.0,200.06,2025-02-06 08:00:00+01:00
2025-02-06 08:00:00+00:00,-0.5,9.8,0.0,177.56,2025-02-06 09:00:00+01:00
2025-02-06 09:00:00+00:00,0.5,9.5,0.0,157.84,2025-02-06 10:00:00+01:00
2025-02-06 10:00:00+00:00,1.5,7.5,0.0,122.53,2025-02-06 11:00:00+01:00
2025-02-06 11:00:00+00:00,2.4,6.9,0.0,95.33,2025-02-06 12:00:00+01:00
2025-02-06 12:00:00+00:00,3.0,7.0,0.0,80.55,2025-02-06 13:00:00+01:00
2025-02-06 13:00:00+00:00,3.4,6.9,0.0,68.81,2025-02-06 14:00:00+01:00
2025-02-06 14:00:00+00:00,2.7,7.3,0.0,64.71,2025-02-06 15:00:00+01:00
2025-02-06 15:00:00+00:00,1.4,7.3,0.0,78.9,2025-02-06 16:00:00+01:00
2025-02-06 16:00:00+00:00,0.4,6.3,0.0,102.37,2025-02-06 17:00:00+01:00
2025-02-06 17:00:00+00:00,-0.7,5.2,0.0,98.55,2025-02-06 18:00:00+01:00
2025-02-06 18:00:00+00:00,-1.0,4.4,0.0,83.75,2025-02-06 19:00:00+01:00
2025-02-06 19:00:00+00:00,-1.2,4.9,0.0,69.91,2025-02-06 20:00:00+01:00
2025-02-06 20:00:00+00:00,-1.2,2.8,0.0,56.83,2025-02-06 21:00:00+01:00
2025-02-06 21:00:00+00:00,-1.6,4.0,0.0,38.79,2025-02-06 22:00:00+01:00
2025-02-06 22:00:00+00:00,-1.6,1.9,0.0,33.98,2025-02-06 23:00:00+01:00
2025-02-06 23:00:00+00:00,-1.7,0.5,0.0,35.93,2025-02-07 00:00:00+01:00
2025-02-07 00:00:00+00:00,-1.8,0.8,0.0,33.88,2025-02-07 01:00:00+01:00
2025-02-07 01:00:00+00:00,-3.4,1.7,0.0,33.53,2025-02-07 02:00:00+01:00
2025-02-07 02:00:00+00:00,-3.5,1.4,0.0,33.26,2025-02-07 03:00:00+01:00
2025-02-07 03:00:00+00:00,-3.7,1.3,0.0,33.62,2025-02-07 04:00:00+01:00
2025-02-07 04:00:00+00:00,-3.8,2.9,0.0,35.55,2025-02-07 05:00:00+01:00
2025-02-07 05:00:00+00:00,-3.7,3.9,0.0,57.26,2025-02-07 06:00:00+01:00
2025-02-07 06:00:00+00:00,-3.1,3.5,0.0,72.15,2025-02-07 07:00:00+01:00
2025-02-07 07:00:00+00:00,-1.8,5.1,0.0,83.96,2025-02-07 08:00:00+01:00
2025-02-07 08:00:00+00:00,-0.4,7.0,0.0,78.17,2025-02-07 09:00:00+01:00
2025-02-07 09:00:00+00:00,0.8,7.2,0.0,66.75,2025-02-07 10:00:00+01:00
2025-02-07 10:00:00+00:00,1.9,11.0,0.0,50.99,2025-02-07 11:00:00+01:00
2025-02-07 11:00:00+00:00,2.5,12.7,0.0,48.69,2025-02-07 12:00:00+01:00
2025-02-07 12:00:00+00:00,2.6,13.0,0.0,50.2,2025-02-07 13:00:00+01:00
2025-02-07 13:00:00+00:00,1.7,9.4,0.0,50.37,2025-02-07 14:00:00+01:00
2025-02-07 14:00:00+00:00,1.4,10.5,0.0,47.79,2025-02-07 15:00:00+01:00
2025-02-07 15:00:00+00:00,1.0,11.3,0.0,52.52,2025-02-07 16:00:00+01:00
2025-02-07 16:00:00+00:00,0.7,10.5,0.0,55.99,2025-02-07 17:00:00+01:00
2025-02-07 17:00:00+00:00,0.6,10.9,0.0,60.59,2025-02-07 18:00:00+01:00
2025-02-07 18:00:00+00:00,0.7,12.4,0.0,52.09,2025-02-07 19:00:00+01:00
2025-02-07 19:00:00+00:00,0.6,13.9,0.0,42.45,2025-02-07 20:00:00+01:00
2025-02-07 20:00:00+00:00,0.2,13.9,0.0,36.82,2025-02-07 21:00:00+01:00
2025-02-07 21:00:00+00:00,0.0,12.3,0.0,33.74,2025-02-07 22:00:00+01:00
2025-02-07 22:00:00+00:00,-0.1,10.6,0.0,30.53,2025-02-07 23:00:00+01:00
2025-02-07 23:00:00+00:00,0.0,10.9,0.0,29.28,2025-02-08 00:00:00+01:00
2025-02-08 00:00:00+00:00,-0.1,11.1,0.0,28.42,2025-02-08 01:00:00+01:00
2025-02-08 01:00:00+00:00,0.0,10.7,0.0,27.61,2025-02-08 02:00:00+01:00
2025-02-08 02:00:00+00:00,-0.1,11.4,0.0,27.27,2025-02-08 03:00:00+01:00
2025-02-08 03:00:00+00:00,-0.2,11.6,0.0,27.23,2025-02-08 04:00:00+01:00
2025-02-08 04:00:00+00:00,-0.2,11.4,0.0,27.66,2025-02-08 05:00:00+01:00
2025-02-08 05:00:00+00:00,0.0,11.4,0.0,28.26,2025-02-08 06:00:00+01:00
2025-02-08 06:00:00+00:00,0.1,11.8,0.0,33.5,2025-02-08 07:00:00+01:00
2025-02-08 07:00:00+00:00,0.1,12.7,0.0,35.85,2025-02-08 08:00:00+01:00
2025-02-08 08:00:00+00:00,0.1,13.0,0.0,41.6,2025-02-08 09:00:00+01:00
2025-02-08 09:00:00+00:00,0.1,15.3,0.0,55.15,2025-02-08 10:00:00+01:00
2025-02-08 10:00:00+00:00,0.2,14.6,0.0,55.04,2025-02-08 11:00:00+01:00
2025-02-08 11:00:00+00:00,0.5,14.6,0.0,56.7,2025-02-08 12:00:00+01:00
2025-02-08 12:00:00+00:00,0.6,14.1,0.0,56.07,2025-02-08 13:00:00+01:00
2025-02-08 13:00:00+00:00,0.6,12.1,0.0,56.05,2025-02-08 14:00:00+01:00
2025-02-08 14:00:00+00:00,0.4,11.1,0.0,60.52,2025-02-08 15:00:00+01:00
2025-02-08 15:00:00+00:00,0.1,10.1,0.0,75.07,2025-02-08 16:00:00+01:00
2025-02-08 16:00:00+00:00,-0.1,9.8,0.0,98.04,2025-02-08 17:00:00+01:00
2025-02-08 17:00:00+00:00,-0.2,10.2,0.0,79.41,2025-02-08 18:00:00+01:00
2025-02-08 18:00:00+00:00,-0.3,9.1,0.0,69.69,2025-02-08 19:00:00+01:00
2025-02-08 19:00:00+00:00,-0.4,7.5,0.0,57.91,2025-02-08 20:00:00+01:00
2025-02-08 20:00:00+00:00,-0.4,5.5,0.0,57.99,2025-02-08 21:00:00+01:00
2025-02-08 21:00:00+00:00,-0.4,4.9,0.0,54.4,2025-02-08 22:00:00+01:00
2025-02-08 22:00:00+00:00,-0.4,4.4,0.0,49.09,2025-02-08 23:00:00+01:00
2025-02-08 23:00:00+00:00,-0.4,4.2,0.0,42.88,2025-02-09 00:00:00+01:00
2025-02-09 00:00:00+00:00,-0.4,4.4,0.0,39.26,2025-02-09 01:00:00+01:00
2025-02-09 01:00:00+00:00,-0.3,3.2,0.0,33.59,2025-02-09 02:00:00+01:00
2025-02-09 02:00:00+00:00,-0.4,3.6,0.0,33.51,2025-02-09 03:00:00+01:00
2025-02-09 03:00:00+00:00,-0.4,4.1,0.0,33.48,2025-02-09 04:00:00+01:00
2025-02-09 04:00:00+00:00,-0.6,4.6,0.0,33.68,2025-02-09 05:00:00+01:00
2025-02-09 05:00:00+00:00,-0.8,4.7,0.0,38.82,2025-02-09 06:00:00+01:00
2025-02-09 06:00:00+00:00,-0.8,4.4,0.0,45.05,2025-02-09 07:00:00+01:00
2025-02-09 07:00:00+00:00,-0.8,3.9,0.0,45.43,2025-02-09 08:00:00+01:00
2025-02-09 08:00:00+00:00,-0.4,3.9,0.0,64.19,2025-02-09 09:00:00+01:00
2025-02-09 09:00:00+00:00,0.5,2.4,0.0,65.83,2025-02-09 10:00:00+01:00
2025-02-09 10:00:00+00:00,0.9,3.2,0.0,60.25,2025-02-09 11:00:00+01:00
2025-02-09 11:00:00+00:00,1.1,4.0,0.0,48.56,2025-02-09 12:00:00+01:00
2025-02-09 12:00:00+00:00,1.6,5.8,0.0,48.69,2025-02-09 13:00:00+01:00
2025-02-09 13:00:00+00:00,0.9,7.1,0.0,46.18,2025-02-09 14:00:00+01:00
2025-02-09 14:00:00+00:00,0.8,6.0,0.0,52.59,2025-02-09 15:00:00+01:00
2025-02-09 15:00:00+00:00,0.2,5.1,0.0,58.21,2025-02-09 16:00:00+01:00
2025-02-09 16:00:00+00:00,-0.7,6.9,0.0,62.46,2025-02-09 17:00:00+01:00
2025-02-09 17:00:00+00:00,-1.2,8.1,0.0,58.58,2025-02-09 18:00:00+01:00
2025-02-09 18:00:00+00:00,-1.3,8.7,0.0,51.62,2025-02-09 19:00:00+01:00
2025-02-09 19:00:00+00:00,-1.3,8.1,0.0,42.79,2025-02-09 20:00:00+01:00
2025-02-09 20:00:00+00:00,-1.3,7.6,0.0,40.61,2025-02-09 21:00:00+01:00
2025-02-09 21:00:00+00:00,-1.7,7.4,0.0,37.12,2025-02-09 22:00:00+01:00
2025-02-09 22:00:00+00:00,-2.4,6.8,0.0,32.93,2025-02-09 23:00:00+01:00
2025-02-09 23:00:00+00:00,-2.7,6.4,0.0,32.19,2025-02-10 00:00:00+01:00
2025-02-10 00:00:00+00:00,-3.0,5.0,0.0,31.74,2025-02-10 01:00:00+01:00
2025-02-10 01:00:00+00:00,-3.5,5.8,0.0,30.96,2025-02-10 02:00:00+01:00
2025-02-10 02:00:00+00:00,-4.0,4.3,0.0,30.96,2025-02-10 03:00:00+01:00
2025-02-10 03:00:00+00:00,-4.2,5.3,0.0,31.82,2025-02-10 04:00:00+01:00
2025-02-10 04:00:00+00:00,-4.4,6.0,0.0,36.5,2025-02-10 05:00:00+01:00
2025-02-10 05:00:00+00:00,-4.7,5.0,0.0,51.77,2025-02-10 06:00:00+01:00
2025-02-10 06:00:00+00:00,-5.2,3.8,0.0,100.78,2025-02-10 07:00:00+01:00
2025-02-10 07:00:00+00:00,-5.2,3.6,0.0,126.16,2025-02-10 08:00:00+01:00
2025-02-10 08:00:00+00:00,-3.9,2.9,0.0,121.42,2025-02-10 09:00:00+01:00
2025-02-10 09:00:00+00:00,-2.4,2.8,0.0,105.99,2025-02-10 10:00:00+01:00
2025-02-10 10:00:00+00:00,-0.8,2.7,0.0,80.15,2025-02-10 11:00:00+01:00
2025-02-10 11:00:00+00:00,0.4,4.3,0.0,70.38,2025-02-10 12:00:00+01:00
2025-02-10 12:00:00+00:00,1.0,4.4,0.0,77.96,2025-02-10 13:00:00+01:00
2025-02-10 13:00:00+00:00,1.2,6.1,0.0,74.26,2025-02-10 14:00:00+01:00
2025-02-10 14:00:00+00:00,0.7,6.5,0.0,77.9,2025-02-10 15:00:00+01:00
2025-02-10 15:00:00+00:00,-0.7,6.1,0.0,83.2,2025-02-10 16:00:00+01:00
2025-02-10 16:00:00+00:00,-1.8,5.0,0.0,92.39,2025-02-10 17:00:00+01:00
2025-02-10 17:00:00+00:00,-1.9,4.9,0.0,86.44,2025-02-10 18:00:00+01:00
2025-02-10 18:00:00+00:00,-2.1,4.7,0.0,74.66,2025-02-10 19:00:00+01:00
2025-02-10 19:00:00+00:00,-2.3,4.5,0.0,67.57,2025-02-10 20:00:00+01:00
2025-02-10 20:00:00+00:00,-2.5,4.4,0.0,59.84,2025-02-10 21:00:00+01:00
2025-02-10 21:00:00+00:00,-2.8,4.5,0.0,44.22,2025-02-10 22:00:00+01:00
2025-02-10 22:00:00+00:00,-3.1,4.7,0.0,35.37,2025-02-10 23:00:00+01:00
2025-02-10 23:00:00+00:00,-3.5,4.7,0.0,44.66,2025-02-11 00:00:00+01:00
2025-02-11 00:00:00+00:00,-3.9,4.2,0.0,39.72,2025-02-11 01:00:00+01:00
2025-02-11 01:00:00+00:00,-5.5,4.1,0.0,33.72,2025-02-11 02:00:00+01:00
2025-02-11 02:00:00+00:00,-5.6,3.7,0.0,31.37,2025-02-11 03:00:00+01:00
2025-02-11 03:00:00+00:00,-5.6,3.1,0.0,32.5,2025-02-11 04:00:00+01:00
2025-02-11 04:00:00+00:00,-5.6,2.9,0.0,42.42,2025-02-11 05:00:00+01:00
2025-02-11 05:00:00+00:00,-5.5,2.1,0.0,56.06,2025-02-11 06:00:00+01:00
2025-02-11 06:00:00+00:00,-5.5,1.5,0.0,72.24,2025-02-11 07:00:00+01:00
2025-02-11 07:00:00+00:00,-5.2,1.0,0.0,89.56,2025-02-11 08:00:00+01:00
2025-02-11 08:00:00+00:00,-3.9,2.2,0.0,76.78,2025-02-11 09:00:00+01:00
2025-02-11 09:00:00+00:00,-1.8,3.5,0.0,72.05,2025-02-11 10:00:00+01:00
2025-02-11 10:00:00+00:00,-0.9,4.5,0.0,71.6,2025-02-11 11:00:00+01:00
2025-02-11 11:00:00+00:00,-0.2,4.0,0.0,68.21,2025-02-11 12:00:00+01:00
2025-02-11 12:00:00+00:00,0.3,3.0,0.0,66.04,2025-02-11 13:00:00+01:00
2025-02-11 13:00:00+00:00,-0.8,2.7,0.0,59.13,2025-02-11 14:00:00+01:00
2025-02-11 14:00:00+00:00,-0.8,2.1,0.0,50.18,2025-02-11 15:00:00+01:00
2025-02-11 15:00:00+00:00,-1.0,1.7,0.0,52.97,2025-02-11 16:00:00+01:00
2025-02-11 16:00:00+00:00,-1.2,0.8,0.0,64.82,2025-02-11 17:00:00+01:00
2025-02-11 17:00:00+00:00,-1.3,0.3,0.0,65.94,2025-02-11 18:00:00+01:00
2025-02-11 18:00:00+00:00,-1.2,1.8,0.0,51.49,2025-02-11 19:00:00+01:00
2025-02-11 19:00:00+00:00,-1.3,2.9,0.0,41.95,2025-02-11 20:00:00+01:00
2025-02-11 20:00:00+00:00,-1.2,1.3,0.0,42.18,2025-02-11 21:00:00+01:00
2025-02-11 21:00:00+00:00,-1.2,1.1,0.0,35.68,2025-02-11 22:00:00+01:00
2025-02-11 22:00:00+00:00,-1.2,1.6,0.0,34.53,2025-02-11 23:00:00+01:00
2025-02-11 23:00:00+00:00,-1.2,1.1,0.0,36.67,2025-02-12 00:00:00+01:00
2025-02-12 00:00:00+00:00,-1.2,0.0,0.0,36.28,2025-02-12 01:00:00+01:00
2025-02-12 01:00:00+00:00,-1.6,1.6,0.0,36.03,2025-02-12 02:00:00+01:00
2025-02-12 02:00:00+00:00,-1.4,4.2,0.0,36.57,2025-02-12 03:00:00+01:00
2025-02-12 03:00:00+00:00,-1.6,4.8,0.0,37.01,2025-02-12 04:00:00+01:00
2025-02-12 04:00:00+00:00,-1.9,4.0,0.0,52.51,2025-02-12 05:00:00+01:00
2025-02-12 05:00:00+00:00,-2.0,3.7,0.0,85.76,2025-02-12 06:00:00+01:00
2025-02-12 06:00:00+00:00,-2.2,3.5,0.0,136.66,2025-02-12 07:00:00+01:00
2025-02-12 07:00:00+00:00,-2.4,4.0,0.0,170.93,2025-02-12 08:00:00+01:00
2025-02-12 08:00:00+00:00,-2.4,3.8,0.0,153.19,2025-02-12 09:00:00+01:00
2025-02-12 09:00:00+00:00,-2.1,4.7,0.0,133.34,2025-02-12 10:00:00+01:00
2025-02-12 10:00:00+00:00,-1.6,5.3,0.0,117.28,2025-02-12 11:00:00+01:00
2025-02-12 11:00:00+00:00,-1.3,6.0,0.0,109.95,2025-02-12 12:00:00+01:00
2025-02-12 12:00:00+00:00,-1.1,6.4,0.0,113.79,2025-02-12 13:00:00+01:00
2025-02-12 13:00:00+00:00,-1.3,6.4,0.0,120.02,2025-02-12 14:00:00+01:00
2025-02-12 14:00:00+00:00,-1.6,5.7,0.0,118.44,2025-02-12 15:00:00+01:00
2025-02-12 15:00:00+00:00,-2.0,5.3,0.0,124.61,2025-02-12 16:00:00+01:00
2025-02-12 16:00:00+00:00,-2.4,4.5,0.0,132.78,2025-02-12 17:00:00+01:00
2025-02-12 17:00:00+00:00,-2.5,3.1,0.0,140.0,2025-02-12 18:00:00+01:00
2025-02-12 18:00:00+00:00,-2.7,3.7,0.0,124.26,2025-02-12 19:00:00+01:00
2025-02-12 19:00:00+00:00,-2.9,4.4,0.0,110.01,2025-02-12 20:00:00+01:00
2025-02-12 20:00:00+00:00,-3.2,5.0,0.0,96.77,2025-02-12 21:00:00+01:00
2025-02-12 21:00:00+00:00,-3.4,4.1,0.0,87.36,2025-02-12 22:00:00+01:00
2025-02-12 22:00:00+00:00,-3.6,4.2,0.0,56.27,2025-02-12 23:00:00+01:00
2025-02-12 23:00:00+00:00,-3.6,4.4,0.0,68.78,2025-02-13 00:00:00+01:00
2025-02-13 00:00:00+00:00,-3.6,2.4,0.0,54.79,2025-02-13 01:00:00+01:00
2025-02-13 01:00:00+00:00,-3.5,2.7,0.0,46.37,2025-02-13 02:00:00+01:00
2025-02-13 02:00:00+00:00,-3.2,4.5,0.0,45.98,2025-02-13 03:00:00+01:00
2025-02-13 03:00:00+00:00,-3.1,5.6,0.0,46.02,2025-02-13 04:00:00+01:00
2025-02-13 04:00:00+00:00,-2.8,6.7,0.0,59.06,2025-02-13 05:00:00+01:00
2025-02-13 05:00:00+00:00,-2.7,6.8,0.0,93.5,2025-02-13 06:00:00+01:00
2025-02-13 06:00:00+00:00,-2.1,8.4,0.0,130.75,2025-02-13 07:00:00+01:00
2025-02-13 07:00:00+00:00,-1.2,10.8,0.0,150.53,2025-02-13 08:00:00+01:00
2025-02-13 08:00:00+00:00,-0.3,15.3,0.0,159.2,2025-02-13 09:00:00+01:00
2025-02-13 09:00:00+00:00,0.2,18.6,0.0,145.03,2025-02-13 10:00:00+01:00
2025-02-13 10:00:00+00:00,0.4,17.6,0.0,133.8,2025-02-13 11:00:00+01:00
2025-02-13 11:00:00+00:00,0.3,18.0,0.0,131.16,2025-02-13 12:00:00+01:00
2025-02-13 12:00:00+00:00,0.1,18.8,0.0,103.93,2025-02-13 13:00:00+01:00
2025-02-13 13:00:00+00:00,-0.5,20.1,0.0,103.19,2025-02-13 14:00:00+01:00
2025-02-13 14:00:00+00:00,-1.0,19.6,0.0,103.18,2025-02-13 15:00:00+01:00
2025-02-13 15:00:00+00:00,-1.7,15.9,0.0,115.81,2025-02-13 16:00:00+01:00
2025-02-13 16:00:00+00:00,-2.8,14.3,0.0,144.55,2025-02-13 17:00:00+01:00
2025-02-13 17:00:00+00:00,-3.2,14.2,0.0,157.15,2025-02-13 18:00:00+01:00
2025-02-13 18:00:00+00:00,-3.5,12.4,0.0,147.57,2025-02-13 19:00:00+01:00
2025-02-13 19:00:00+00:00,-4.0,10.7,0.0,129.41,2025-02-13 20:00:00+01:00
2025-02-13 20:00:00+00:00,-4.3,10.3,0.0,119.9,2025-02-13 21:00:00+01:00
2025-02-13 21:00:00+00:00,-4.6,10.8,0.0,98.39,2025-02-13 22:00:00+01:00
2025-02-13 22:00:00+00:00,-4.0,11.8,0.0,96.25,2025-02-13 23:00:00+01:00
2025-02-13 23:00:00+00:00,-3.8,11.9,0.0,115.1,2025-02-14 00:00:00+01:00
2025-02-14 00:00:00+00:00,-3.3,12.1,0.0,114.4,2025-02-14 01:00:00+01:00
2025-02-14 01:00:00+00:00,-3.8,10.9,0.0,109.42,2025-02-14 02:00:00+01:00
2025-02-14 02:00:00+00:00,-4.2,10.9,0.0,100.12,2025-02-14 03:00:00+01:00
2025-02-14 03:00:00+00:00,-4.5,12.0,0.0,106.93,2025-02-14 04:00:00+01:00
2025-02-14 04:00:00+00:00,-5.1,11.5,0.0,103.22,2025-02-14 05:00:00+01:00
2025-02-14 05:00:00+00:00,-6.0,11.8,0.0,163.06,2025-02-14 06:00:00+01:00
2025-02-14 06:00:00+00:00,-6.2,12.1,0.0,232.43,2025-02-14 07:00:00+01:00
2025-02-14 07:00:00+00:00,-6.5,11.7,0.0,268.15,2025-02-14 08:00:00+01:00
2025-02-14 08:00:00+00:00,-6.1,7.7,0.0,215.66,2025-02-14 09:00:00+01:00
2025-02-14 09:00:00+00:00,-5.2,8.7,0.0,181.69,2025-02-14 10:00:00+01:00
2025-02-14 10:00:00+00:00,-4.3,8.9,0.0,162.67,2025-02-14 11:00:00+01:00
2025-02-14 11:00:00+00:00,-3.5,9.0,0.0,146.16,2025-02-14 12:00:00+01:00
2025-02-14 12:00:00+00:00,-3.0,9.1,0.0,131.53,2025-02-14 13:00:00+01:00
2025-02-14 13:00:00+00:00,-1.7,10.0,0.0,126.41,2025-02-14 14:00:00+01:00
2025-02-14 14:00:00+00:00,-2.0,10.2,0.0,130.53,2025-02-14 15:00:00+01:00
2025-02-14 15:00:00+00:00,-2.8,8.4,0.0,198.44,2025-02-14 16:00:00+01:00
2025-02-14 16:00:00+00:00,-3.9,7.3,0.0,291.93,2025-02-14 17:00:00+01:00
2025-02-14 17:00:00+00:00,-4.4,7.2,0.0,274.15,2025-02-14 18:00:00+01:00
2025-02-14 18:00:00+00:00,-5.0,7.7,0.0,220.37,2025-02-14 19:00:00+01:00
2025-02-14 19:00:00+00:00,-5.7,8.3,0.0,149.28,2025-02-14 20:00:00+01:00
2025-02-14 20:00:00+00:00,-6.2,6.9,0.0,135.84,2025-02-14 21:00:00+01:00
2025-02-14 21:00:00+00:00,-6.7,6.8,0.0,111.22,2025-02-14 22:00:00+01:00
2025-02-14 22:00:00+00:00,-7.2,6.0,0.0,70.29,2025-02-14 23:00:00+01:00
2025-02-14 23:00:00+00:00,-7.6,6.5,0.0,81.27,2025-02-15 00:00:00+01:00
2025-02-15 00:00:00+00:00,-7.9,7.2,0.0,75.18,2025-02-15 01:00:00+01:00
2025-02-15 01:00:00+00:00,-9.7,5.1,0.0,67.13,2025-02-15 02:00:00+01:00
2025-02-15 02:00:00+00:00,-10.4,5.2,0.0,59.47,2025-02-15 03:00:00+01:00
2025-02-15 03:00:00+00:00,-10.5,5.3,0.0,61.14,2025-02-15 04:00:00+01:00
2025-02-15 04:00:00+00:00,-10.7,3.8,0.0,63.82,2025-02-15 05:00:00+01:00
2025-02-15 05:00:00+00:00,-9.7,4.4,0.0,68.25,2025-02-15 06:00:00+01:00
2025-02-15 06:00:00+00:00,-8.3,5.8,0.0,77.27,2025-02-15 07:00:00+01:00
2025-02-15 07:00:00+00:00,-7.5,5.9,0.0,84.56,2025-02-15 08:00:00+01:00
2025-02-15 08:00:00+00:00,-6.9,4.7,0.0,84.26,2025-02-15 09:00:00+01:00
2025-02-15 09:00:00+00:00,-6.0,7.5,0.0,82.1,2025-02-15 10:00:00+01:00
2025-02-15 10:00:00+00:00,-5.0,8.5,0.0,85.19,2025-02-15 11:00:00+01:00
2025-02-15 11:00:00+00:00,-3.5,8.1,0.0,69.22,2025-02-15 12:00:00+01:00
2025-02-15 12:00:00+00:00,-2.8,20.8,0.0,72.75,2025-02-15 13:00:00+01:00
2025-02-15 13:00:00+00:00,-3.6,20.2,0.0,70.04,2025-02-15 14:00:00+01:00
2025-02-15 14:00:00+00:00,-4.3,18.4,0.0,91.08,2025-02-15 15:00:00+01:00
2025-02-15 15:00:00+00:00,-5.3,17.9,0.0,96.18,2025-02-15 16:00:00+01:00
2025-02-15 16:00:00+00:00,-6.5,16.9,0.0,121.55,2025-02-15 17:00:00+01:00
2025-02-15 17:00:00+00:00,-6.7,17.0,0.0,137.12,2025-02-15 18:00:00+01:00
2025-02-15 18:00:00+00:00,-6.7,17.0,0.0,130.06,2025-02-15 19:00:00+01:00
2025-02-15 19:00:00+00:00,-7.3,15.0,0.0,124.17,2025-02-15 20:00:00+01:00
2025-02-15 20:00:00+00:00,-6.8,15.7,0.0,121.32,2025-02-15 21:00:00+01:00
2025-02-15 21:00:00+00:00,-7.3,13.9,0.0,105.85,2025-02-15 22:00:00+01:00
2025-02-15 22:00:00+00:00,-7.4,14.5,0.0,104.33,2025-02-15 23:00:00+01:00
2025-02-15 23:00:00+00:00,-7.8,14.5,0.0,129.54,2025-02-16 00:00:00+01:00
2025-02-16 00:00:00+00:00,-8.3,13.9,0.0,127.8,2025-02-16 01:00:00+01:00
2025-02-16 01:00:00+00:00,-9.9,13.2,0.0,123.35,2025-02-16 02:00:00+01:00
2025-02-16 02:00:00+00:00,-10.6,11.5,0.0,117.89,2025-02-16 03:00:00+01:00
2025-02-16 03:00:00+00:00,-11.2,10.7,0.0,117.73,2025-02-16 04:00:00+01:00
2025-02-16 04:00:00+00:00,-11.6,11.4,0.0,118.32,2025-02-16 05:00:00+01:00
2025-02-16 05:00:00+00:00,-12.0,12.0,0.0,118.73,2025-02-16 06:00:00+01:00
2025-02-16 06:00:00+00:00,-12.3,12.4,0.0,119.15,2025-02-16 07:00:00+01:00
2025-02-16 07:00:00+00:00,-12.1,12.7,0.0,119.78,2025-02-16 08:00:00+01:00
2025-02-16 08:00:00+00:00,-11.2,11.7,0.0,105.32,2025-02-16 09:00:00+01:00
2025-02-16 09:00:00+00:00,-10.2,11.7,0.0,115.54,2025-02-16 10:00:00+01:00
2025-02-16 10:00:00+00:00,-9.1,13.2,0.0,114.0,2025-02-16 11:00:00+01:00
2025-02-16 11:00:00+00:00,-8.1,12.5,0.0,99.54,2025-02-16 12:00:00+01:00
2025-02-16 12:00:00+00:00,-7.2,12.0,0.0,108.48,2025-02-16 13:00:00+01:00
2025-02-16 13:00:00+00:00,-6.1,11.4,0.0,114.34,2025-02-16 14:00:00+01:00
2025-02-16 14:00:00+00:00,-5.7,12.7,0.0,117.64,2025-02-16 15:00:00+01:00
2025-02-16 15:00:00+00:00,-5.6,12.9,0.0,131.14,2025-02-16 16:00:00+01:00
2025-02-16 16:00:00+00:00,-6.1,12.0,0.0,146.5,2025-02-16 17:00:00+01:00
2025-02-16 17:00:00+00:00,-6.1,11.8,0.0,159.34,2025-02-16 18:00:00+01:00
2025-02-16 18:00:00+00:00,-6.4,11.4,0.0,143.43,2025-02-16 19:00:00+01:00
2025-02-16 19:00:00+00:00,-6.7,11.1,0.0,132.94,2025-02-16 20:00:00+01:00
2025-02-16 20:00:00+00:00,-7.1,10.3,0.0,126.67,2025-02-16 21:00:00+01:00
2025-02-16 21:00:00+00:00,-7.3,9.8,0.0,125.21,2025-02-16 22:00:00+01:00
2025-02-16 22:00:00+00:00,-7.1,10.3,0.0,92.61,2025-02-16 23:00:00+01:00
2025-02-16 23:00:00+00:00,-7.5,10.1,0.0,113.73,2025-02-17 00:00:00+01:00
2025-02-17 00:00:00+00:00,-7.8,10.0,0.0,99.99,2025-02-17 01:00:00+01:00
2025-02-17 01:00:00+00:00,-6.2,9.4,0.0,97.65,2025-02-17 02:00:00+01:00
2025-02-17 02:00:00+00:00,-5.8,9.9,0.0,91.62,2025-02-17 03:00:00+01:00
2025-02-17 03:00:00+00:00,-6.2,10.9,0.0,106.08,2025-02-17 04:00:00+01:00
2025-02-17 04:00:00+00:00,-6.1,11.1,0.0,119.51,2025-02-17 05:00:00+01:00
2025-02-17 05:00:00+00:00,-6.1,10.8,0.0,150.16,2025-02-17 06:00:00+01:00
2025-02-17 06:00:00+00:00,-6.2,10.8,0.0,207.89,2025-02-17 07:00:00+01:00
2025-02-17 07:00:00+00:00,-5.7,10.4,0.0,216.75,2025-02-17 08:00:00+01:00
2025-02-17 08:00:00+00:00,-4.5,11.2,0.0,171.49,2025-02-17 09:00:00+01:00
2025-02-17 09:00:00+00:00,-3.5,10.7,0.0,139.82,2025-02-17 10:00:00+01:00
2025-02-17 10:00:00+00:00,-2.9,14.5,0.0,117.31,2025-02-17 11:00:00+01:00
2025-02-17 11:00:00+00:00,-2.7,13.3,0.0,108.94,2025-02-17 12:00:00+01:00
2025-02-17 12:00:00+00:00,-2.8,12.5,0.0,106.85,2025-02-17 13:00:00+01:00
2025-02-17 13:00:00+00:00,-2.5,13.0,0.0,111.99,2025-02-17 14:00:00+01:00
2025-02-17 14:00:00+00:00,-2.8,12.8,0.0,132.5,2025-02-17 15:00:00+01:00
2025-02-17 15:00:00+00:00,-3.0,10.9,0.0,156.9,2025-02-17 16:00:00+01:00
2025-02-17 16:00:00+00:00,-3.1,9.2,0.0,215.08,2025-02-17 17:00:00+01:00
2025-02-17 17:00:00+00:00,-4.2,6.5,0.0,240.73,2025-02-17 18:00:00+01:00
2025-02-17 18:00:00+00:00,-6.8,6.0,0.0,183.82,2025-02-17 19:00:00+01:00
2025-02-17 19:00:00+00:00,-7.9,5.5,0.0,151.84,2025-02-17 20:00:00+01:00
2025-02-17 20:00:00+00:00,-8.1,6.5,0.0,131.24,2025-02-17 21:00:00+01:00
2025-02-17 21:00:00+00:00,-7.6,7.0,0.0,114.99,2025-02-17 22:00:00+01:00
2025-02-17 22:00:00+00:00,-7.5,7.8,0.0,96.99,2025-02-17 23:00:00+01:00
2025-02-17 23:00:00+00:00,-7.5,9.4,0.0,72.47,2025-02-18 00:00:00+01:00
2025-02-18 00:00:00+00:00,-7.6,9.5,0.0,54.92,2025-02-18 01:00:00+01:00
2025-02-18 01:00:00+00:00,-8.8,9.6,0.0,52.96,2025-02-18 02:00:00+01:00
2025-02-18 02:00:00+00:00,-9.5,8.8,0.0,57.29,2025-02-18 03:00:00+01:00
2025-02-18 03:00:00+00:00,-9.9,7.9,0.0,54.2,2025-02-18 04:00:00+01:00
2025-02-18 04:00:00+00:00,-10.0,8.6,0.0,60.47,2025-02-18 05:00:00+01:00
2025-02-18 05:00:00+00:00,-10.0,8.7,0.0,79.82,2025-02-18 06:00:00+01:00
2025-02-18 06:00:00+00:00,-9.8,10.3,0.0,109.33,2025-02-18 07:00:00+01:00
2025-02-18 07:00:00+00:00,-9.3,11.1,0.0,111.53,2025-02-18 08:00:00+01:00
2025-02-18 08:00:00+00:00,-8.0,11.2,0.0,84.75,2025-02-18 09:00:00+01:00
2025-02-18 09:00:00+00:00,-6.1,12.7,0.0,73.15,2025-02-18 10:00:00+01:00
2025-02-18 10:00:00+00:00,-4.3,11.8,0.0,66.38,2025-02-18 11:00:00+01:00
2025-02-18 11:00:00+00:00,-3.6,11.4,0.0,61.15,2025-02-18 12:00:00+01:00
2025-02-18 12:00:00+00:00,-2.5,11.4,0.0,56.01,2025-02-18 13:00:00+01:00
2025-02-18 13:00:00+00:00,-0.2,12.5,0.0,57.8,2025-02-18 14:00:00+01:00
2025-02-18 14:00:00+00:00,-0.3,13.9,0.0,62.39,2025-02-18 15:00:00+01:00
2025-02-18 15:00:00+00:00,-0.9,12.9,0.0,71.73,2025-02-18 16:00:00+01:00
2025-02-18 16:00:00+00:00,-1.6,12.5,0.0,103.1,2025-02-18 17:00:00+01:00
2025-02-18 17:00:00+00:00,-2.6,11.5,0.0,105.64,2025-02-18 18:00:00+01:00
2025-02-18 18:00:00+00:00,-3.6,10.2,0.0,91.77,2025-02-18 19:00:00+01:00
2025-02-18 19:00:00+00:00,-4.4,8.9,0.0,78.77,2025-02-18 20:00:00+01:00
2025-02-18 20:00:00+00:00,-5.4,7.3,0.0,77.68,2025-02-18 21:00:00+01:00
2025-02-18 21:00:00+00:00,-6.7,6.9,0.0,71.37,2025-02-18 22:00:00+01:00
2025-02-18 22:00:00+00:00,-7.7,6.8,0.0,70.27,2025-02-18 23:00:00+01:00
2025-02-18 23:00:00+00:00,-8.1,6.5,0.0,72.71,2025-02-19 00:00:00+01:00
2025-02-19 00:00:00+00:00,-8.6,5.8,0.0,70.13,2025-02-19 01:00:00+01:00
2025-02-19 01:00:00+00:00,-10.6,5.9,0.0,66.84,2025-02-19 02:00:00+01:00
2025-02-19 02:00:00+00:00,-9.2,8.3,0.0,68.21,2025-02-19 03:00:00+01:00
2025-02-19 03:00:00+00:00,-9.0,10.5,0.0,69.99,2025-02-19 04:00:00+01:00
2025-02-19 04:00:00+00:00,-8.9,10.1,0.0,86.95,2025-02-19 05:00:00+01:00
2025-02-19 05:00:00+00:00,-9.0,9.7,0.0,114.53,2025-02-19 06:00:00+01:00
2025-02-19 06:00:00+00:00,-9.4,8.1,0.0,148.76,2025-02-19 07:00:00+01:00
2025-02-19 07:00:00+00:00,-9.6,7.1,0.0,165.41,2025-02-19 08:00:00+01:00
2025-02-19 08:00:00+00:00,-9.0,6.0,0.0,125.12,2025-02-19 09:00:00+01:00
2025-02-19 09:00:00+00:00,-7.6,5.7,0.0,104.53,2025-02-19 10:00:00+01:00
2025-02-19 10:00:00+00:00,-6.5,5.8,0.0,89.15,2025-02-19 11:00:00+01:00
2025-02-19 11:00:00+00:00,-5.6,6.0,0.0,81.46,2025-02-19 12:00:00+01:00
2025-02-19 12:00:00+00:00,-4.9,5.3,0.0,79.18,2025-02-19 13:00:00+01:00
2025-02-19 13:00:00+00:00,-2.5,5.1,0.0,70.0,2025-02-19 14:00:00+01:00
2025-02-19 14:00:00+00:00,-2.9,4.2,0.0,72.53,2025-02-19 15:00:00+01:00
2025-02-19 15:00:00+00:00,-4.8,4.6,0.0,85.04,2025-02-19 16:00:00+01:00
2025-02-19 16:00:00+00:00,-5.7,4.5,0.0,94.71,2025-02-19 17:00:00+01:00
2025-02-19 17:00:00+00:00,-5.9,3.6,0.0,94.11,2025-02-19 18:00:00+01:00
2025-02-19 18:00:00+00:00,-6.5,2.0,0.0,88.56,2025-02-19 19:00:00+01:00
2025-02-19 19:00:00+00:00,-7.4,2.4,0.0,69.28,2025-02-19 20:00:00+01:00
2025-02-19 20:00:00+00:00,-7.8,4.0,0.0,58.39,2025-02-19 21:00:00+01:00
2025-02-19 21:00:00+00:00,-7.9,7.0,0.0,47.14,2025-02-19 22:00:00+01:00
2025-02-19 22:00:00+00:00,-7.1,7.0,0.0,43.28,2025-02-19 23:00:00+01:00
2025-02-19 23:00:00+00:00,-7.3,6.9,0.0,38.81,2025-02-20 00:00:00+01:00
2025-02-20 00:00:00+00:00,-7.1,7.3,0.0,37.49,2025-02-20 01:00:00+01:00
2025-02-20 01:00:00+00:00,-10.5,6.1,0.0,37.2,2025-02-20 02:00:00+01:00
2025-02-20 02:00:00+00:00,-10.5,6.5,0.0,36.65,2025-02-20 03:00:00+01:00
2025-02-20 03:00:00+00:00,-10.6,6.5,0.0,36.73,2025-02-20 04:00:00+01:00
2025-02-20 04:00:00+00:00,-10.7,6.4,0.0,39.02,2025-02-20 05:00:00+01:00
2025-02-20 05:00:00+00:00,-10.5,6.5,0.0,56.25,2025-02-20 06:00:00+01:00
2025-02-20 06:00:00+00:00,-10.1,6.7,0.0,80.28,2025-02-20 07:00:00+01:00
2025-02-20 07:00:00+00:00,-9.2,7.3,0.0,87.79,2025-02-20 08:00:00+01:00
2025-02-20 08:00:00+00:00,-7.4,7.0,0.0,63.48,2025-02-20 09:00:00+01:00
2025-02-20 09:00:00+00:00,-5.3,6.6,0.0,61.93,2025-02-20 10:00:00+01:00
2025-02-20 10:00:00+00:00,-2.9,5.2,0.0,55.07,2025-02-20 11:00:00+01:00
2025-02-20 11:00:00+00:00,-1.1,6.4,0.0,50.11,2025-02-20 12:00:00+01:00
2025-02-20 12:00:00+00:00,0.1,8.3,0.0,44.91,2025-02-20 13:00:00+01:00
2025-02-20 13:00:00+00:00,1.6,9.3,0.0,42.52,2025-02-20 14:00:00+01:00
2025-02-20 14:00:00+00:00,1.2,9.2,0.0,38.66,2025-02-20 15:00:00+01:00
2025-02-20 15:00:00+00:00,0.0,12.6,0.0,36.25,2025-02-20 16:00:00+01:00
2025-02-20 16:00:00+00:00,-1.1,15.0,0.0,37.95,2025-02-20 17:00:00+01:00
2025-02-20 17:00:00+00:00,-1.5,16.6,0.0,35.36,2025-02-20 18:00:00+01:00
2025-02-20 18:00:00+00:00,-1.2,17.7,0.0,31.82,2025-02-20 19:00:00+01:00
2025-02-20 19:00:00+00:00,-0.9,18.9,0.0,30.0,2025-02-20 20:00:00+01:00
2025-02-20 20:00:00+00:00,-0.9,20.1,0.0,26.68,2025-02-20 21:00:00+01:00
2025-02-20 21:00:00+00:00,-1.0,19.7,0.0,23.87,2025-02-20 22:00:00+01:00
2025-02-20 22:00:00+00:00,-1.0,20.3,0.0,10.0,2025-02-20 23:00:00+01:00
2025-02-20 23:00:00+00:00,-0.7,20.5,0.0,20.44,2025-02-21 00:00:00+01:00
2025-02-21 00:00:00+00:00,-0.6,20.4,0.0,11.9,2025-02-21 01:00:00+01:00
2025-02-21 01:00:00+00:00,0.2,21.9,0.0,10.04,2025-02-21 02:00:00+01:00
2025-02-21 02:00:00+00:00,0.1,23.5,0.0,10.04,2025-02-21 03:00:00+01:00
2025-02-21 03:00:00+00:00,0.6,24.3,0.0,10.01,2025-02-21 04:00:00+01:00
2025-02-21 04:00:00+00:00,0.8,24.9,0.0,28.49,2025-02-21 05:00:00+01:00
2025-02-21 05:00:00+00:00,0.7,25.1,0.0,33.11,2025-02-21 06:00:00+01:00
2025-02-21 06:00:00+00:00,0.7,24.3,0.0,47.37,2025-02-21 07:00:00+01:00
2025-02-21 07:00:00+00:00,0.5,23.1,0.0,72.08,2025-02-21 08:00:00+01:00
2025-02-21 08:00:00+00:00,0.6,22.1,0.0,55.84,2025-02-21 09:00:00+01:00
2025-02-21 09:00:00+00:00,0.8,19.9,0.0,47.24,2025-02-21 10:00:00+01:00
2025-02-21 10:00:00+00:00,1.3,17.8,0.0,39.92,2025-02-21 11:00:00+01:00
2025-02-21 11:00:00+00:00,1.4,16.9,0.0,38.24,2025-02-21 12:00:00+01:00
2025-02-21 12:00:00+00:00,1.5,15.2,0.0,37.29,2025-02-21 13:00:00+01:00
2025-02-21 13:00:00+00:00,1.3,10.4,0.0,37.21,2025-02-21 14:00:00+01:00
2025-02-21 14:00:00+00:00,1.4,10.8,0.0,39.09,2025-02-21 15:00:00+01:00
2025-02-21 15:00:00+00:00,1.4,10.5,0.0,39.05,2025-02-21 16:00:00+01:00
2025-02-21 16:00:00+00:00,1.1,9.9,0.0,41.34,2025-02-21 17:00:00+01:00
2025-02-21 17:00:00+00:00,1.1,11.1,0.0,38.77,2025-02-21 18:00:00+01:00
2025-02-21 18:00:00+00:00,1.2,12.0,0.0,32.48,2025-02-21 19:00:00+01:00
2025-02-21 19:00:00+00:00,1.1,13.6,0.0,29.55,2025-02-21 20:00:00+01:00
2025-02-21 20:00:00+00:00,1.2,14.2,0.0,27.9,2025-02-21 21:00:00+01:00
2025-02-21 21:00:00+00:00,1.4,13.0,0.0,26.41,2025-02-21 22:00:00+01:00
2025-02-21 22:00:00+00:00,1.6,14.8,0.0,25.7,2025-02-21 23:00:00+01:00
2025-02-21 23:00:00+00:00,1.7,15.3,0.0,23.43,2025-02-22 00:00:00+01:00
2025-02-22 00:00:00+00:00,1.7,14.2,0.0,19.96,2025-02-22 01:00:00+01:00
2025-02-22 01:00:00+00:00,1.7,14.6,0.0,4.91,2025-02-22 02:00:00+01:00
2025-02-22 02:00:00+00:00,1.6,16.2,0.0,8.03,2025-02-22 03:00:00+01:00
2025-02-22 03:00:00+00:00,2.0,16.5,0.0,7.99,2025-02-22 04:00:00+01:00
2025-02-22 04:00:00+00:00,2.1,15.6,0.0,10.01,2025-02-22 05:00:00+01:00
2025-02-22 05:00:00+00:00,2.1,15.0,0.0,18.21,2025-02-22 06:00:00+01:00
2025-02-22 06:00:00+00:00,2.2,13.1,0.0,29.19,2025-02-22 07:00:00+01:00
2025-02-22 07:00:00+00:00,2.4,12.1,0.0,30.62,2025-02-22 08:00:00+01:00
2025-02-22 08:00:00+00:00,3.0,14.1,0.0,31.86,2025-02-22 09:00:00+01:00
2025-02-22 09:00:00+00:00,4.2,16.9,0.0,30.26,2025-02-22 10:00:00+01:00
2025-02-22 10:00:00+00:00,5.5,18.6,0.0,19.69,2025-02-22 11:00:00+01:00
2025-02-22 11:00:00+00:00,5.7,14.1,0.0,17.33,2025-02-22 12:00:00+01:00
2025-02-22 12:00:00+00:00,5.9,13.2,0.0,29.63,2025-02-22 13:00:00+01:00
2025-02-22 13:00:00+00:00,3.7,13.7,0.0,31.81,2025-02-22 14:00:00+01:00
2025-02-22 14:00:00+00:00,3.2,16.7,0.0,31.72,2025-02-22 15:00:00+01:00
2025-02-22 15:00:00+00:00,2.8,17.1,0.0,32.74,2025-02-22 16:00:00+01:00
2025-02-22 16:00:00+00:00,2.4,16.9,0.0,34.74,2025-02-22 17:00:00+01:00
2025-02-22 17:00:00+00:00,2.4,17.9,0.0,34.52,2025-02-22 18:00:00+01:00
2025-02-22 18:00:00+00:00,2.4,18.4,0.0,34.24,2025-02-22 19:00:00+01:00
2025-02-22 19:00:00+00:00,1.9,17.7,0.0,33.44,2025-02-22 20:00:00+01:00
2025-02-22 20:00:00+00:00,1.7,17.9,0.0,32.46,2025-02-22 21:00:00+01:00
2025-02-22 21:00:00+00:00,1.5,18.7,0.0,33.18,2025-02-22 22:00:00+01:00
2025-02-22 22:00:00+00:00,1.6,18.4,0.0,31.2,2025-02-22 23:00:00+01:00
2025-02-22 23:00:00+00:00,1.7,17.1,0.0,29.96,2025-02-23 00:00:00+01:00
2025-02-23 00:00:00+00:00,1.7,15.8,0.0,30.07,2025-02-23 01:00:00+01:00
2025-02-23 01:00:00+00:00,2.2,15.5,0.0,29.95,2025-02-23 02:00:00+01:00
2025-02-23 02:00:00+00:00,2.1,14.8,0.0,29.95,2025-02-23 03:00:00+01:00
2025-02-23 03:00:00+00:00,1.9,13.2,0.0,29.99,2025-02-23 04:00:00+01:00
2025-02-23 04:00:00+00:00,1.8,13.3,0.0,30.43,2025-02-23 05:00:00+01:00
2025-02-23 05:00:00+00:00,1.8,13.0,0.0,30.66,2025-02-23 06:00:00+01:00
2025-02-23 06:00:00+00:00,2.4,12.4,0.0,31.2,2025-02-23 07:00:00+01:00
2025-02-23 07:00:00+00:00,2.8,11.2,0.0,33.8,2025-02-23 08:00:00+01:00
2025-02-23 08:00:00+00:00,3.2,10.5,0.0,35.13,2025-02-23 09:00:00+01:00
2025-02-23 09:00:00+00:00,3.2,10.8,0.4,34.97,2025-02-23 10:00:00+01:00
2025-02-23 10:00:00+00:00,3.2,10.1,0.3,34.66,2025-02-23 11:00:00+01:00
2025-02-23 11:00:00+00:00,3.7,10.7,0.0,30.91,2025-02-23 12:00:00+01:00
2025-02-23 12:00:00+00:00,4.7,10.1,0.0,30.76,2025-02-23 13:00:00+01:00
2025-02-23 13:00:00+00:00,4.7,10.2,0.0,30.79,2025-02-23 14:00:00+01:00
2025-02-23 14:00:00+00:00,4.9,10.6,0.0,34.38,2025-02-23 15:00:00+01:00
2025-02-23 15:00:00+00:00,4.7,11.5,0.0,35.91,2025-02-23 16:00:00+01:00
2025-02-23 16:00:00+00:00,4.5,12.0,0.0,38.48,2025-02-23 17:00:00+01:00
2025-02-23 17:00:00+00:00,4.3,12.2,0.0,38.27,2025-02-23 18:00:00+01:00
2025-02-23 18:00:00+00:00,4.0,12.5,0.0,37.82,2025-02-23 19:00:00+01:00
2025-02-23 19:00:00+00:00,3.6,11.6,0.0,36.1,2025-02-23 20:00:00+01:00
2025-02-23 20:00:00+00:00,3.4,11.1,0.0,31.59,2025-02-23 21:00:00+01:00
2025-02-23 21:00:00+00:00,3.2,11.0,0.0,30.33,2025-02-23 22:00:00+01:00
2025-02-23 22:00:00+00:00,2.9,11.2,0.0,28.97,2025-02-23 23:00:00+01:00
2025-02-23 23:00:00+00:00,2.7,7.8,0.0,7.07,2025-02-24 00:00:00+01:00
2025-02-24 00:00:00+00:00,2.7,10.4,0.0,9.46,2025-02-24 01:00:00+01:00
2025-02-24 01:00:00+00:00,3.0,10.8,0.0,6.07,2025-02-24 02:00:00+01:00
2025-02-24 02:00:00+00:00,2.9,11.0,0.0,1.55,2025-02-24 03:00:00+01:00
2025-02-24 03:00:00+00:00,2.8,11.9,0.0,1.85,2025-02-24 04:00:00+01:00
2025-02-24 04:00:00+00:00,2.8,12.2,0.0,3.19,2025-02-24 05:00:00+01:00
2025-02-24 05:00:00+00:00,2.6,12.9,0.0,20.12,2025-02-24 06:00:00+01:00
2025-02-24 06:00:00+00:00,1.9,13.6,0.0,28.92,2025-02-24 07:00:00+01:00
2025-02-24 07:00:00+00:00,1.3,14.4,0.0,31.25,2025-02-24 08:00:00+01:00
2025-02-24 08:00:00+00:00,1.3,14.4,0.0,30.45,2025-02-24 09:00:00+01:00
2025-02-24 09:00:00+00:00,1.4,15.3,0.0,30.07,2025-02-24 10:00:00+01:00
2025-02-24 10:00:00+00:00,1.8,15.7,0.0,26.97,2025-02-24 11:00:00+01:00
2025-02-24 11:00:00+00:00,2.1,17.7,0.0,25.03,2025-02-24 12:00:00+01:00
2025-02-24 12:00:00+00:00,2.0,19.1,0.0,23.83,2025-02-24 13:00:00+01:00
2025-02-24 13:00:00+00:00,3.2,23.9,0.0,23.81,2025-02-24 14:00:00+01:00
2025-02-24 14:00:00+00:00,3.5,21.4,0.0,25.13,2025-02-24 15:00:00+01:00
2025-02-24 15:00:00+00:00,3.6,19.9,0.0,29.16,2025-02-24 16:00:00+01:00
2025-02-24 16:00:00+00:00,3.4,19.6,0.0,32.62,2025-02-24 17:00:00+01:00
2025-02-24 17:00:00+00:00,3.1,19.6,0.0,32.66,2025-02-24 18:00:00+01:00
2025-02-24 18:00:00+00:00,2.7,20.2,0.0,30.58,2025-02-24 19:00:00+01:00
2025-02-24 19:00:00+00:00,2.4,21.5,0.0,28.79,2025-02-24 20:00:00+01:00
2025-02-24 20:00:00+00:00,2.1,22.0,0.0,19.96,2025-02-24 21:00:00+01:00
2025-02-24 21:00:00+00:00,2.1,22.2,0.0,10.0,2025-02-24 22:00:00+01:00
2025-02-24 22:00:00+00:00,2.1,22.1,0.0,3.51,2025-02-24 23:00:00+01:00
2025-02-24 23:00:00+00:00,2.3,21.0,0.0,0.9,2025-02-25 00:00:00+01:00
2025-02-25 00:00:00+00:00,2.6,19.8,0.0,0.65,2025-02-25 01:00:00+01:00
2025-02-25 01:00:00+00:00,2.5,18.6,0.0,0.83,2025-02-25 02:00:00+01:00
2025-02-25 02:00:00+00:00,2.8,17.5,0.1,2.82,2025-02-25 03:00:00+01:00
2025-02-25 03:00:00+00:00,2.9,17.9,0.2,16.22,2025-02-25 04:00:00+01:00
2025-02-25 04:00:00+00:00,3.0,18.6,0.2,28.82,2025-02-25 05:00:00+01:00
2025-02-25 05:00:00+00:00,3.1,19.3,0.1,34.76,2025-02-25 06:00:00+01:00
2025-02-25 06:00:00+00:00,3.2,17.9,0.1,37.08,2025-02-25 07:00:00+01:00
2025-02-25 07:00:00+00:00,3.3,15.8,0.1,37.66,2025-02-25 08:00:00+01:00
2025-02-25 08:00:00+00:00,3.9,15.9,0.0,37.5,2025-02-25 09:00:00+01:00
2025-02-25 09:00:00+00:00,3.9,13.4,0.0,38.47,2025-02-25 10:00:00+01:00
2025-02-25 10:00:00+00:00,4.2,11.8,0.1,37.34,2025-02-25 11:00:00+01:00
2025-02-25 11:00:00+00:00,4.7,10.2,0.0,36.23,2025-02-25 12:00:00+01:00
2025-02-25 12:00:00+00:00,5.6,9.1,0.0,35.94,2025-02-25 13:00:00+01:00
2025-02-25 13:00:00+00:00,5.9,6.7,0.0,36.29,2025-02-25 14:00:00+01:00
2025-02-25 14:00:00+00:00,6.0,6.9,0.0,36.55,2025-02-25 15:00:00+01:00
2025-02-25 15:00:00+00:00,5.8,7.5,0.0,36.74,2025-02-25 16:00:00+01:00
2025-02-25 16:00:00+00:00,5.5,8.2,0.0,39.38,2025-02-25 17:00:00+01:00
2025-02-25 17:00:00+00:00,5.2,7.5,0.0,39.85,2025-02-25 18:00:00+01:00
2025-02-25 18:00:00+00:00,5.0,8.6,0.1,37.94,2025-02-25 19:00:00+01:00
2025-02-25 19:00:00+00:00,4.7,9.5,0.0,36.91,2025-02-25 20:00:00+01:00
2025-02-25 20:00:00+00:00,3.9,9.6,0.0,35.23,2025-02-25 21:00:00+01:00
2025-02-25 21:00:00+00:00,2.4,8.1,0.0,31.95,2025-02-25 22:00:00+01:00
2025-02-25 22:00:00+00:00,2.4,5.4,0.0,30.85,2025-02-25 23:00:00+01:00
2025-02-25 23:00:00+00:00,2.1,3.7,0.0,27.31,2025-02-26 00:00:00+01:00
2025-02-26 00:00:00+00:00,2.1,4.6,0.0,25.96,2025-02-26 01:00:00+01:00
2025-02-26 01:00:00+00:00,1.6,3.9,0.0,25.48,2025-02-26 02:00:00+01:00
2025-02-26 02:00:00+00:00,1.5,5.5,0.0,25.17,2025-02-26 03:00:00+01:00
2025-02-26 03:00:00+00:00,1.6,9.0,0.0,25.49,2025-02-26 04:00:00+01:00
2025-02-26 04:00:00+00:00,1.5,10.2,0.0,29.6,2025-02-26 05:00:00+01:00
2025-02-26 05:00:00+00:00,1.5,9.4,0.0,50.58,2025-02-26 06:00:00+01:00
2025-02-26 06:00:00+00:00,1.5,10.1,0.0,71.58,2025-02-26 07:00:00+01:00
2025-02-26 07:00:00+00:00,2.0,12.1,0.0,91.39,2025-02-26 08:00:00+01:00
2025-02-26 08:00:00+00:00,2.7,13.1,0.0,79.89,2025-02-26 09:00:00+01:00
2025-02-26 09:00:00+00:00,2.8,13.6,0.0,55.96,2025-02-26 10:00:00+01:00
2025-02-26 10:00:00+00:00,2.8,14.4,0.0,53.04,2025-02-26 11:00:00+01:00
2025-02-26 11:00:00+00:00,2.9,13.8,0.0,54.39,2025-02-26 12:00:00+01:00
2025-02-26 12:00:00+00:00,3.1,12.9,0.0,50.67,2025-02-26 13:00:00+01:00
2025-02-26 13:00:00+00:00,4.8,12.0,0.0,48.72,2025-02-26 14:00:00+01:00
2025-02-26 14:00:00+00:00,4.8,8.9,0.0,45.74,2025-02-26 15:00:00+01:00
2025-02-26 15:00:00+00:00,4.6,8.3,0.0,50.19,2025-02-26 16:00:00+01:00
2025-02-26 16:00:00+00:00,3.9,9.7,0.0,63.58,2025-02-26 17:00:00+01:00
2025-02-26 17:00:00+00:00,3.5,11.2,0.0,67.31,2025-02-26 18:00:00+01:00
2025-02-26 18:00:00+00:00,3.4,11.5,0.0,49.5,2025-02-26 19:00:00+01:00
2025-02-26 19:00:00+00:00,3.2,11.3,0.0,39.37,2025-02-26 20:00:00+01:00
2025-02-26 20:00:00+00:00,2.7,9.2,0.0,38.73,2025-02-26 21:00:00+01:00
2025-02-26 21:00:00+00:00,2.5,6.7,0.0,36.71,2025-02-26 22:00:00+01:00
2025-02-26 22:00:00+00:00,2.2,5.8,0.0,34.61,2025-02-26 23:00:00+01:00
2025-02-26 23:00:00+00:00,1.8,5.9,0.0,29.45,2025-02-27 00:00:00+01:00
2025-02-27 00:00:00+00:00,1.5,5.6,0.0,29.29,2025-02-27 01:00:00+01:00
2025-02-27 01:00:00+00:00,2.0,5.4,0.0,29.38,2025-02-27 02:00:00+01:00
2025-02-27 02:00:00+00:00,1.8,4.9,0.0,29.76,2025-02-27 03:00:00+01:00
2025-02-27 03:00:00+00:00,1.8,4.5,0.0,31.28,2025-02-27 04:00:00+01:00
2025-02-27 04:00:00+00:00,1.7,3.7,0.0,34.2,2025-02-27 05:00:00+01:00
2025-02-27 05:00:00+00:00,1.7,5.1,0.0,42.62,2025-02-27 06:00:00+01:00
2025-02-27 06:00:00+00:00,1.5,7.1,0.0,79.59,2025-02-27 07:00:00+01:00
2025-02-27 07:00:00+00:00,1.7,7.3,0.0,89.76,2025-02-27 08:00:00+01:00
2025-02-27 08:00:00+00:00,2.1,7.2,0.0,113.48,2025-02-27 09:00:00+01:00
2025-02-27 09:00:00+00:00,3.1,7.2,0.0,70.39,2025-02-27 10:00:00+01:00
2025-02-27 10:00:00+00:00,3.7,6.1,0.0,63.98,2025-02-27 11:00:00+01:00
2025-02-27 11:00:00+00:00,4.0,7.6,0.2,65.66,2025-02-27 12:00:00+01:00
2025-02-27 12:00:00+00:00,3.5,7.4,0.1,56.01,2025-02-27 13:00:00+01:00
2025-02-27 13:00:00+00:00,3.4,5.7,0.1,52.16,2025-02-27 14:00:00+01:00
2025-02-27 14:00:00+00:00,3.4,5.6,0.0,48.11,2025-02-27 15:00:00+01:00
2025-02-27 15:00:00+00:00,3.5,7.4,0.0,49.47,2025-02-27 16:00:00+01:00
2025-02-27 16:00:00+00:00,2.9,7.2,0.0,80.4,2025-02-27 17:00:00+01:00
2025-02-27 17:00:00+00:00,2.4,7.0,0.0,93.09,2025-02-27 18:00:00+01:00
2025-02-27 18:00:00+00:00,0.9,6.2,0.0,70.39,2025-02-27 19:00:00+01:00
2025-02-27 19:00:00+00:00,0.3,6.9,0.0,50.18,2025-02-27 20:00:00+01:00
2025-02-27 20:00:00+00:00,-0.2,7.5,0.0,52.78,2025-02-27 21:00:00+01:00
2025-02-27 21:00:00+00:00,-0.4,7.9,0.0,47.26,2025-02-27 22:00:00+01:00
2025-02-27 22:00:00+00:00,-0.8,8.0,0.0,40.59,2025-02-27 23:00:00+01:00
2025-02-27 23:00:00+00:00,-1.0,7.6,0.0,27.88,2025-02-28 00:00:00+01:00
2025-02-28 00:00:00+00:00,-1.2,7.2,0.0,26.99,2025-02-28 01:00:00+01:00
2025-02-28 01:00:00+00:00,-1.8,6.5,0.0,26.89,2025-02-28 02:00:00+01:00
2025-02-28 02:00:00+00:00,-1.9,6.9,0.0,26.85,2025-02-28 03:00:00+01:00
2025-02-28 03:00:00+00:00,-1.6,7.0,0.0,26.81,2025-02-28 04:00:00+01:00
2025-02-28 04:00:00+00:00,-1.2,6.5,0.0,35.97,2025-02-28 05:00:00+01:00
2025-02-28 05:00:00+00:00,-0.9,6.1,0.0,47.3,2025-02-28 06:00:00+01:00
2025-02-28 06:00:00+00:00,-0.7,6.6,0.0,103.32,2025-02-28 07:00:00+01:00
2025-02-28 07:00:00+00:00,-0.2,7.9,0.0,157.55,2025-02-28 08:00:00+01:00
2025-02-28 08:00:00+00:00,0.4,8.3,0.0,140.12,2025-02-28 09:00:00+01:00
2025-02-28 09:00:00+00:00,0.8,7.3,0.0,125.95,2025-02-28 10:00:00+01:00
2025-02-28 10:00:00+00:00,1.2,6.7,0.0,75.63,2025-02-28 11:00:00+01:00
2025-02-28 11:00:00+00:00,1.6,6.5,0.0,66.56,2025-02-28 12:00:00+01:00
2025-02-28 12:00:00+00:00,1.7,7.1,0.0,48.65,2025-02-28 13:00:00+01:00
2025-02-28 13:00:00+00:00,1.0,6.2,0.0,44.88,2025-02-28 14:00:00+01:00
2025-02-28 14:00:00+00:00,0.9,6.4,0.0,42.07,2025-02-28 15:00:00+01:00
2025-02-28 15:00:00+00:00,0.9,7.6,0.0,51.14,2025-02-28 16:00:00+01:00
2025-02-28 16:00:00+00:00,0.6,4.7,0.0,102.93,2025-02-28 17:00:00+01:00
2025-02-28 17:00:00+00:00,0.3,5.3,0.0,138.35,2025-02-28 18:00:00+01:00
2025-02-28 18:00:00+00:00,0.3,4.4,0.0,65.44,2025-02-28 19:00:00+01:00
2025-02-28 19:00:00+00:00,0.2,5.2,0.0,57.77,2025-02-28 20:00:00+01:00
2025-02-28 20:00:00+00:00,-0.1,7.1,0.0,51.66,2025-02-28 21:00:00+01:00
2025-02-28 21:00:00+00:00,-0.7,7.3,0.0,45.25,2025-02-28 22:00:00+01:00
2025-02-28 22:00:00+00:00,-1.4,8.0,0.0,40.24,2025-02-28 23:00:00+01:00
2025-02-28 23:00:00+00:00,-1.9,8.9,0.0,36.85,2025-03-01 00:00:00+01:00
2025-03-01 00:00:00+00:00,-2.3,8.2,0.0,38.94,2025-03-01 01:00:00+01:00
2025-03-01 01:00:00+00:00,-2.4,8.4,0.0,34.22,2025-03-01 02:00:00+01:00
2025-03-01 02:00:00+00:00,-2.3,9.7,0.0,38.06,2025-03-01 03:00:00+01:00
2025-03-01 03:00:00+00:00,-2.2,8.9,0.0,33.96,2025-03-01 04:00:00+01:00
2025-03-01 04:00:00+00:00,-2.3,9.3,0.0,33.56,2025-03-01 05:00:00+01:00
2025-03-01 05:00:00+00:00,-2.3,9.6,0.0,46.79,2025-03-01 06:00:00+01:00
2025-03-01 06:00:00+00:00,-2.1,10.3,0.0,51.41,2025-03-01 07:00:00+01:00
2025-03-01 07:00:00+00:00,-1.4,10.2,0.0,67.6,2025-03-01 08:00:00+01:00
2025-03-01 08:00:00+00:00,-0.2,10.0,0.0,67.76,2025-03-01 09:00:00+01:00
2025-03-01 09:00:00+00:00,1.0,8.3,0.0,34.3,2025-03-01 10:00:00+01:00
2025-03-01 10:00:00+00:00,2.2,8.5,0.0,26.94,2025-03-01 11:00:00+01:00
2025-03-01 11:00:00+00:00,3.3,8.8,0.0,38.05,2025-03-01 12:00:00+01:00
2025-03-01 12:00:00+00:00,3.9,8.5,0.0,26.83,2025-03-01 13:00:00+01:00
2025-03-01 13:00:00+00:00,1.4,11.2,0.0,27.48,2025-03-01 14:00:00+01:00
2025-03-01 14:00:00+00:00,1.8,10.4,0.0,30.97,2025-03-01 15:00:00+01:00
2025-03-01 15:00:00+00:00,1.8,9.9,0.0,39.89,2025-03-01 16:00:00+01:00
2025-03-01 16:00:00+00:00,0.8,8.7,0.0,43.48,2025-03-01 17:00:00+01:00
2025-03-01 17:00:00+00:00,0.4,10.0,0.0,43.21,2025-03-01 18:00:00+01:00
2025-03-01 18:00:00+00:00,0.4,14.8,0.0,36.74,2025-03-01 19:00:00+01:00
2025-03-01 19:00:00+00:00,0.1,14.3,0.0,23.99,2025-03-01 20:00:00+01:00
2025-03-01 20:00:00+00:00,0.1,13.2,0.0,14.58,2025-03-01 21:00:00+01:00
2025-03-01 21:00:00+00:00,0.3,11.4,0.0,4.58,2025-03-01 22:00:00+01:00
2025-03-01 22:00:00+00:00,-0.2,13.0,0.0,3.58,2025-03-01 23:00:00+01:00
2025-03-01 23:00:00+00:00,-0.2,13.3,0.0,8.02,2025-03-02 00:00:00+01:00
2025-03-02 00:00:00+00:00,-0.8,13.6,0.0,4.7,2025-03-02 01:00:00+01:00
2025-03-02 01:00:00+00:00,-0.3,13.9,0.0,3.11,2025-03-02 02:00:00+01:00
2025-03-02 02:00:00+00:00,-0.5,13.2,0.0,1.31,2025-03-02 03:00:00+01:00
2025-03-02 03:00:00+00:00,-0.6,12.7,0.0,1.46,2025-03-02 04:00:00+01:00
2025-03-02 04:00:00+00:00,-0.8,12.6,0.0,1.48,2025-03-02 05:00:00+01:00
2025-03-02 05:00:00+00:00,-0.7,14.2,0.0,2.66,2025-03-02 06:00:00+01:00
2025-03-02 06:00:00+00:00,-0.5,14.2,0.0,3.02,2025-03-02 07:00:00+01:00
2025-03-02 07:00:00+00:00,0.7,15.4,0.0,2.81,2025-03-02 08:00:00+01:00
2025-03-02 08:00:00+00:00,2.3,15.4,0.0,2.02,2025-03-02 09:00:00+01:00
2025-03-02 09:00:00+00:00,3.8,14.1,0.0,1.46,2025-03-02 10:00:00+01:00
2025-03-02 10:00:00+00:00,5.0,17.4,0.0,1.01,2025-03-02 11:00:00+01:00
2025-03-02 11:00:00+00:00,6.2,16.9,0.0,0.05,2025-03-02 12:00:00+01:00
2025-03-02 12:00:00+00:00,7.0,18.4,0.0,0.2,2025-03-02 13:00:00+01:00
2025-03-02 13:00:00+00:00,6.3,18.4,0.0,0.58,2025-03-02 14:00:00+01:00
2025-03-02 14:00:00+00:00,6.4,19.0,0.0,1.88,2025-03-02 15:00:00+01:00
2025-03-02 15:00:00+00:00,6.0,17.1,0.0,2.8,2025-03-02 16:00:00+01:00
2025-03-02 16:00:00+00:00,5.4,14.3,0.0,4.62,2025-03-02 17:00:00+01:00
2025-03-02 17:00:00+00:00,4.8,13.6,0.0,8.05,2025-03-02 18:00:00+01:00
2025-03-02 18:00:00+00:00,4.6,13.8,0.0,4.62,2025-03-02 19:00:00+01:00
2025-03-02 19:00:00+00:00,4.1,16.3,0.0,4.21,2025-03-02 20:00:00+01:00
2025-03-02 20:00:00+00:00,4.2,18.7,0.0,3.44,2025-03-02 21:00:00+01:00
2025-03-02 21:00:00+00:00,3.5,17.8,0.0,2.98,2025-03-02 22:00:00+01:00
2025-03-02 22:00:00+00:00,3.2,19.0,0.0,2.03,2025-03-02 23:00:00+01:00
2025-03-02 23:00:00+00:00,3.0,18.8,0.0,2.55,2025-03-03 00:00:00+01:00
2025-03-03 00:00:00+00:00,2.7,18.4,0.0,2.29,2025-03-03 01:00:00+01:00
2025-03-03 01:00:00+00:00,3.5,18.1,0.0,1.88,2025-03-03 02:00:00+01:00
2025-03-03 02:00:00+00:00,3.2,18.6,0.0,1.2,2025-03-03 03:00:00+01:00
2025-03-03 03:00:00+00:00,3.1,19.4,0.0,1.23,2025-03-03 04:00:00+01:00
2025-03-03 04:00:00+00:00,2.9,19.4,0.0,2.59,2025-03-03 05:00:00+01:00
2025-03-03 05:00:00+00:00,2.7,19.9,0.0,3.26,2025-03-03 06:00:00+01:00
2025-03-03 06:00:00+00:00,2.4,19.9,0.0,22.35,2025-03-03 07:00:00+01:00
2025-03-03 07:00:00+00:00,2.8,19.9,0.0,31.13,2025-03-03 08:00:00+01:00
2025-03-03 08:00:00+00:00,3.6,20.2,0.0,20.06,2025-03-03 09:00:00+01:00
2025-03-03 09:00:00+00:00,4.5,19.8,0.0,4.35,2025-03-03 10:00:00+01:00
2025-03-03 10:00:00+00:00,5.4,22.2,0.0,3.81,2025-03-03 11:00:00+01:00
2025-03-03 11:00:00+00:00,6.5,21.8,0.0,2.37,2025-03-03 12:00:00+01:00
2025-03-03 12:00:00+00:00,7.6,19.5,0.0,1.63,2025-03-03 13:00:00+01:00
2025-03-03 13:00:00+00:00,8.8,18.7,0.0,2.08,2025-03-03 14:00:00+01:00
2025-03-03 14:00:00+00:00,8.8,21.7,0.0,1.99,2025-03-03 15:00:00+01:00
2025-03-03 15:00:00+00:00,8.0,22.2,0.0,2.9,2025-03-03 16:00:00+01:00
2025-03-03 16:00:00+00:00,7.1,22.2,0.0,23.56,2025-03-03 17:00:00+01:00
2025-03-03 17:00:00+00:00,6.4,20.0,0.0,23.83,2025-03-03 18:00:00+01:00
2025-03-03 18:00:00+00:00,5.7,20.0,0.0,17.5,2025-03-03 19:00:00+01:00
2025-03-03 19:00:00+00:00,5.4,22.0,0.0,2.79,2025-03-03 20:00:00+01:00
2025-03-03 20:00:00+00:00,5.1,22.6,0.0,0.95,2025-03-03 21:00:00+01:00
2025-03-03 21:00:00+00:00,4.7,21.6,0.0,-0.09,2025-03-03 22:00:00+01:00
2025-03-03 22:00:00+00:00,4.3,21.8,0.0,-0.81,2025-03-03 23:00:00+01:00
2025-03-03 23:00:00+00:00,4.2,22.3,0.0,-0.53,2025-03-04 00:00:00+01:00
2025-03-04 00:00:00+00:00,4.3,24.2,0.0,-0.67,2025-03-04 01:00:00+01:00
2025-03-04 01:00:00+00:00,5.6,25.4,0.0,-0.72,2025-03-04 02:00:00+01:00
2025-03-04 02:00:00+00:00,5.6,24.8,0.0,-0.71,2025-03-04 03:00:00+01:00
2025-03-04 03:00:00+00:00,5.4,25.6,0.0,-0.56,2025-03-04 04:00:00+01:00
2025-03-04 04:00:00+00:00,5.3,26.2,0.0,0.91,2025-03-04 05:00:00+01:00
2025-03-04 05:00:00+00:00,5.2,25.6,0.0,2.42,2025-03-04 06:00:00+01:00
2025-03-04 06:00:00+00:00,5.0,24.0,0.0,4.92,2025-03-04 07:00:00+01:00
2025-03-04 07:00:00+00:00,5.2,22.7,0.0,10.01,2025-03-04 08:00:00+01:00
2025-03-04 08:00:00+00:00,5.8,22.9,0.0,4.93,2025-03-04 09:00:00+01:00
2025-03-04 09:00:00+00:00,6.8,18.0,0.0,3.83,2025-03-04 10:00:00+01:00
2025-03-04 10:00:00+00:00,7.6,19.6,0.0,3.63,2025-03-04 11:00:00+01:00
2025-03-04 11:00:00+00:00,7.8,19.3,0.0,3.65,2025-03-04 12:00:00+01:00
2025-03-04 12:00:00+00:00,8.9,17.9,0.0,3.86,2025-03-04 13:00:00+01:00
2025-03-04 13:00:00+00:00,8.1,14.8,0.0,5.33,2025-03-04 14:00:00+01:00
2025-03-04 14:00:00+00:00,8.2,14.0,0.0,11.5,2025-03-04 15:00:00+01:00
2025-03-04 15:00:00+00:00,7.5,11.7,0.0,16.34,2025-03-04 16:00:00+01:00
2025-03-04 16:00:00+00:00,6.2,8.7,0.0,23.25,2025-03-04 17:00:00+01:00
2025-03-04 17:00:00+00:00,5.4,10.5,0.0,23.09,2025-03-04 18:00:00+01:00
2025-03-04 18:00:00+00:00,4.9,13.9,0.0,19.18,2025-03-04 19:00:00+01:00
2025-03-04 19:00:00+00:00,4.7,15.6,0.0,6.13,2025-03-04 20:00:00+01:00
2025-03-04 20:00:00+00:00,4.7,17.5,0.1,4.51,2025-03-04 21:00:00+01:00
2025-03-04 21:00:00+00:00,4.8,17.6,0.1,3.27,2025-03-04 22:00:00+01:00
2025-03-04 22:00:00+00:00,5.3,19.8,0.0,1.18,2025-03-04 23:00:00+01:00
2025-03-04 23:00:00+00:00,5.8,23.1,0.0,-0.83,2025-03-05 00:00:00+01:00
2025-03-05 00:00:00+00:00,6.0,22.4,0.0,-1.04,2025-03-05 01:00:00+01:00
2025-03-05 01:00:00+00:00,6.8,26.7,0.0,-1.21,2025-03-05 02:00:00+01:00
2025-03-05 02:00:00+00:00,6.5,28.7,0.1,-1.3,2025-03-05 03:00:00+01:00
2025-03-05 03:00:00+00:00,6.0,28.8,0.1,-1.18,2025-03-05 04:00:00+01:00
2025-03-05 04:00:00+00:00,6.1,26.8,0.1,-0.91,2025-03-05 05:00:00+01:00
2025-03-05 05:00:00+00:00,6.2,24.3,0.1,0.8,2025-03-05 06:00:00+01:00
2025-03-05 06:00:00+00:00,6.2,24.9,0.0,2.87,2025-03-05 07:00:00+01:00
2025-03-05 07:00:00+00:00,6.4,24.9,0.0,3.39,2025-03-05 08:00:00+01:00
2025-03-05 08:00:00+00:00,6.9,23.5,0.0,2.57,2025-03-05 09:00:00+01:00
2025-03-05 09:00:00+00:00,7.8,24.2,0.0,0.56,2025-03-05 10:00:00+01:00
2025-03-05 10:00:00+00:00,8.6,18.4,0.0,-0.48,2025-03-05 11:00:00+01:00
2025-03-05 11:00:00+00:00,9.4,18.8,0.0,-0.56,2025-03-05 12:00:00+01:00
2025-03-05 12:00:00+00:00,9.8,22.0,0.0,-0.57,2025-03-05 13:00:00+01:00
2025-03-05 13:00:00+00:00,9.0,22.9,0.0,0.33,2025-03-05 14:00:00+01:00
2025-03-05 14:00:00+00:00,9.1,23.5,0.0,1.45,2025-03-05 15:00:00+01:00
2025-03-05 15:00:00+00:00,8.6,25.4,0.0,4.96,2025-03-05 16:00:00+01:00
2025-03-05 16:00:00+00:00,8.1,23.4,0.0,22.09,2025-03-05 17:00:00+01:00
2025-03-05 17:00:00+00:00,7.7,22.2,0.0,22.21,2025-03-05 18:00:00+01:00
2025-03-05 18:00:00+00:00,7.7,22.0,0.0,15.48,2025-03-05 19:00:00+01:00
2025-03-05 19:00:00+00:00,7.7,22.9,0.0,3.49,2025-03-05 20:00:00+01:00
2025-03-05 20:00:00+00:00,7.8,21.0,0.0,3.68,2025-03-05 21:00:00+01:00
2025-03-05 21:00:00+00:00,8.4,21.4,0.0,3.07,2025-03-05 22:00:00+01:00
2025-03-05 22:00:00+00:00,8.3,24.5,0.0,2.19,2025-03-05 23:00:00+01:00
2025-03-05 23:00:00+00:00,8.2,26.9,0.0,2.89,2025-03-06 00:00:00+01:00
2025-03-06 00:00:00+00:00,8.1,26.4,0.0,1.98,2025-03-06 01:00:00+01:00
2025-03-06 01:00:00+00:00,8.3,26.3,0.0,1.5,2025-03-06 02:00:00+01:00
2025-03-06 02:00:00+00:00,8.1,27.9,0.0,1.38,2025-03-06 03:00:00+01:00
2025-03-06 03:00:00+00:00,8.1,30.1,0.0,1.65,2025-03-06 04:00:00+01:00
2025-03-06 04:00:00+00:00,8.1,29.4,0.0,3.18,2025-03-06 05:00:00+01:00
2025-03-06 05:00:00+00:00,8.2,28.1,0.0,43.33,2025-03-06 06:00:00+01:00
2025-03-06 06:00:00+00:00,8.3,28.2,0.0,52.84,2025-03-06 07:00:00+01:00
2025-03-06 07:00:00+00:00,8.5,28.6,0.0,52.06,2025-03-06 08:00:00+01:00
2025-03-06 08:00:00+00:00,8.6,27.7,0.0,34.77,2025-03-06 09:00:00+01:00
2025-03-06 09:00:00+00:00,9.4,28.2,0.0,5.48,2025-03-06 10:00:00+01:00
2025-03-06 10:00:00+00:00,10.5,23.6,0.0,3.01,2025-03-06 11:00:00+01:00
2025-03-06 11:00:00+00:00,11.6,22.9,0.0,0.56,2025-03-06 12:00:00+01:00
2025-03-06 12:00:00+00:00,12.0,23.0,0.0,0.29,2025-03-06 13:00:00+01:00
2025-03-06 13:00:00+00:00,11.9,23.0,0.0,3.4,2025-03-06 14:00:00+01:00
2025-03-06 14:00:00+00:00,11.7,27.6,0.0,8.39,2025-03-06 15:00:00+01:00
2025-03-06 15:00:00+00:00,11.0,24.3,0.0,40.56,2025-03-06 16:00:00+01:00
2025-03-06 16:00:00+00:00,9.8,22.5,0.0,27.74,2025-03-06 17:00:00+01:00
2025-03-06 17:00:00+00:00,8.9,22.2,0.0,28.04,2025-03-06 18:00:00+01:00
2025-03-06 18:00:00+00:00,8.2,21.8,0.0,27.66,2025-03-06 19:00:00+01:00
2025-03-06 19:00:00+00:00,7.7,19.6,0.0,27.23,2025-03-06 20:00:00+01:00
2025-03-06 20:00:00+00:00,7.1,17.1,0.0,24.89,2025-03-06 21:00:00+01:00
2025-03-06 21:00:00+00:00,6.6,14.8,0.0,21.64,2025-03-06 22:00:00+01:00
2025-03-06 22:00:00+00:00,5.9,12.8,0.0,18.94,2025-03-06 23:00:00+01:00
2025-03-06 23:00:00+00:00,5.3,12.6,0.0,14.5,2025-03-07 00:00:00+01:00
2025-03-07 00:00:00+00:00,4.9,12.5,0.0,16.2,2025-03-07 01:00:00+01:00
2025-03-07 01:00:00+00:00,5.4,11.0,0.0,19.65,2025-03-07 02:00:00+01:00
2025-03-07 02:00:00+00:00,5.2,10.2,0.0,20.92,2025-03-07 03:00:00+01:00
2025-03-07 03:00:00+00:00,5.5,9.6,0.0,23.48,2025-03-07 04:00:00+01:00
2025-03-07 04:00:00+00:00,5.8,8.6,0.0,27.25,2025-03-07 05:00:00+01:00
2025-03-07 05:00:00+00:00,5.9,8.3,0.0,31.11,2025-03-07 06:00:00+01:00
2025-03-07 06:00:00+00:00,6.0,9.3,0.0,46.68,2025-03-07 07:00:00+01:00
2025-03-07 07:00:00+00:00,6.1,10.9,0.0,48.51,2025-03-07 08:00:00+01:00
2025-03-07 08:00:00+00:00,6.5,11.5,0.0,34.98,2025-03-07 09:00:00+01:00
2025-03-07 09:00:00+00:00,7.2,11.0,0.0,32.4,2025-03-07 10:00:00+01:00
2025-03-07 10:00:00+00:00,8.5,11.1,0.0,27.3,2025-03-07 11:00:00+01:00
2025-03-07 11:00:00+00:00,10.0,11.2,0.0,12.43,2025-03-07 12:00:00+01:00
2025-03-07 12:00:00+00:00,11.4,11.0,0.0,7.8,2025-03-07 13:00:00+01:00
2025-03-07 13:00:00+00:00,12.0,9.7,0.0,25.44,2025-03-07 14:00:00+01:00
2025-03-07 14:00:00+00:00,12.6,10.6,0.0,27.0,2025-03-07 15:00:00+01:00
2025-03-07 15:00:00+00:00,12.1,11.9,0.0,25.91,2025-03-07 16:00:00+01:00
2025-03-07 16:00:00+00:00,10.4,12.4,0.0,27.91,2025-03-07 17:00:00+01:00
2025-03-07 17:00:00+00:00,8.7,13.1,0.0,28.94,2025-03-07 18:00:00+01:00
2025-03-07 18:00:00+00:00,8.0,13.2,0.0,27.18,2025-03-07 19:00:00+01:00
2025-03-07 19:00:00+00:00,7.7,13.8,0.0,26.33,2025-03-07 20:00:00+01:00
2025-03-07 20:00:00+00:00,7.7,14.5,0.0,24.15,2025-03-07 21:00:00+01:00
2025-03-07 21:00:00+00:00,7.7,14.7,0.0,23.68,2025-03-07 22:00:00+01:00
2025-03-07 22:00:00+00:00,7.6,15.8,0.0,21.58,2025-03-07 23:00:00+01:00
2025-03-07 23:00:00+00:00,7.8,15.2,0.0,-0.59,2025-03-08 00:00:00+01:00
2025-03-08 00:00:00+00:00,7.4,14.0,0.0,-0.77,2025-03-08 01:00:00+01:00
2025-03-08 01:00:00+00:00,7.8,16.6,0.0,-0.78,2025-03-08 02:00:00+01:00
2025-03-08 02:00:00+00:00,7.7,15.8,0.0,-0.81,2025-03-08 03:00:00+01:00
2025-03-08 03:00:00+00:00,7.4,14.8,0.0,-0.76,2025-03-08 04:00:00+01:00
2025-03-08 04:00:00+00:00,6.5,14.3,0.0,0.45,2025-03-08 05:00:00+01:00
2025-03-08 05:00:00+00:00,5.6,14.0,0.0,19.75,2025-03-08 06:00:00+01:00
2025-03-08 06:00:00+00:00,4.9,12.7,0.0,23.58,2025-03-08 07:00:00+01:00
2025-03-08 07:00:00+00:00,5.4,12.2,0.0,23.9,2025-03-08 08:00:00+01:00
2025-03-08 08:00:00+00:00,6.2,9.7,0.0,23.26,2025-03-08 09:00:00+01:00
2025-03-08 09:00:00+00:00,7.2,9.2,0.0,10.45,2025-03-08 10:00:00+01:00
2025-03-08 10:00:00+00:00,8.2,7.7,0.0,1.15,2025-03-08 11:00:00+01:00
2025-03-08 11:00:00+00:00,9.0,7.6,0.0,-0.17,2025-03-08 12:00:00+01:00
2025-03-08 12:00:00+00:00,9.5,7.0,0.0,-0.08,2025-03-08 13:00:00+01:00
2025-03-08 13:00:00+00:00,10.6,5.1,0.0,1.5,2025-03-08 14:00:00+01:00
2025-03-08 14:00:00+00:00,10.4,5.2,0.0,25.1,2025-03-08 15:00:00+01:00
2025-03-08 15:00:00+00:00,9.8,4.2,0.0,26.05,2025-03-08 16:00:00+01:00
2025-03-08 16:00:00+00:00,7.8,3.5,0.0,27.67,2025-03-08 17:00:00+01:00
2025-03-08 17:00:00+00:00,6.4,4.2,0.0,39.97,2025-03-08 18:00:00+01:00
2025-03-08 18:00:00+00:00,5.1,4.9,0.0,28.47,2025-03-08 19:00:00+01:00
2025-03-08 19:00:00+00:00,4.5,3.2,0.0,27.33,2025-03-08 20:00:00+01:00
2025-03-08 20:00:00+00:00,5.0,2.3,0.0,26.89,2025-03-08 21:00:00+01:00
2025-03-08 21:00:00+00:00,3.9,3.1,0.0,26.9,2025-03-08 22:00:00+01:00
2025-03-08 22:00:00+00:00,3.4,2.2,0.0,25.12,2025-03-08 23:00:00+01:00
2025-03-08 23:00:00+00:00,3.1,1.8,0.0,24.59,2025-03-09 00:00:00+01:00
2025-03-09 00:00:00+00:00,2.9,0.7,0.0,23.75,2025-03-09 01:00:00+01:00
2025-03-09 01:00:00+00:00,2.5,0.5,0.0,23.48,2025-03-09 02:00:00+01:00
2025-03-09 02:00:00+00:00,2.6,1.2,0.0,23.31,2025-03-09 03:00:00+01:00
2025-03-09 03:00:00+00:00,2.4,0.6,0.0,23.65,2025-03-09 04:00:00+01:00
2025-03-09 04:00:00+00:00,2.0,0.4,0.0,24.12,2025-03-09 05:00:00+01:00
2025-03-09 05:00:00+00:00,1.0,3.1,0.0,24.76,2025-03-09 06:00:00+01:00
2025-03-09 06:00:00+00:00,2.2,5.2,0.0,26.5,2025-03-09 07:00:00+01:00
2025-03-09 07:00:00+00:00,3.1,7.4,0.0,32.55,2025-03-09 08:00:00+01:00
2025-03-09 08:00:00+00:00,4.5,6.6,0.0,22.66,2025-03-09 09:00:00+01:00
2025-03-09 09:00:00+00:00,6.6,6.7,0.0,19.72,2025-03-09 10:00:00+01:00
2025-03-09 10:00:00+00:00,8.1,8.8,0.0,4.33,2025-03-09 11:00:00+01:00
2025-03-09 11:00:00+00:00,9.0,9.2,0.0,2.22,2025-03-09 12:00:00+01:00
2025-03-09 12:00:00+00:00,9.4,8.2,0.0,4.26,2025-03-09 13:00:00+01:00
2025-03-09 13:00:00+00:00,9.5,10.2,0.0,10.49,2025-03-09 14:00:00+01:00
2025-03-09 14:00:00+00:00,8.6,10.4,0.0,26.73,2025-03-09 15:00:00+01:00
2025-03-09 15:00:00+00:00,7.4,9.2,0.0,44.54,2025-03-09 16:00:00+01:00
2025-03-09 16:00:00+00:00,5.8,8.8,0.0,66.92,2025-03-09 17:00:00+01:00
2025-03-09 17:00:00+00:00,4.1,9.9,0.0,128.53,2025-03-09 18:00:00+01:00
2025-03-09 18:00:00+00:00,3.0,10.6,0.0,123.46,2025-03-09 19:00:00+01:00
2025-03-09 19:00:00+00:00,2.3,10.5,0.0,63.6,2025-03-09 20:00:00+01:00
2025-03-09 20:00:00+00:00,2.3,9.8,0.0,45.48,2025-03-09 21:00:00+01:00
2025-03-09 21:00:00+00:00,2.5,9.6,0.0,39.92,2025-03-09 22:00:00+01:00
2025-03-09 22:00:00+00:00,2.5,7.6,0.0,38.46,2025-03-09 23:00:00+01:00
2025-03-09 23:00:00+00:00,2.3,6.2,0.0,35.33,2025-03-10 00:00:00+01:00
2025-03-10 00:00:00+00:00,2.2,4.2,0.0,35.2,2025-03-10 01:00:00+01:00
2025-03-10 01:00:00+00:00,2.1,3.5,0.0,35.67,2025-03-10 02:00:00+01:00
2025-03-10 02:00:00+00:00,2.1,3.8,0.0,35.69,2025-03-10 03:00:00+01:00
2025-03-10 03:00:00+00:00,2.0,2.1,0.0,37.5,2025-03-10 04:00:00+01:00
2025-03-10 04:00:00+00:00,1.9,0.4,0.0,40.28,2025-03-10 05:00:00+01:00
2025-03-10 05:00:00+00:00,1.9,2.7,0.0,154.79,2025-03-10 06:00:00+01:00
2025-03-10 06:00:00+00:00,2.1,5.4,0.0,166.16,2025-03-10 07:00:00+01:00
2025-03-10 07:00:00+00:00,2.6,5.2,0.1,138.18,2025-03-10 08:00:00+01:00
2025-03-10 08:00:00+00:00,3.3,6.0,0.0,102.35,2025-03-10 09:00:00+01:00
2025-03-10 09:00:00+00:00,4.0,9.4,0.0,87.41,2025-03-10 10:00:00+01:00
2025-03-10 10:00:00+00:00,4.5,11.1,0.0,76.93,2025-03-10 11:00:00+01:00
2025-03-10 11:00:00+00:00,5.2,12.3,0.0,73.79,2025-03-10 12:00:00+01:00
2025-03-10 12:00:00+00:00,5.6,12.0,0.0,74.89,2025-03-10 13:00:00+01:00
2025-03-10 13:00:00+00:00,5.3,11.3,0.0,80.8,2025-03-10 14:00:00+01:00
2025-03-10 14:00:00+00:00,4.6,13.8,0.0,92.88,2025-03-10 15:00:00+01:00
2025-03-10 15:00:00+00:00,3.4,15.0,0.0,123.67,2025-03-10 16:00:00+01:00
2025-03-10 16:00:00+00:00,2.5,15.6,0.0,144.59,2025-03-10 17:00:00+01:00
2025-03-10 17:00:00+00:00,2.0,16.0,0.0,164.15,2025-03-10 18:00:00+01:00
2025-03-10 18:00:00+00:00,1.7,16.7,0.0,144.97,2025-03-10 19:00:00+01:00
2025-03-10 19:00:00+00:00,1.5,15.0,0.0,91.09,2025-03-10 20:00:00+01:00
2025-03-10 20:00:00+00:00,1.4,15.4,0.0,70.93,2025-03-10 21:00:00+01:00
2025-03-10 21:00:00+00:00,1.3,16.1,0.0,40.97,2025-03-10 22:00:00+01:00
2025-03-10 22:00:00+00:00,1.2,15.8,0.0,26.79,2025-03-10 23:00:00+01:00
2025-03-10 23:00:00+00:00,1.1,16.6,0.0,37.19,2025-03-11 00:00:00+01:00
2025-03-11 00:00:00+00:00,0.9,16.9,0.0,33.88,2025-03-11 01:00:00+01:00
2025-03-11 01:00:00+00:00,0.8,15.7,0.0,32.45,2025-03-11 02:00:00+01:00
2025-03-11 02:00:00+00:00,0.6,15.7,0.0,29.98,2025-03-11 03:00:00+01:00
2025-03-11 03:00:00+00:00,0.4,15.4,0.0,32.36,2025-03-11 04:00:00+01:00
2025-03-11 04:00:00+00:00,0.2,16.1,0.0,49.9,2025-03-11 05:00:00+01:00
2025-03-11 05:00:00+00:00,0.2,16.8,0.0,133.19,2025-03-11 06:00:00+01:00
2025-03-11 06:00:00+00:00,0.3,17.2,0.0,152.05,2025-03-11 07:00:00+01:00
2025-03-11 07:00:00+00:00,0.5,18.3,0.0,144.46,2025-03-11 08:00:00+01:00
2025-03-11 08:00:00+00:00,0.9,17.7,0.0,122.87,2025-03-11 09:00:00+01:00
2025-03-11 09:00:00+00:00,1.6,18.0,0.0,98.12,2025-03-11 10:00:00+01:00
2025-03-11 10:00:00+00:00,1.9,16.8,0.0,93.58,2025-03-11 11:00:00+01:00
2025-03-11 11:00:00+00:00,2.4,15.1,0.0,97.89,2025-03-11 12:00:00+01:00
2025-03-11 12:00:00+00:00,2.8,14.7,0.0,99.47,2025-03-11 13:00:00+01:00
2025-03-11 13:00:00+00:00,1.9,13.6,0.0,97.99,2025-03-11 14:00:00+01:00
2025-03-11 14:00:00+00:00,1.5,12.9,0.0,106.91,2025-03-11 15:00:00+01:00
2025-03-11 15:00:00+00:00,0.9,12.4,0.0,129.07,2025-03-11 16:00:00+01:00
2025-03-11 16:00:00+00:00,0.4,12.4,0.0,165.58,2025-03-11 17:00:00+01:00
2025-03-11 17:00:00+00:00,-0.3,13.4,0.0,196.16,2025-03-11 18:00:00+01:00
2025-03-11 18:00:00+00:00,-0.9,13.7,0.0,164.78,2025-03-11 19:00:00+01:00
2025-03-11 19:00:00+00:00,-1.2,13.2,0.0,136.71,2025-03-11 20:00:00+01:00
2025-03-11 20:00:00+00:00,-1.3,13.1,0.0,123.71,2025-03-11 21:00:00+01:00
2025-03-11 21:00:00+00:00,-1.2,12.7,0.0,112.24,2025-03-11 22:00:00+01:00
2025-03-11 22:00:00+00:00,-1.0,12.2,0.0,101.64,2025-03-11 23:00:00+01:00
2025-03-11 23:00:00+00:00,-0.7,10.8,0.0,66.82,2025-03-12 00:00:00+01:00
2025-03-12 00:00:00+00:00,-0.4,8.5,0.0,73.98,2025-03-12 01:00:00+01:00
2025-03-12 01:00:00+00:00,-0.7,7.5,0.0,80.38,2025-03-12 02:00:00+01:00
2025-03-12 02:00:00+00:00,-1.0,9.4,0.0,85.63,2025-03-12 03:00:00+01:00
2025-03-12 03:00:00+00:00,-0.9,8.8,0.0,94.78,2025-03-12 04:00:00+01:00
2025-03-12 04:00:00+00:00,-0.8,8.7,0.0,105.04,2025-03-12 05:00:00+01:00
2025-03-12 05:00:00+00:00,-0.6,8.4,0.0,146.46,2025-03-12 06:00:00+01:00
2025-03-12 06:00:00+00:00,-0.1,9.3,0.0,163.11,2025-03-12 07:00:00+01:00
2025-03-12 07:00:00+00:00,0.4,12.6,0.0,150.24,2025-03-12 08:00:00+01:00
2025-03-12 08:00:00+00:00,0.5,12.7,0.0,125.47,2025-03-12 09:00:00+01:00
2025-03-12 09:00:00+00:00,0.5,12.3,0.0,103.08,2025-03-12 10:00:00+01:00
2025-03-12 10:00:00+00:00,0.7,12.6,0.0,103.36,2025-03-12 11:00:00+01:00
2025-03-12 11:00:00+00:00,0.7,12.4,0.0,101.58,2025-03-12 12:00:00+01:00
2025-03-12 12:00:00+00:00,0.8,12.3,0.0,104.16,2025-03-12 13:00:00+01:00
2025-03-12 13:00:00+00:00,0.3,10.9,0.0,105.94,2025-03-12 14:00:00+01:00
2025-03-12 14:00:00+00:00,0.2,10.6,0.0,124.11,2025-03-12 15:00:00+01:00
2025-03-12 15:00:00+00:00,0.1,10.6,0.0,149.14,2025-03-12 16:00:00+01:00
2025-03-12 16:00:00+00:00,-0.1,11.4,0.0,170.56,2025-03-12 17:00:00+01:00
2025-03-12 17:00:00+00:00,-0.3,11.5,0.0,212.51,2025-03-12 18:00:00+01:00
2025-03-12 18:00:00+00:00,-0.5,10.8,0.0,187.4,2025-03-12 19:00:00+01:00
2025-03-12 19:00:00+00:00,-0.6,9.3,0.0,147.63,2025-03-12 20:00:00+01:00
2025-03-12 20:00:00+00:00,-0.8,9.3,0.0,137.72,2025-03-12 21:00:00+01:00
2025-03-12 21:00:00+00:00,-1.0,9.3,0.0,115.77,2025-03-12 22:00:00+01:00
2025-03-12 22:00:00+00:00,-1.1,8.9,0.0,102.29,2025-03-12 23:00:00+01:00
2025-03-12 23:00:00+00:00,-1.2,9.8,0.0,95.46,2025-03-13 00:00:00+01:00
2025-03-13 00:00:00+00:00,-1.4,10.1,0.0,90.29,2025-03-13 01:00:00+01:00
2025-03-13 01:00:00+00:00,-1.6,9.9,0.0,85.96,2025-03-13 02:00:00+01:00
2025-03-13 02:00:00+00:00,-1.6,8.5,0.0,84.19,2025-03-13 03:00:00+01:00
2025-03-13 03:00:00+00:00,-1.6,8.1,0.0,85.27,2025-03-13 04:00:00+01:00
2025-03-13 04:00:00+00:00,-1.7,7.5,0.0,99.5,2025-03-13 05:00:00+01:00
2025-03-13 05:00:00+00:00,-1.7,7.7,0.0,132.23,2025-03-13 06:00:00+01:00
2025-03-13 06:00:00+00:00,-1.7,8.0,0.0,163.1,2025-03-13 07:00:00+01:00
2025-03-13 07:00:00+00:00,-1.5,7.9,0.0,169.0,2025-03-13 08:00:00+01:00
2025-03-13 08:00:00+00:00,-1.1,7.6,0.0,186.17,2025-03-13 09:00:00+01:00
2025-03-13 09:00:00+00:00,-0.7,8.8,0.0,154.95,2025-03-13 10:00:00+01:00
2025-03-13 10:00:00+00:00,-0.1,8.6,0.0,130.08,2025-03-13 11:00:00+01:00
2025-03-13 11:00:00+00:00,0.3,8.0,0.0,138.17,2025-03-13 12:00:00+01:00
2025-03-13 12:00:00+00:00,0.6,8.8,0.0,135.3,2025-03-13 13:00:00+01:00
2025-03-13 13:00:00+00:00,0.4,9.3,0.0,134.99,2025-03-13 14:00:00+01:00
2025-03-13 14:00:00+00:00,0.1,12.6,0.0,133.62,2025-03-13 15:00:00+01:00
2025-03-13 15:00:00+00:00,0.1,11.7,0.0,147.41,2025-03-13 16:00:00+01:00
2025-03-13 16:00:00+00:00,0.2,10.6,0.0,171.15,2025-03-13 17:00:00+01:00
2025-03-13 17:00:00+00:00,-0.7,11.0,0.0,185.16,2025-03-13 18:00:00+01:00
2025-03-13 18:00:00+00:00,-1.4,11.0,0.0,163.0,2025-03-13 19:00:00+01:00
2025-03-13 19:00:00+00:00,-1.9,11.0,0.0,147.68,2025-03-13 20:00:00+01:00
2025-03-13 20:00:00+00:00,-2.5,8.8,0.0,139.07,2025-03-13 21:00:00+01:00
2025-03-13 21:00:00+00:00,-2.8,8.6,0.0,92.15,2025-03-13 22:00:00+01:00
2025-03-13 22:00:00+00:00,-3.2,8.5,0.0,57.34,2025-03-13 23:00:00+01:00
2025-03-13 23:00:00+00:00,-3.6,8.2,0.0,116.11,2025-03-14 00:00:00+01:00
2025-03-14 00:00:00+00:00,-3.8,7.5,0.0,103.41,2025-03-14 01:00:00+01:00
2025-03-14 01:00:00+00:00,-4.5,8.4,0.0,100.39,2025-03-14 02:00:00+01:00
2025-03-14 02:00:00+00:00,-4.6,7.9,0.0,96.62,2025-03-14 03:00:00+01:00
2025-03-14 03:00:00+00:00,-4.5,7.3,0.0,97.5,2025-03-14 04:00:00+01:00
2025-03-14 04:00:00+00:00,-4.3,7.7,0.0,111.98,2025-03-14 05:00:00+01:00
2025-03-14 05:00:00+00:00,-4.3,8.5,0.0,146.28,2025-03-14 06:00:00+01:00
2025-03-14 06:00:00+00:00,-3.9,9.3,0.0,156.58,2025-03-14 07:00:00+01:00
2025-03-14 07:00:00+00:00,-2.9,10.6,0.0,152.83,2025-03-14 08:00:00+01:00
2025-03-14 08:00:00+00:00,-1.7,12.0,0.0,122.28,2025-03-14 09:00:00+01:00
2025-03-14 09:00:00+00:00,-0.5,12.5,0.0,101.58,2025-03-14 10:00:00+01:00
2025-03-14 10:00:00+00:00,0.7,12.4,0.0,96.05,2025-03-14 11:00:00+01:00
2025-03-14 11:00:00+00:00,1.9,11.9,0.0,72.88,2025-03-14 12:00:00+01:00
2025-03-14 12:00:00+00:00,3.8,15.7,0.0,68.7,2025-03-14 13:00:00+01:00
2025-03-14 13:00:00+00:00,2.7,14.3,0.0,60.47,2025-03-14 14:00:00+01:00
2025-03-14 14:00:00+00:00,3.0,12.2,0.0,70.25,2025-03-14 15:00:00+01:00
2025-03-14 15:00:00+00:00,3.0,10.7,0.0,117.95,2025-03-14 16:00:00+01:00
2025-03-14 16:00:00+00:00,2.2,5.4,0.0,150.44,2025-03-14 17:00:00+01:00
2025-03-14 17:00:00+00:00,0.3,3.1,0.0,158.59,2025-03-14 18:00:00+01:00
2025-03-14 18:00:00+00:00,-0.2,1.6,0.0,147.09,2025-03-14 19:00:00+01:00
2025-03-14 19:00:00+00:00,-0.6,0.6,0.0,115.54,2025-03-14 20:00:00+01:00
2025-03-14 20:00:00+00:00,-0.8,0.2,0.0,88.94,2025-03-14 21:00:00+01:00
2025-03-14 21:00:00+00:00,-1.6,3.9,0.0,65.44,2025-03-14 22:00:00+01:00
2025-03-14 22:00:00+00:00,-1.2,5.4,0.0,54.78,2025-03-14 23:00:00+01:00
2025-03-14 23:00:00+00:00,-0.9,6.9,0.0,30.49,2025-03-15 00:00:00+01:00
2025-03-15 00:00:00+00:00,-1.0,8.4,0.0,32.22,2025-03-15 01:00:00+01:00
2025-03-15 01:00:00+00:00,-2.0,8.3,0.0,28.84,2025-03-15 02:00:00+01:00
2025-03-15 02:00:00+00:00,-2.0,8.9,0.0,26.54,2025-03-15 03:00:00+01:00
2025-03-15 03:00:00+00:00,-2.2,9.4,0.0,26.22,2025-03-15 04:00:00+01:00
2025-03-15 04:00:00+00:00,-2.1,10.0,0.0,26.75,2025-03-15 05:00:00+01:00
2025-03-15 05:00:00+00:00,-2.1,11.1,0.0,27.19,2025-03-15 06:00:00+01:00
2025-03-15 06:00:00+00:00,-1.6,12.5,0.0,19.96,2025-03-15 07:00:00+01:00
2025-03-15 07:00:00+00:00,-0.1,11.5,0.0,18.7,2025-03-15 08:00:00+01:00
2025-03-15 08:00:00+00:00,1.8,13.1,0.0,18.32,2025-03-15 09:00:00+01:00
2025-03-15 09:00:00+00:00,3.5,16.2,0.0,18.19,2025-03-15 10:00:00+01:00
2025-03-15 10:00:00+00:00,4.7,17.8,0.0,18.14,2025-03-15 11:00:00+01:00
2025-03-15 11:00:00+00:00,5.8,19.8,0.0,17.94,2025-03-15 12:00:00+01:00
2025-03-15 12:00:00+00:00,6.3,21.2,0.0,17.87,2025-03-15 13:00:00+01:00
2025-03-15 13:00:00+00:00,5.8,21.7,0.0,18.05,2025-03-15 14:00:00+01:00
2025-03-15 14:00:00+00:00,5.8,21.4,0.0,19.05,2025-03-15 15:00:00+01:00
2025-03-15 15:00:00+00:00,4.9,19.0,0.0,20.13,2025-03-15 16:00:00+01:00
2025-03-15 16:00:00+00:00,3.8,19.4,0.0,21.51,2025-03-15 17:00:00+01:00
2025-03-15 17:00:00+00:00,3.2,18.9,0.0,22.2,2025-03-15 18:00:00+01:00
2025-03-15 18:00:00+00:00,3.1,19.8,0.0,21.67,2025-03-15 19:00:00+01:00
2025-03-15 19:00:00+00:00,2.7,19.0,0.0,21.19,2025-03-15 20:00:00+01:00
2025-03-15 20:00:00+00:00,2.2,18.7,0.0,20.75,2025-03-15 21:00:00+01:00
2025-03-15 21:00:00+00:00,1.5,18.2,0.0,19.82,2025-03-15 22:00:00+01:00
2025-03-15 22:00:00+00:00,1.1,17.4,0.0,19.13,2025-03-15 23:00:00+01:00
2025-03-15 23:00:00+00:00,1.4,18.3,0.0,17.55,2025-03-16 00:00:00+01:00
2025-03-16 00:00:00+00:00,1.3,17.6,0.0,16.48,2025-03-16 01:00:00+01:00
2025-03-16 01:00:00+00:00,1.4,15.5,0.0,16.17,2025-03-16 02:00:00+01:00
2025-03-16 02:00:00+00:00,1.2,14.6,0.0,15.92,2025-03-16 03:00:00+01:00
2025-03-16 03:00:00+00:00,0.9,12.1,0.0,16.51,2025-03-16 04:00:00+01:00
2025-03-16 04:00:00+00:00,0.9,10.9,0.0,18.35,2025-03-16 05:00:00+01:00
2025-03-16 05:00:00+00:00,0.8,11.0,0.0,19.24,2025-03-16 06:00:00+01:00
2025-03-16 06:00:00+00:00,1.0,14.0,0.0,19.83,2025-03-16 07:00:00+01:00
2025-03-16 07:00:00+00:00,1.4,14.2,0.0,19.95,2025-03-16 08:00:00+01:00
2025-03-16 08:00:00+00:00,1.9,16.8,0.0,18.76,2025-03-16 09:00:00+01:00
2025-03-16 09:00:00+00:00,2.7,18.6,0.0,15.5,2025-03-16 10:00:00+01:00
2025-03-16 10:00:00+00:00,3.4,20.0,0.0,1.78,2025-03-16 11:00:00+01:00
2025-03-16 11:00:00+00:00,3.6,22.9,0.0,0.35,2025-03-16 12:00:00+01:00
2025-03-16 12:00:00+00:00,3.6,23.0,0.0,-0.01,2025-03-16 13:00:00+01:00
2025-03-16 13:00:00+00:00,3.1,22.9,0.0,1.71,2025-03-16 14:00:00+01:00
2025-03-16 14:00:00+00:00,2.9,21.7,0.0,18.86,2025-03-16 15:00:00+01:00
2025-03-16 15:00:00+00:00,2.7,21.5,0.0,20.48,2025-03-16 16:00:00+01:00
2025-03-16 16:00:00+00:00,0.1,13.7,0.0,37.8,2025-03-16 17:00:00+01:00
2025-03-16 17:00:00+00:00,-0.5,18.2,0.0,53.49,2025-03-16 18:00:00+01:00
2025-03-16 18:00:00+00:00,-1.3,17.6,0.0,36.27,2025-03-16 19:00:00+01:00
2025-03-16 19:00:00+00:00,-1.6,15.6,0.0,22.51,2025-03-16 20:00:00+01:00
2025-03-16 20:00:00+00:00,-1.7,14.9,0.0,22.08,2025-03-16 21:00:00+01:00
2025-03-16 21:00:00+00:00,-1.5,17.0,0.0,21.65,2025-03-16 22:00:00+01:00
2025-03-16 22:00:00+00:00,-1.5,15.9,0.0,21.35,2025-03-16 23:00:00+01:00
2025-03-16 23:00:00+00:00,-1.5,14.7,0.0,21.52,2025-03-17 00:00:00+01:00
2025-03-17 00:00:00+00:00,-1.8,13.1,0.0,21.52,2025-03-17 01:00:00+01:00
2025-03-17 01:00:00+00:00,-2.5,10.7,0.0,21.31,2025-03-17 02:00:00+01:00
2025-03-17 02:00:00+00:00,-2.9,9.3,0.0,35.93,2025-03-17 03:00:00+01:00
2025-03-17 03:00:00+00:00,-3.1,10.0,0.0,44.41,2025-03-17 04:00:00+01:00
2025-03-17 04:00:00+00:00,-3.4,10.3,0.0,93.26,2025-03-17 05:00:00+01:00
2025-03-17 05:00:00+00:00,-3.5,9.4,0.0,134.74,2025-03-17 06:00:00+01:00
2025-03-17 06:00:00+00:00,-3.0,10.3,0.0,151.65,2025-03-17 07:00:00+01:00
2025-03-17 07:00:00+00:00,-1.8,11.2,0.0,134.29,2025-03-17 08:00:00+01:00
2025-03-17 08:00:00+00:00,-0.5,13.7,0.0,91.69,2025-03-17 09:00:00+01:00
2025-03-17 09:00:00+00:00,0.8,15.9,0.0,35.33,2025-03-17 10:00:00+01:00
2025-03-17 10:00:00+00:00,2.0,16.6,0.0,21.01,2025-03-17 11:00:00+01:00
2025-03-17 11:00:00+00:00,3.3,17.6,0.0,20.21,2025-03-17 12:00:00+01:00
2025-03-17 12:00:00+00:00,4.2,19.6,0.0,20.4,2025-03-17 13:00:00+01:00
2025-03-17 13:00:00+00:00,4.5,21.8,0.0,32.86,2025-03-17 14:00:00+01:00
2025-03-17 14:00:00+00:00,4.3,22.0,0.0,62.82,2025-03-17 15:00:00+01:00
2025-03-17 15:00:00+00:00,3.9,21.9,0.0,92.05,2025-03-17 16:00:00+01:00
2025-03-17 16:00:00+00:00,3.1,19.8,0.0,133.49,2025-03-17 17:00:00+01:00
2025-03-17 17:00:00+00:00,2.2,19.3,0.0,163.56,2025-03-17 18:00:00+01:00
2025-03-17 18:00:00+00:00,2.2,18.8,0.0,151.18,2025-03-17 19:00:00+01:00
2025-03-17 19:00:00+00:00,2.7,19.8,0.0,125.8,2025-03-17 20:00:00+01:00
2025-03-17 20:00:00+00:00,2.7,20.5,0.0,89.81,2025-03-17 21:00:00+01:00
2025-03-17 21:00:00+00:00,2.4,18.5,0.0,59.88,2025-03-17 22:00:00+01:00
2025-03-17 22:00:00+00:00,2.4,16.7,0.0,39.71,2025-03-17 23:00:00+01:00
2025-03-17 23:00:00+00:00,2.5,15.1,0.0,29.18,2025-03-18 00:00:00+01:00
2025-03-18 00:00:00+00:00,2.8,15.4,0.0,21.66,2025-03-18 01:00:00+01:00
2025-03-18 01:00:00+00:00,2.9,16.2,0.0,36.24,2025-03-18 02:00:00+01:00
2025-03-18 02:00:00+00:00,3.2,16.9,0.0,38.95,2025-03-18 03:00:00+01:00
2025-03-18 03:00:00+00:00,3.1,16.6,0.0,65.35,2025-03-18 04:00:00+01:00
2025-03-18 04:00:00+00:00,3.0,16.4,0.0,101.08,2025-03-18 05:00:00+01:00
2025-03-18 05:00:00+00:00,2.5,15.2,0.0,127.01,2025-03-18 06:00:00+01:00
2025-03-18 06:00:00+00:00,2.8,15.5,0.0,130.18,2025-03-18 07:00:00+01:00
2025-03-18 07:00:00+00:00,3.9,15.4,0.0,94.24,2025-03-18 08:00:00+01:00
2025-03-18 08:00:00+00:00,6.1,15.0,0.0,51.47,2025-03-18 09:00:00+01:00
2025-03-18 09:00:00+00:00,6.9,14.1,0.0,18.81,2025-03-18 10:00:00+01:00
2025-03-18 10:00:00+00:00,8.2,15.2,0.0,1.09,2025-03-18 11:00:00+01:00
2025-03-18 11:00:00+00:00,9.4,17.8,0.0,-0.27,2025-03-18 12:00:00+01:00
2025-03-18 12:00:00+00:00,10.0,21.3,0.0,-0.47,2025-03-18 13:00:00+01:00
2025-03-18 13:00:00+00:00,10.7,17.1,0.0,11.41,2025-03-18 14:00:00+01:00
2025-03-18 14:00:00+00:00,10.8,15.9,0.0,17.41,2025-03-18 15:00:00+01:00
2025-03-18 15:00:00+00:00,10.2,11.5,0.0,29.84,2025-03-18 16:00:00+01:00
2025-03-18 16:00:00+00:00,8.6,10.8,0.0,30.25,2025-03-18 17:00:00+01:00
2025-03-18 17:00:00+00:00,6.6,11.4,0.0,39.42,2025-03-18 18:00:00+01:00
2025-03-18 18:00:00+00:00,5.4,13.9,0.0,14.88,2025-03-18 19:00:00+01:00
2025-03-18 19:00:00+00:00,4.8,14.9,0.0,12.86,2025-03-18 20:00:00+01:00
2025-03-18 20:00:00+00:00,3.9,14.5,0.0,12.61,2025-03-18 21:00:00+01:00
2025-03-18 21:00:00+00:00,3.3,14.8,0.0,12.75,2025-03-18 22:00:00+01:00
2025-03-18 22:00:00+00:00,2.7,15.3,0.0,12.51,2025-03-18 23:00:00+01:00
2025-03-18 23:00:00+00:00,2.1,15.1,0.0,12.1,2025-03-19 00:00:00+01:00
2025-03-19 00:00:00+00:00,1.7,15.0,0.0,12.11,2025-03-19 01:00:00+01:00
2025-03-19 01:00:00+00:00,2.5,14.4,0.0,11.81,2025-03-19 02:00:00+01:00
2025-03-19 02:00:00+00:00,2.0,14.1,0.0,12.38,2025-03-19 03:00:00+01:00
2025-03-19 03:00:00+00:00,1.7,13.7,0.0,12.19,2025-03-19 04:00:00+01:00
2025-03-19 04:00:00+00:00,1.3,13.3,0.0,13.46,2025-03-19 05:00:00+01:00
2025-03-19 05:00:00+00:00,1.1,13.3,0.0,40.2,2025-03-19 06:00:00+01:00
2025-03-19 06:00:00+00:00,1.6,13.3,0.0,69.21,2025-03-19 07:00:00+01:00
2025-03-19 07:00:00+00:00,2.8,11.0,0.0,50.91,2025-03-19 08:00:00+01:00
2025-03-19 08:00:00+00:00,4.3,10.5,0.0,18.19,2025-03-19 09:00:00+01:00
2025-03-19 09:00:00+00:00,5.9,11.1,0.0,19.94,2025-03-19 10:00:00+01:00
2025-03-19 10:00:00+00:00,7.6,11.2,0.0,2.99,2025-03-19 11:00:00+01:00
2025-03-19 11:00:00+00:00,9.1,11.2,0.0,-0.45,2025-03-19 12:00:00+01:00
2025-03-19 12:00:00+00:00,10.3,11.2,0.0,-0.19,2025-03-19 13:00:00+01:00
2025-03-19 13:00:00+00:00,10.8,11.7,0.0,18.76,2025-03-19 14:00:00+01:00
2025-03-19 14:00:00+00:00,10.9,12.2,0.0,20.96,2025-03-19 15:00:00+01:00
2025-03-19 15:00:00+00:00,10.6,9.5,0.0,96.36,2025-03-19 16:00:00+01:00
2025-03-19 16:00:00+00:00,9.2,7.6,0.0,137.61,2025-03-19 17:00:00+01:00
2025-03-19 17:00:00+00:00,7.2,10.7,0.0,212.84,2025-03-19 18:00:00+01:00
2025-03-19 18:00:00+00:00,6.3,12.9,0.0,137.18,2025-03-19 19:00:00+01:00
2025-03-19 19:00:00+00:00,5.2,12.7,0.0,89.77,2025-03-19 20:00:00+01:00
2025-03-19 20:00:00+00:00,4.1,12.0,0.0,74.37,2025-03-19 21:00:00+01:00
2025-03-19 21:00:00+00:00,3.3,11.6,0.0,60.66,2025-03-19 22:00:00+01:00
2025-03-19 22:00:00+00:00,2.6,10.2,0.0,37.73,2025-03-19 23:00:00+01:00
2025-03-19 23:00:00+00:00,2.0,8.6,0.0,21.73,2025-03-20 00:00:00+01:00
2025-03-20 00:00:00+00:00,1.6,9.2,0.0,29.5,2025-03-20 01:00:00+01:00
2025-03-20 01:00:00+00:00,1.6,9.9,0.0,26.49,2025-03-20 02:00:00+01:00
2025-03-20 02:00:00+00:00,1.0,10.4,0.0,30.46,2025-03-20 03:00:00+01:00
2025-03-20 03:00:00+00:00,0.7,11.4,0.0,39.92,2025-03-20 04:00:00+01:00
2025-03-20 04:00:00+00:00,0.3,10.3,0.0,110.96,2025-03-20 05:00:00+01:00
2025-03-20 05:00:00+00:00,0.0,10.1,0.0,133.19,2025-03-20 06:00:00+01:00
2025-03-20 06:00:00+00:00,0.3,11.1,0.0,132.05,2025-03-20 07:00:00+01:00
2025-03-20 07:00:00+00:00,1.1,10.1,0.0,100.25,2025-03-20 08:00:00+01:00
2025-03-20 08:00:00+00:00,2.1,10.5,0.0,75.85,2025-03-20 09:00:00+01:00
2025-03-20 09:00:00+00:00,3.2,12.3,0.0,35.64,2025-03-20 10:00:00+01:00
2025-03-20 10:00:00+00:00,4.4,12.5,0.0,7.23,2025-03-20 11:00:00+01:00
2025-03-20 11:00:00+00:00,5.8,12.4,0.0,3.73,2025-03-20 12:00:00+01:00
2025-03-20 12:00:00+00:00,7.1,12.5,0.0,4.02,2025-03-20 13:00:00+01:00
2025-03-20 13:00:00+00:00,8.5,15.4,0.0,24.67,2025-03-20 14:00:00+01:00
2025-03-20 14:00:00+00:00,8.5,15.9,0.0,59.07,2025-03-20 15:00:00+01:00
2025-03-20 15:00:00+00:00,8.0,14.8,0.0,115.2,2025-03-20 16:00:00+01:00
2025-03-20 16:00:00+00:00,6.7,15.1,0.0,147.31,2025-03-20 17:00:00+01:00
2025-03-20 17:00:00+00:00,5.1,12.4,0.0,257.05,2025-03-20 18:00:00+01:00
2025-03-20 18:00:00+00:00,4.2,12.5,0.0,200.03,2025-03-20 19:00:00+01:00
2025-03-20 19:00:00+00:00,3.5,12.3,0.0,126.6,2025-03-20 20:00:00+01:00
2025-03-20 20:00:00+00:00,3.0,14.2,0.0,127.18,2025-03-20 21:00:00+01:00
2025-03-20 21:00:00+00:00,1.8,14.2,0.0,115.09,2025-03-20 22:00:00+01:00
2025-03-20 22:00:00+00:00,1.0,14.4,0.0,85.15,2025-03-20 23:00:00+01:00
2025-03-20 23:00:00+00:00,1.2,14.9,0.0,92.66,2025-03-21 00:00:00+01:00
2025-03-21 00:00:00+00:00,1.2,14.8,0.0,105.81,2025-03-21 01:00:00+01:00
2025-03-21 01:00:00+00:00,1.0,13.5,0.0,105.57,2025-03-21 02:00:00+01:00
2025-03-21 02:00:00+00:00,0.6,11.6,0.0,101.1,2025-03-21 03:00:00+01:00
2025-03-21 03:00:00+00:00,0.2,10.2,0.0,105.03,2025-03-21 04:00:00+01:00
2025-03-21 04:00:00+00:00,-0.1,9.6,0.0,125.07,2025-03-21 05:00:00+01:00
2025-03-21 05:00:00+00:00,-0.3,9.4,0.0,158.66,2025-03-21 06:00:00+01:00
2025-03-21 06:00:00+00:00,0.4,9.7,0.0,150.95,2025-03-21 07:00:00+01:00
2025-03-21 07:00:00+00:00,1.7,7.7,0.0,112.57,2025-03-21 08:00:00+01:00
2025-03-21 08:00:00+00:00,3.4,6.7,0.0,71.42,2025-03-21 09:00:00+01:00
2025-03-21 09:00:00+00:00,5.3,6.4,0.0,44.25,2025-03-21 10:00:00+01:00
2025-03-21 10:00:00+00:00,6.8,6.6,0.0,9.54,2025-03-21 11:00:00+01:00
2025-03-21 11:00:00+00:00,7.7,7.0,0.0,6.28,2025-03-21 12:00:00+01:00
2025-03-21 12:00:00+00:00,8.0,7.7,0.0,5.24,2025-03-21 13:00:00+01:00
2025-03-21 13:00:00+00:00,8.6,7.6,0.0,6.18,2025-03-21 14:00:00+01:00
2025-03-21 14:00:00+00:00,8.2,8.5,0.0,17.93,2025-03-21 15:00:00+01:00
2025-03-21 15:00:00+00:00,7.4,9.7,0.0,25.55,2025-03-21 16:00:00+01:00
2025-03-21 16:00:00+00:00,6.0,9.8,0.0,90.22,2025-03-21 17:00:00+01:00
2025-03-21 17:00:00+00:00,3.6,9.4,0.0,108.62,2025-03-21 18:00:00+01:00
2025-03-21 18:00:00+00:00,2.1,9.3,0.0,71.18,2025-03-21 19:00:00+01:00
2025-03-21 19:00:00+00:00,1.4,7.8,0.0,34.01,2025-03-21 20:00:00+01:00
2025-03-21 20:00:00+00:00,1.0,8.0,0.0,33.05,2025-03-21 21:00:00+01:00
2025-03-21 21:00:00+00:00,0.8,7.7,0.0,19.15,2025-03-21 22:00:00+01:00
2025-03-21 22:00:00+00:00,0.6,8.0,0.0,12.65,2025-03-21 23:00:00+01:00
2025-03-21 23:00:00+00:00,0.4,8.1,0.0,12.88,2025-03-22 00:00:00+01:00
2025-03-22 00:00:00+00:00,0.3,6.8,0.0,5.77,2025-03-22 01:00:00+01:00
2025-03-22 01:00:00+00:00,-1.2,5.1,0.0,4.87,2025-03-22 02:00:00+01:00
2025-03-22 02:00:00+00:00,-1.1,4.9,0.0,4.35,2025-03-22 03:00:00+01:00
2025-03-22 03:00:00+00:00,-0.6,5.6,0.0,5.46,2025-03-22 04:00:00+01:00
2025-03-22 04:00:00+00:00,-1.4,5.9,0.0,6.23,2025-03-22 05:00:00+01:00
2025-03-22 05:00:00+00:00,-0.9,6.6,0.0,6.86,2025-03-22 06:00:00+01:00
2025-03-22 06:00:00+00:00,0.6,8.7,0.0,5.86,2025-03-22 07:00:00+01:00
2025-03-22 07:00:00+00:00,2.0,7.7,0.0,2.21,2025-03-22 08:00:00+01:00
2025-03-22 08:00:00+00:00,3.6,9.8,0.0,0.0,2025-03-22 09:00:00+01:00
2025-03-22 09:00:00+00:00,4.8,10.7,0.0,-1.44,2025-03-22 10:00:00+01:00
2025-03-22 10:00:00+00:00,5.8,11.0,0.0,-5.12,2025-03-22 11:00:00+01:00
2025-03-22 11:00:00+00:00,6.3,11.4,0.0,-11.34,2025-03-22 12:00:00+01:00
2025-03-22 12:00:00+00:00,6.3,11.1,0.0,-10.65,2025-03-22 13:00:00+01:00
2025-03-22 13:00:00+00:00,5.6,9.7,0.0,-4.89,2025-03-22 14:00:00+01:00
2025-03-22 14:00:00+00:00,5.2,9.5,0.0,-1.18,2025-03-22 15:00:00+01:00
2025-03-22 15:00:00+00:00,4.3,9.6,0.0,1.2,2025-03-22 16:00:00+01:00
2025-03-22 16:00:00+00:00,2.8,9.3,0.0,17.31,2025-03-22 17:00:00+01:00
2025-03-22 17:00:00+00:00,1.0,8.9,0.0,19.08,2025-03-22 18:00:00+01:00
2025-03-22 18:00:00+00:00,0.5,10.0,0.0,19.19,2025-03-22 19:00:00+01:00
2025-03-22 19:00:00+00:00,0.3,10.1,0.0,16.38,2025-03-22 20:00:00+01:00
2025-03-22 20:00:00+00:00,0.3,10.1,0.0,14.96,2025-03-22 21:00:00+01:00
2025-03-22 21:00:00+00:00,0.5,11.3,0.0,14.85,2025-03-22 22:00:00+01:00
2025-03-22 22:00:00+00:00,0.7,10.7,0.0,14.13,2025-03-22 23:00:00+01:00
2025-03-22 23:00:00+00:00,0.7,10.3,0.0,2.52,2025-03-23 00:00:00+01:00
2025-03-23 00:00:00+00:00,0.7,9.7,0.0,3.23,2025-03-23 01:00:00+01:00
2025-03-23 01:00:00+00:00,0.4,7.7,0.0,2.55,2025-03-23 02:00:00+01:00
2025-03-23 02:00:00+00:00,-0.7,6.9,0.0,3.19,2025-03-23 03:00:00+01:00
2025-03-23 03:00:00+00:00,-0.6,6.9,0.0,4.21,2025-03-23 04:00:00+01:00
2025-03-23 04:00:00+00:00,-0.2,7.6,0.0,4.95,2025-03-23 05:00:00+01:00
2025-03-23 05:00:00+00:00,0.2,9.6,0.0,3.2,2025-03-23 06:00:00+01:00
2025-03-23 06:00:00+00:00,1.1,11.7,0.0,2.99,2025-03-23 07:00:00+01:00
2025-03-23 07:00:00+00:00,2.8,13.2,0.0,3.04,2025-03-23 08:00:00+01:00
2025-03-23 08:00:00+00:00,4.6,12.4,0.0,2.25,2025-03-23 09:00:00+01:00
2025-03-23 09:00:00+00:00,5.9,14.0,0.0,2.28,2025-03-23 10:00:00+01:00
2025-03-23 10:00:00+00:00,6.5,15.2,0.0,0.99,2025-03-23 11:00:00+01:00
2025-03-23 11:00:00+00:00,6.5,16.7,0.0,0.89,2025-03-23 12:00:00+01:00
2025-03-23 12:00:00+00:00,6.1,16.6,0.0,0.52,2025-03-23 13:00:00+01:00
2025-03-23 13:00:00+00:00,5.7,16.0,0.0,2.02,2025-03-23 14:00:00+01:00
2025-03-23 14:00:00+00:00,5.2,16.0,0.0,2.95,2025-03-23 15:00:00+01:00
2025-03-23 15:00:00+00:00,4.5,15.5,0.0,10.01,2025-03-23 16:00:00+01:00
2025-03-23 16:00:00+00:00,3.5,13.6,0.0,24.0,2025-03-23 17:00:00+01:00
2025-03-23 17:00:00+00:00,2.2,12.8,0.0,24.41,2025-03-23 18:00:00+01:00
2025-03-23 18:00:00+00:00,1.5,12.8,0.0,30.59,2025-03-23 19:00:00+01:00
2025-03-23 19:00:00+00:00,1.4,13.1,0.0,24.15,2025-03-23 20:00:00+01:00
2025-03-23 20:00:00+00:00,1.7,13.2,0.0,23.89,2025-03-23 21:00:00+01:00
2025-03-23 21:00:00+00:00,1.8,12.4,0.0,23.67,2025-03-23 22:00:00+01:00
2025-03-23 22:00:00+00:00,1.6,10.9,0.0,23.45,2025-03-23 23:00:00+01:00
2025-03-23 23:00:00+00:00,1.4,9.3,0.0,22.44,2025-03-24 00:00:00+01:00
2025-03-24 00:00:00+00:00,1.2,8.1,0.0,22.39,2025-03-24 01:00:00+01:00
2025-03-24 01:00:00+00:00,-0.8,5.7,0.0,22.69,2025-03-24 02:00:00+01:00
2025-03-24 02:00:00+00:00,-1.0,5.4,0.0,23.05,2025-03-24 03:00:00+01:00
2025-03-24 03:00:00+00:00,-1.0,5.9,0.0,23.75,2025-03-24 04:00:00+01:00
2025-03-24 04:00:00+00:00,-1.1,5.9,0.0,45.59,2025-03-24 05:00:00+01:00
2025-03-24 05:00:00+00:00,-1.0,5.8,0.0,104.19,2025-03-24 06:00:00+01:00
2025-03-24 06:00:00+00:00,1.0,7.2,0.0,122.96,2025-03-24 07:00:00+01:00
2025-03-24 07:00:00+00:00,2.7,6.9,0.0,126.36,2025-03-24 08:00:00+01:00
2025-03-24 08:00:00+00:00,4.4,6.2,0.0,102.51,2025-03-24 09:00:00+01:00
2025-03-24 09:00:00+00:00,5.9,5.3,0.0,79.44,2025-03-24 10:00:00+01:00
2025-03-24 10:00:00+00:00,7.2,6.1,0.0,75.76,2025-03-24 11:00:00+01:00
2025-03-24 11:00:00+00:00,8.0,6.7,0.0,71.95,2025-03-24 12:00:00+01:00
2025-03-24 12:00:00+00:00,8.5,8.6,0.0,71.79,2025-03-24 13:00:00+01:00
2025-03-24 13:00:00+00:00,8.5,8.8,0.0,77.2,2025-03-24 14:00:00+01:00
2025-03-24 14:00:00+00:00,8.2,10.4,0.0,82.29,2025-03-24 15:00:00+01:00
2025-03-24 15:00:00+00:00,7.5,8.5,0.0,91.38,2025-03-24 16:00:00+01:00
2025-03-24 16:00:00+00:00,5.4,9.7,0.0,107.83,2025-03-24 17:00:00+01:00
2025-03-24 17:00:00+00:00,2.9,12.9,0.0,147.63,2025-03-24 18:00:00+01:00
2025-03-24 18:00:00+00:00,1.8,13.7,0.0,130.62,2025-03-24 19:00:00+01:00
2025-03-24 19:00:00+00:00,1.6,14.2,0.0,87.99,2025-03-24 20:00:00+01:00
2025-03-24 20:00:00+00:00,1.9,14.3,0.0,32.3,2025-03-24 21:00:00+01:00
2025-03-24 21:00:00+00:00,1.9,14.3,0.0,20.54,2025-03-24 22:00:00+01:00
2025-03-24 22:00:00+00:00,2.2,14.2,0.0,19.47,2025-03-24 23:00:00+01:00
2025-03-24 23:00:00+00:00,2.6,14.6,0.0,19.79,2025-03-25 00:00:00+01:00
2025-03-25 00:00:00+00:00,3.7,15.2,0.0,19.42,2025-03-25 01:00:00+01:00
2025-03-25 01:00:00+00:00,4.9,14.4,0.0,18.61,2025-03-25 02:00:00+01:00
2025-03-25 02:00:00+00:00,4.8,15.1,0.2,18.99,2025-03-25 03:00:00+01:00
2025-03-25 03:00:00+00:00,4.3,16.2,0.6,19.12,2025-03-25 04:00:00+01:00
2025-03-25 04:00:00+00:00,3.9,15.5,0.4,21.31,2025-03-25 05:00:00+01:00
2025-03-25 05:00:00+00:00,4.0,16.3,0.2,32.56,2025-03-25 06:00:00+01:00
2025-03-25 06:00:00+00:00,4.1,15.5,0.1,59.12,2025-03-25 07:00:00+01:00
2025-03-25 07:00:00+00:00,4.3,15.3,0.1,86.4,2025-03-25 08:00:00+01:00
2025-03-25 08:00:00+00:00,4.7,14.5,0.0,54.36,2025-03-25 09:00:00+01:00
2025-03-25 09:00:00+00:00,5.7,16.9,0.0,37.08,2025-03-25 10:00:00+01:00
2025-03-25 10:00:00+00:00,5.9,14.9,0.0,32.97,2025-03-25 11:00:00+01:00
2025-03-25 11:00:00+00:00,6.5,13.4,0.0,28.7,2025-03-25 12:00:00+01:00
2025-03-25 12:00:00+00:00,6.5,11.3,0.0,33.59,2025-03-25 13:00:00+01:00
2025-03-25 13:00:00+00:00,7.5,12.2,0.0,47.6,2025-03-25 14:00:00+01:00
2025-03-25 14:00:00+00:00,7.8,11.0,0.0,73.11,2025-03-25 15:00:00+01:00
2025-03-25 15:00:00+00:00,7.3,4.8,0.0,92.5,2025-03-25 16:00:00+01:00
2025-03-25 16:00:00+00:00,7.3,5.2,0.0,127.92,2025-03-25 17:00:00+01:00
2025-03-25 17:00:00+00:00,6.6,4.1,0.0,136.57,2025-03-25 18:00:00+01:00
2025-03-25 18:00:00+00:00,6.2,4.3,0.0,120.63,2025-03-25 19:00:00+01:00
2025-03-25 19:00:00+00:00,5.8,6.5,0.0,93.21,2025-03-25 20:00:00+01:00
2025-03-25 20:00:00+00:00,5.6,7.4,0.0,83.33,2025-03-25 21:00:00+01:00
2025-03-25 21:00:00+00:00,5.1,7.2,0.0,58.13,2025-03-25 22:00:00+01:00
2025-03-25 22:00:00+00:00,5.0,6.1,0.0,49.48,2025-03-25 23:00:00+01:00
2025-03-25 23:00:00+00:00,4.6,6.0,0.0,46.58,2025-03-26 00:00:00+01:00
2025-03-26 00:00:00+00:00,4.2,6.9,0.0,47.65,2025-03-26 01:00:00+01:00
2025-03-26 01:00:00+00:00,3.8,8.7,0.0,51.92,2025-03-26 02:00:00+01:00
2025-03-26 02:00:00+00:00,3.8,9.2,0.0,59.97,2025-03-26 03:00:00+01:00
2025-03-26 03:00:00+00:00,3.5,9.1,0.1,64.62,2025-03-26 04:00:00+01:00
2025-03-26 04:00:00+00:00,3.3,10.3,0.3,88.55,2025-03-26 05:00:00+01:00
2025-03-26 05:00:00+00:00,3.2,9.7,0.1,119.44,2025-03-26 06:00:00+01:00
2025-03-26 06:00:00+00:00,3.3,8.3,0.0,138.06,2025-03-26 07:00:00+01:00
2025-03-26 07:00:00+00:00,3.6,5.5,0.0,132.86,2025-03-26 08:00:00+01:00
2025-03-26 08:00:00+00:00,4.5,8.7,0.0,101.74,2025-03-26 09:00:00+01:00
2025-03-26 09:00:00+00:00,5.6,7.9,0.0,90.13,2025-03-26 10:00:00+01:00
2025-03-26 10:00:00+00:00,6.3,5.4,0.0,86.5,2025-03-26 11:00:00+01:00
2025-03-26 11:00:00+00:00,7.2,4.4,0.0,85.35,2025-03-26 12:00:00+01:00
2025-03-26 12:00:00+00:00,7.4,3.2,0.1,71.36,2025-03-26 13:00:00+01:00
2025-03-26 13:00:00+00:00,7.8,5.1,0.0,72.53,2025-03-26 14:00:00+01:00
2025-03-26 14:00:00+00:00,8.0,6.7,0.0,78.15,2025-03-26 15:00:00+01:00
2025-03-26 15:00:00+00:00,8.0,8.1,0.0,81.32,2025-03-26 16:00:00+01:00
2025-03-26 16:00:00+00:00,7.2,7.4,0.0,100.54,2025-03-26 17:00:00+01:00
2025-03-26 17:00:00+00:00,5.6,8.3,0.0,115.07,2025-03-26 18:00:00+01:00
2025-03-26 18:00:00+00:00,4.8,8.3,0.0,117.37,2025-03-26 19:00:00+01:00
2025-03-26 19:00:00+00:00,4.3,10.4,0.0,104.63,2025-03-26 20:00:00+01:00
2025-03-26 20:00:00+00:00,3.9,11.6,0.0,89.52,2025-03-26 21:00:00+01:00
2025-03-26 21:00:00+00:00,3.3,11.8,0.0,70.12,2025-03-26 22:00:00+01:00
2025-03-26 22:00:00+00:00,3.0,12.5,0.0,34.74,2025-03-26 23:00:00+01:00
2025-03-26 23:00:00+00:00,2.6,11.8,0.0,31.86,2025-03-27 00:00:00+01:00
2025-03-27 00:00:00+00:00,2.3,11.6,0.0,31.26,2025-03-27 01:00:00+01:00
2025-03-27 01:00:00+00:00,2.6,12.8,0.0,19.74,2025-03-27 02:00:00+01:00
2025-03-27 02:00:00+00:00,2.4,13.4,0.0,19.36,2025-03-27 03:00:00+01:00
2025-03-27 03:00:00+00:00,2.3,13.6,0.0,19.82,2025-03-27 04:00:00+01:00
2025-03-27 04:00:00+00:00,2.2,13.7,0.0,21.4,2025-03-27 05:00:00+01:00
2025-03-27 05:00:00+00:00,2.3,14.2,0.0,34.32,2025-03-27 06:00:00+01:00
2025-03-27 06:00:00+00:00,3.4,15.5,0.0,47.84,2025-03-27 07:00:00+01:00
2025-03-27 07:00:00+00:00,4.1,16.3,0.0,36.25,2025-03-27 08:00:00+01:00
2025-03-27 08:00:00+00:00,5.5,14.6,0.0,33.21,2025-03-27 09:00:00+01:00
2025-03-27 09:00:00+00:00,6.7,14.2,0.0,23.36,2025-03-27 10:00:00+01:00
2025-03-27 10:00:00+00:00,8.3,18.0,0.0,22.48,2025-03-27 11:00:00+01:00
2025-03-27 11:00:00+00:00,8.3,20.7,0.0,16.96,2025-03-27 12:00:00+01:00
2025-03-27 12:00:00+00:00,8.1,20.9,0.0,4.91,2025-03-27 13:00:00+01:00
2025-03-27 13:00:00+00:00,7.7,21.9,0.0,20.51,2025-03-27 14:00:00+01:00
2025-03-27 14:00:00+00:00,7.6,20.6,0.0,22.58,2025-03-27 15:00:00+01:00
2025-03-27 15:00:00+00:00,7.7,16.9,0.0,22.8,2025-03-27 16:00:00+01:00
2025-03-27 16:00:00+00:00,6.9,17.6,0.0,27.57,2025-03-27 17:00:00+01:00
2025-03-27 17:00:00+00:00,6.9,17.1,0.0,25.35,2025-03-27 18:00:00+01:00
2025-03-27 18:00:00+00:00,7.0,16.1,0.0,24.91,2025-03-27 19:00:00+01:00
2025-03-27 19:00:00+00:00,7.1,14.5,0.0,24.53,2025-03-27 20:00:00+01:00
2025-03-27 20:00:00+00:00,7.1,14.6,0.0,23.35,2025-03-27 21:00:00+01:00
2025-03-27 21:00:00+00:00,7.2,14.8,0.0,22.42,2025-03-27 22:00:00+01:00
2025-03-27 22:00:00+00:00,7.4,15.4,0.0,21.76,2025-03-27 23:00:00+01:00
2025-03-27 23:00:00+00:00,7.6,15.8,0.0,19.76,2025-03-28 00:00:00+01:00
2025-03-28 00:00:00+00:00,7.6,15.8,0.0,17.27,2025-03-28 01:00:00+01:00
2025-03-28 01:00:00+00:00,7.8,14.8,0.0,15.86,2025-03-28 02:00:00+01:00
2025-03-28 02:00:00+00:00,7.8,14.0,0.0,15.37,2025-03-28 03:00:00+01:00
2025-03-28 03:00:00+00:00,7.8,13.6,0.0,16.62,2025-03-28 04:00:00+01:00
2025-03-28 04:00:00+00:00,8.0,14.7,0.0,20.72,2025-03-28 05:00:00+01:00
2025-03-28 05:00:00+00:00,8.1,15.8,0.0,23.47,2025-03-28 06:00:00+01:00
2025-03-28 06:00:00+00:00,8.3,16.0,0.0,24.23,2025-03-28 07:00:00+01:00
2025-03-28 07:00:00+00:00,8.5,16.3,0.0,24.46,2025-03-28 08:00:00+01:00
2025-03-28 08:00:00+00:00,8.6,17.4,0.0,22.55,2025-03-28 09:00:00+01:00
2025-03-28 09:00:00+00:00,9.3,17.3,0.0,14.42,2025-03-28 10:00:00+01:00
2025-03-28 10:00:00+00:00,11.0,13.3,0.0,1.45,2025-03-28 11:00:00+01:00
2025-03-28 11:00:00+00:00,12.6,14.9,0.0,-0.09,2025-03-28 12:00:00+01:00
2025-03-28 12:00:00+00:00,13.5,15.8,0.0,-0.12,2025-03-28 13:00:00+01:00
2025-03-28 13:00:00+00:00,14.4,14.4,0.0,0.11,2025-03-28 14:00:00+01:00
2025-03-28 14:00:00+00:00,14.4,15.7,0.0,17.92,2025-03-28 15:00:00+01:00
2025-03-28 15:00:00+00:00,14.0,13.5,0.0,20.23,2025-03-28 16:00:00+01:00
2025-03-28 16:00:00+00:00,12.7,14.1,0.0,29.28,2025-03-28 17:00:00+01:00
2025-03-28 17:00:00+00:00,10.0,14.2,0.0,30.91,2025-03-28 18:00:00+01:00
2025-03-28 18:00:00+00:00,8.2,13.9,0.0,31.62,2025-03-28 19:00:00+01:00
2025-03-28 19:00:00+00:00,7.5,13.8,0.0,28.23,2025-03-28 20:00:00+01:00
2025-03-28 20:00:00+00:00,6.9,13.7,0.0,24.94,2025-03-28 21:00:00+01:00
2025-03-28 21:00:00+00:00,6.4,13.1,0.0,8.01,2025-03-28 22:00:00+01:00
2025-03-28 22:00:00+00:00,5.9,12.0,0.0,2.31,2025-03-28 23:00:00+01:00
2025-03-28 23:00:00+00:00,5.6,12.1,0.0,2.31,2025-03-29 00:00:00+01:00
2025-03-29 00:00:00+00:00,5.5,12.2,0.0,2.31,2025-03-29 01:00:00+01:00
2025-03-29 01:00:00+00:00,5.2,11.0,0.0,2.91,2025-03-29 02:00:00+01:00
2025-03-29 02:00:00+00:00,4.8,10.2,0.0,14.13,2025-03-29 03:00:00+01:00
2025-03-29 03:00:00+00:00,4.5,10.2,0.0,20.77,2025-03-29 04:00:00+01:00
2025-03-29 04:00:00+00:00,4.0,10.9,0.0,22.58,2025-03-29 05:00:00+01:00
2025-03-29 05:00:00+00:00,3.8,11.7,0.0,21.11,2025-03-29 06:00:00+01:00
2025-03-29 06:00:00+00:00,4.9,11.8,0.0,13.02,2025-03-29 07:00:00+01:00
2025-03-29 07:00:00+00:00,6.4,9.3,0.0,3.74,2025-03-29 08:00:00+01:00
2025-03-29 08:00:00+00:00,8.3,9.0,0.0,2.78,2025-03-29 09:00:00+01:00
2025-03-29 09:00:00+00:00,10.4,10.2,0.0,2.31,2025-03-29 10:00:00+01:00
2025-03-29 10:00:00+00:00,11.8,18.6,0.0,0.95,2025-03-29 11:00:00+01:00
2025-03-29 11:00:00+00:00,12.3,18.9,0.0,0.86,2025-03-29 12:00:00+01:00
2025-03-29 12:00:00+00:00,12.4,18.0,0.0,-0.67,2025-03-29 13:00:00+01:00
2025-03-29 13:00:00+00:00,12.2,15.7,0.0,1.38,2025-03-29 14:00:00+01:00
2025-03-29 14:00:00+00:00,12.1,15.8,0.0,14.28,2025-03-29 15:00:00+01:00
2025-03-29 15:00:00+00:00,11.7,13.0,0.0,25.32,2025-03-29 16:00:00+01:00
2025-03-29 16:00:00+00:00,10.9,12.0,0.0,29.91,2025-03-29 17:00:00+01:00
2025-03-29 17:00:00+00:00,9.5,10.4,0.0,30.3,2025-03-29 18:00:00+01:00
2025-03-29 18:00:00+00:00,8.3,10.3,0.0,29.95,2025-03-29 19:00:00+01:00
2025-03-29 19:00:00+00:00,7.6,10.1,0.0,29.17,2025-03-29 20:00:00+01:00
2025-03-29 20:00:00+00:00,6.8,9.9,0.0,27.99,2025-03-29 21:00:00+01:00
2025-03-29 21:00:00+00:00,5.9,7.8,0.0,27.08,2025-03-29 22:00:00+01:00
2025-03-29 22:00:00+00:00,4.9,6.8,0.0,24.48,2025-03-29 23:00:00+01:00
2025-03-29 23:00:00+00:00,4.4,10.2,0.0,25.11,2025-03-30 00:00:00+01:00
2025-03-30 00:00:00+00:00,3.9,10.7,0.0,6.73,2025-03-30 01:00:00+01:00
2025-03-30 01:00:00+00:00,3.2,9.7,0.0,4.54,2025-03-30 03:00:00+02:00
2025-03-30 02:00:00+00:00,2.5,9.1,0.0,3.99,2025-03-30 04:00:00+02:00
2025-03-30 03:00:00+00:00,2.1,8.8,0.0,3.34,2025-03-30 05:00:00+02:00
2025-03-30 04:00:00+00:00,1.6,6.7,0.0,3.62,2025-03-30 06:00:00+02:00
2025-03-30 05:00:00+00:00,1.6,8.3,0.0,3.55,2025-03-30 07:00:00+02:00
2025-03-30 06:00:00+00:00,2.5,6.5,0.0,3.97,2025-03-30 08:00:00+02:00
2025-03-30 07:00:00+00:00,3.6,5.7,0.0,4.32,2025-03-30 09:00:00+02:00
2025-03-30 08:00:00+00:00,4.6,4.4,0.0,4.26,2025-03-30 10:00:00+02:00
2025-03-30 09:00:00+00:00,5.7,3.5,0.0,4.35,2025-03-30 11:00:00+02:00
2025-03-30 10:00:00+00:00,7.0,4.6,0.0,2.42,2025-03-30 12:00:00+02:00
2025-03-30 11:00:00+00:00,8.0,5.9,0.0,4.63,2025-03-30 13:00:00+02:00
2025-03-30 12:00:00+00:00,8.8,4.7,0.0,4.07,2025-03-30 14:00:00+02:00
2025-03-30 13:00:00+00:00,9.2,6.6,0.0,4.28,2025-03-30 15:00:00+02:00
2025-03-30 14:00:00+00:00,9.2,7.1,0.0,7.57,2025-03-30 16:00:00+02:00
2025-03-30 15:00:00+00:00,8.8,7.4,0.0,14.44,2025-03-30 17:00:00+02:00
2025-03-30 16:00:00+00:00,7.8,7.5,0.0,27.81,2025-03-30 18:00:00+02:00
2025-03-30 17:00:00+00:00,6.5,6.6,0.0,44.95,2025-03-30 19:00:00+02:00
2025-03-30 18:00:00+00:00,5.5,6.1,0.0,57.0,2025-03-30 20:00:00+02:00
2025-03-30 19:00:00+00:00,5.2,5.1,0.0,48.4,2025-03-30 21:00:00+02:00
2025-03-30 20:00:00+00:00,4.7,6.0,0.0,39.99,2025-03-30 22:00:00+02:00
2025-03-30 21:00:00+00:00,4.4,8.4,0.0,31.48,2025-03-30 23:00:00+02:00
2025-03-30 22:00:00+00:00,3.9,8.7,0.0,30.37,2025-03-31 00:00:00+02:00
2025-03-30 23:00:00+00:00,3.6,7.3,0.0,30.06,2025-03-31 01:00:00+02:00
2025-03-31 00:00:00+00:00,3.3,7.1,0.0,29.75,2025-03-31 02:00:00+02:00
2025-03-31 01:00:00+00:00,3.2,6.5,0.0,29.84,2025-03-31 03:00:00+02:00
2025-03-31 02:00:00+00:00,3.0,7.9,0.0,30.04,2025-03-31 04:00:00+02:00
2025-03-31 03:00:00+00:00,3.0,8.1,0.0,30.65,2025-03-31 05:00:00+02:00
2025-03-31 04:00:00+00:00,2.9,7.6,0.0,105.85,2025-03-31 06:00:00+02:00
2025-03-31 05:00:00+00:00,3.0,7.3,0.0,127.44,2025-03-31 07:00:00+02:00
2025-03-31 06:00:00+00:00,3.4,8.6,0.0,155.13,2025-03-31 08:00:00+02:00
2025-03-31 07:00:00+00:00,4.7,10.1,0.0,115.16,2025-03-31 09:00:00+02:00
2025-03-31 08:00:00+00:00,5.9,9.6,0.0,98.41,2025-03-31 10:00:00+02:00
2025-03-31 09:00:00+00:00,7.6,8.8,0.0,82.43,2025-03-31 11:00:00+02:00
2025-03-31 10:00:00+00:00,9.1,9.0,0.0,63.11,2025-03-31 12:00:00+02:00
2025-03-31 11:00:00+00:00,10.4,12.4,0.0,49.65,2025-03-31 13:00:00+02:00
2025-03-31 12:00:00+00:00,11.3,13.5,0.0,49.44,2025-03-31 14:00:00+02:00
2025-03-31 13:00:00+00:00,10.6,14.8,0.0,45.25,2025-03-31 15:00:00+02:00
2025-03-31 14:00:00+00:00,10.2,14.0,0.0,55.96,2025-03-31 16:00:00+02:00
2025-03-31 15:00:00+00:00,10.2,13.6,0.0,90.66,2025-03-31 17:00:00+02:00
2025-03-31 16:00:00+00:00,9.3,13.0,0.0,115.22,2025-03-31 18:00:00+02:00
2025-03-31 17:00:00+00:00,7.9,10.8,0.0,162.59,2025-03-31 19:00:00+02:00
2025-03-31 18:00:00+00:00,6.6,8.6,0.0,150.56,2025-03-31 20:00:00+02:00
2025-03-31 19:00:00+00:00,5.6,8.6,0.0,118.39,2025-03-31 21:00:00+02:00
2025-03-31 20:00:00+00:00,4.7,7.2,0.0,88.79,2025-03-31 22:00:00+02:00
2025-03-31 21:00:00+00:00,3.7,5.4,0.0,75.53,2025-03-31 23:00:00+02:00
2025-03-31 22:00:00+00:00,2.9,4.9,0.0,30.0,2025-04-01 00:00:00+02:00
2025-03-31 23:00:00+00:00,2.7,5.2,0.0,30.06,2025-04-01 01:00:00+02:00
2025-04-01 00:00:00+00:00,2.2,5.1,0.0,32.83,2025-04-01 02:00:00+02:00
2025-04-01 01:00:00+00:00,1.0,5.0,0.0,32.91,2025-04-01 03:00:00+02:00
2025-04-01 02:00:00+00:00,0.9,4.1,0.0,33.95,2025-04-01 04:00:00+02:00
2025-04-01 03:00:00+00:00,0.9,4.5,0.0,44.3,2025-04-01 05:00:00+02:00
2025-04-01 04:00:00+00:00,1.4,5.6,0.0,60.71,2025-04-01 06:00:00+02:00
2025-04-01 05:00:00+00:00,1.6,5.9,0.0,97.72,2025-04-01 07:00:00+02:00
2025-04-01 06:00:00+00:00,2.5,6.0,0.0,76.59,2025-04-01 08:00:00+02:00
2025-04-01 07:00:00+00:00,4.3,4.5,0.0,52.1,2025-04-01 09:00:00+02:00
2025-04-01 08:00:00+00:00,6.6,4.4,0.0,38.47,2025-04-01 10:00:00+02:00
2025-04-01 09:00:00+00:00,9.0,4.3,0.0,32.06,2025-04-01 11:00:00+02:00
2025-04-01 10:00:00+00:00,10.7,5.6,0.0,26.62,2025-04-01 12:00:00+02:00
2025-04-01 11:00:00+00:00,11.7,6.5,0.0,16.39,2025-04-01 13:00:00+02:00
2025-04-01 12:00:00+00:00,12.4,6.7,0.0,8.52,2025-04-01 14:00:00+02:00
2025-04-01 13:00:00+00:00,12.4,6.8,0.0,23.8,2025-04-01 15:00:00+02:00
2025-04-01 14:00:00+00:00,12.6,5.8,0.0,29.41,2025-04-01 16:00:00+02:00
2025-04-01 15:00:00+00:00,12.5,5.1,0.0,33.39,2025-04-01 17:00:00+02:00
2025-04-01 16:00:00+00:00,11.3,4.0,0.0,55.11,2025-04-01 18:00:00+02:00
2025-04-01 17:00:00+00:00,9.0,6.0,0.0,72.07,2025-04-01 19:00:00+02:00
2025-04-01 18:00:00+00:00,7.3,6.6,0.0,63.65,2025-04-01 20:00:00+02:00
2025-04-01 19:00:00+00:00,6.4,6.4,0.0,49.44,2025-04-01 21:00:00+02:00
2025-04-01 20:00:00+00:00,5.8,6.2,0.0,39.26,2025-04-01 22:00:00+02:00
2025-04-01 21:00:00+00:00,5.3,6.1,0.0,30.49,2025-04-01 23:00:00+02:00
2025-04-01 22:00:00+00:00,4.9,5.9,0.0,30.07,2025-04-02 00:00:00+02:00
2025-04-01 23:00:00+00:00,4.5,5.9,0.0,29.46,2025-04-02 01:00:00+02:00
2025-04-02 00:00:00+00:00,4.3,6.0,0.0,29.33,2025-04-02 02:00:00+02:00
2025-04-02 01:00:00+00:00,3.2,6.0,0.0,30.08,2025-04-02 03:00:00+02:00
2025-04-02 02:00:00+00:00,3.3,6.3,0.0,30.36,2025-04-02 04:00:00+02:00
2025-04-02 03:00:00+00:00,3.5,7.6,0.0,32.77,2025-04-02 05:00:00+02:00
2025-04-02 04:00:00+00:00,3.5,7.9,0.0,51.58,2025-04-02 06:00:00+02:00
2025-04-02 05:00:00+00:00,3.9,8.1,0.0,69.46,2025-04-02 07:00:00+02:00
2025-04-02 06:00:00+00:00,5.0,9.1,0.0,58.17,2025-04-02 08:00:00+02:00
2025-04-02 07:00:00+00:00,6.7,7.0,0.0,32.48,2025-04-02 09:00:00+02:00
2025-04-02 08:00:00+00:00,8.8,5.4,0.0,26.09,2025-04-02 10:00:00+02:00
2025-04-02 09:00:00+00:00,11.3,6.0,0.0,0.55,2025-04-02 11:00:00+02:00
2025-04-02 10:00:00+00:00,13.3,6.8,0.0,-1.32,2025-04-02 12:00:00+02:00
2025-04-02 11:00:00+00:00,14.7,7.8,0.0,-1.51,2025-04-02 13:00:00+02:00
2025-04-02 12:00:00+00:00,15.6,8.4,0.0,-1.15,2025-04-02 14:00:00+02:00
2025-04-02 13:00:00+00:00,17.6,9.2,0.0,-0.88,2025-04-02 15:00:00+02:00
2025-04-02 14:00:00+00:00,17.6,9.3,0.0,0.86,2025-04-02 16:00:00+02:00
2025-04-02 15:00:00+00:00,17.1,7.0,0.0,23.53,2025-04-02 17:00:00+02:00
2025-04-02 16:00:00+00:00,15.7,6.5,0.0,32.88,2025-04-02 18:00:00+02:00
2025-04-02 17:00:00+00:00,13.7,8.3,0.0,50.1,2025-04-02 19:00:00+02:00
2025-04-02 18:00:00+00:00,12.1,10.5,0.0,37.35,2025-04-02 20:00:00+02:00
2025-04-02 19:00:00+00:00,11.1,11.9,0.0,33.82,2025-04-02 21:00:00+02:00
2025-04-02 20:00:00+00:00,9.9,11.7,0.0,32.86,2025-04-02 22:00:00+02:00
2025-04-02 21:00:00+00:00,8.9,10.8,0.0,31.71,2025-04-02 23:00:00+02:00
2025-04-02 22:00:00+00:00,8.0,10.6,0.0,31.27,2025-04-03 00:00:00+02:00
2025-04-02 23:00:00+00:00,7.3,10.3,0.0,30.66,2025-04-03 01:00:00+02:00
2025-04-03 00:00:00+00:00,6.6,10.1,0.0,30.42,2025-04-03 02:00:00+02:00
2025-04-03 01:00:00+00:00,6.5,9.0,0.0,31.26,2025-04-03 03:00:00+02:00
2025-04-03 02:00:00+00:00,6.0,9.4,0.0,32.0,2025-04-03 04:00:00+02:00
2025-04-03 03:00:00+00:00,5.6,9.4,0.0,33.12,2025-04-03 05:00:00+02:00
2025-04-03 04:00:00+00:00,5.3,9.7,0.0,36.55,2025-04-03 06:00:00+02:00
2025-04-03 05:00:00+00:00,5.4,10.7,0.0,68.9,2025-04-03 07:00:00+02:00
2025-04-03 06:00:00+00:00,6.5,11.0,0.0,52.36,2025-04-03 08:00:00+02:00
2025-04-03 07:00:00+00:00,7.8,10.3,0.0,33.02,2025-04-03 09:00:00+02:00
2025-04-03 08:00:00+00:00,9.7,10.8,0.0,23.38,2025-04-03 10:00:00+02:00
2025-04-03 09:00:00+00:00,11.6,11.7,0.0,-0.54,2025-04-03 11:00:00+02:00
2025-04-03 10:00:00+00:00,13.5,12.6,0.0,-1.88,2025-04-03 12:00:00+02:00
2025-04-03 11:00:00+00:00,15.3,14.2,0.0,-7.58,2025-04-03 13:00:00+02:00
2025-04-03 12:00:00+00:00,16.4,17.6,0.0,-5.1,2025-04-03 14:00:00+02:00
2025-04-03 13:00:00+00:00,18.6,20.1,0.0,-1.19,2025-04-03 15:00:00+02:00
2025-04-03 14:00:00+00:00,18.2,19.0,0.0,10.68,2025-04-03 16:00:00+02:00
2025-04-03 15:00:00+00:00,17.3,19.4,0.0,27.95,2025-04-03 17:00:00+02:00
2025-04-03 16:00:00+00:00,15.5,18.0,0.0,30.99,2025-04-03 18:00:00+02:00
2025-04-03 17:00:00+00:00,13.8,17.8,0.0,31.67,2025-04-03 19:00:00+02:00
2025-04-03 18:00:00+00:00,12.2,16.9,0.0,31.94,2025-04-03 20:00:00+02:00
2025-04-03 19:00:00+00:00,11.1,12.3,0.0,29.79,2025-04-03 21:00:00+02:00
2025-04-03 20:00:00+00:00,9.3,12.7,0.0,27.37,2025-04-03 22:00:00+02:00
2025-04-03 21:00:00+00:00,8.0,12.6,0.0,19.43,2025-04-03 23:00:00+02:00
2025-04-03 22:00:00+00:00,6.7,11.0,0.0,21.39,2025-04-04 00:00:00+02:00
2025-04-03 23:00:00+00:00,5.9,9.1,0.0,17.56,2025-04-04 01:00:00+02:00
2025-04-04 00:00:00+00:00,5.2,9.9,0.0,19.71,2025-04-04 02:00:00+02:00
2025-04-04 01:00:00+00:00,5.7,11.5,0.0,21.37,2025-04-04 03:00:00+02:00
2025-04-04 02:00:00+00:00,5.8,12.6,0.0,24.62,2025-04-04 04:00:00+02:00
2025-04-04 03:00:00+00:00,5.6,13.6,0.0,29.13,2025-04-04 05:00:00+02:00
2025-04-04 04:00:00+00:00,5.2,15.9,0.0,33.74,2025-04-04 06:00:00+02:00
2025-04-04 05:00:00+00:00,4.0,15.5,0.0,73.47,2025-04-04 07:00:00+02:00
2025-04-04 06:00:00+00:00,4.2,15.8,0.0,37.6,2025-04-04 08:00:00+02:00
2025-04-04 07:00:00+00:00,4.8,18.0,0.0,28.81,2025-04-04 09:00:00+02:00
2025-04-04 08:00:00+00:00,5.6,18.0,0.0,26.82,2025-04-04 10:00:00+02:00
2025-04-04 09:00:00+00:00,6.4,17.0,0.0,8.92,2025-04-04 11:00:00+02:00
2025-04-04 10:00:00+00:00,7.5,19.5,0.0,-0.31,2025-04-04 12:00:00+02:00
2025-04-04 11:00:00+00:00,8.1,19.8,0.0,-1.18,2025-04-04 13:00:00+02:00
2025-04-04 12:00:00+00:00,8.4,18.3,0.0,-1.09,2025-04-04 14:00:00+02:00
2025-04-04 13:00:00+00:00,8.8,15.7,0.0,0.9,2025-04-04 15:00:00+02:00
2025-04-04 14:00:00+00:00,8.9,14.2,0.0,22.35,2025-04-04 16:00:00+02:00
2025-04-04 15:00:00+00:00,8.5,12.8,0.0,28.0,2025-04-04 17:00:00+02:00
2025-04-04 16:00:00+00:00,8.3,7.9,0.0,29.99,2025-04-04 18:00:00+02:00
2025-04-04 17:00:00+00:00,7.3,7.0,0.0,30.08,2025-04-04 19:00:00+02:00
2025-04-04 18:00:00+00:00,5.9,15.3,0.0,29.87,2025-04-04 20:00:00+02:00
2025-04-04 19:00:00+00:00,4.9,11.3,0.1,28.54,2025-04-04 21:00:00+02:00
2025-04-04 20:00:00+00:00,4.4,13.0,0.0,28.02,2025-04-04 22:00:00+02:00
2025-04-04 21:00:00+00:00,4.0,16.8,0.0,26.6,2025-04-04 23:00:00+02:00
2025-04-04 22:00:00+00:00,3.4,16.7,0.0,24.18,2025-04-05 00:00:00+02:00
2025-04-04 23:00:00+00:00,2.8,17.6,0.0,20.81,2025-04-05 01:00:00+02:00
2025-04-05 00:00:00+00:00,2.0,16.3,0.0,17.69,2025-04-05 02:00:00+02:00
2025-04-05 01:00:00+00:00,1.4,15.8,0.0,13.79,2025-04-05 03:00:00+02:00
2025-04-05 02:00:00+00:00,0.7,14.9,0.0,20.91,2025-04-05 04:00:00+02:00
2025-04-05 03:00:00+00:00,0.6,15.2,0.0,22.57,2025-04-05 05:00:00+02:00
2025-04-05 04:00:00+00:00,0.3,15.9,0.0,27.16,2025-04-05 06:00:00+02:00
2025-04-05 05:00:00+00:00,0.4,16.4,0.0,23.95,2025-04-05 07:00:00+02:00
2025-04-05 06:00:00+00:00,1.1,18.9,0.0,12.6,2025-04-05 08:00:00+02:00
2025-04-05 07:00:00+00:00,1.8,21.1,0.0,5.32,2025-04-05 09:00:00+02:00
2025-04-05 08:00:00+00:00,2.7,23.6,0.0,1.57,2025-04-05 10:00:00+02:00
2025-04-05 09:00:00+00:00,3.3,25.1,0.0,-0.29,2025-04-05 11:00:00+02:00
2025-04-05 10:00:00+00:00,3.7,25.5,0.0,-3.11,2025-04-05 12:00:00+02:00
2025-04-05 11:00:00+00:00,3.4,27.6,0.0,-5.27,2025-04-05 13:00:00+02:00
2025-04-05 12:00:00+00:00,3.7,27.1,0.0,-5.12,2025-04-05 14:00:00+02:00
2025-04-05 13:00:00+00:00,3.5,27.0,0.0,-4.48,2025-04-05 15:00:00+02:00
2025-04-05 14:00:00+00:00,3.4,25.1,0.0,-0.35,2025-04-05 16:00:00+02:00
2025-04-05 15:00:00+00:00,2.7,23.6,0.0,4.37,2025-04-05 17:00:00+02:00
2025-04-05 16:00:00+00:00,2.1,21.3,0.0,51.11,2025-04-05 18:00:00+02:00
2025-04-05 17:00:00+00:00,1.3,18.0,0.0,57.0,2025-04-05 19:00:00+02:00
2025-04-05 18:00:00+00:00,0.4,14.9,0.0,55.91,2025-04-05 20:00:00+02:00
2025-04-05 19:00:00+00:00,-0.4,11.2,0.0,58.67,2025-04-05 21:00:00+02:00
2025-04-05 20:00:00+00:00,-0.8,8.4,0.0,55.97,2025-04-05 22:00:00+02:00
2025-04-05 21:00:00+00:00,-1.1,7.9,0.0,39.37,2025-04-05 23:00:00+02:00
2025-04-05 22:00:00+00:00,-1.1,7.2,0.0,48.81,2025-04-06 00:00:00+02:00
2025-04-05 23:00:00+00:00,-0.8,5.5,0.0,44.91,2025-04-06 01:00:00+02:00
2025-04-06 00:00:00+00:00,-1.1,4.0,0.0,45.75,2025-04-06 02:00:00+02:00
2025-04-06 01:00:00+00:00,-1.7,4.7,0.0,46.15,2025-04-06 03:00:00+02:00
2025-04-06 02:00:00+00:00,-1.6,4.3,0.0,36.43,2025-04-06 04:00:00+02:00
2025-04-06 03:00:00+00:00,-0.7,5.6,0.0,48.71,2025-04-06 05:00:00+02:00
2025-04-06 04:00:00+00:00,0.3,7.6,0.0,42.47,2025-04-06 06:00:00+02:00
2025-04-06 05:00:00+00:00,0.7,7.1,0.0,63.09,2025-04-06 07:00:00+02:00
2025-04-06 06:00:00+00:00,1.2,6.4,0.0,42.0,2025-04-06 08:00:00+02:00
2025-04-06 07:00:00+00:00,2.0,6.3,0.0,3.6,2025-04-06 09:00:00+02:00
2025-04-06 08:00:00+00:00,3.5,6.8,0.0,0.34,2025-04-06 10:00:00+02:00
2025-04-06 09:00:00+00:00,5.9,8.5,0.0,-3.66,2025-04-06 11:00:00+02:00
2025-04-06 10:00:00+00:00,6.1,11.2,0.0,-3.59,2025-04-06 12:00:00+02:00
2025-04-06 11:00:00+00:00,5.8,11.0,0.0,-6.18,2025-04-06 13:00:00+02:00
2025-04-06 12:00:00+00:00,5.7,9.3,0.0,-9.83,2025-04-06 14:00:00+02:00
2025-04-06 13:00:00+00:00,6.9,11.4,0.0,-4.93,2025-04-06 15:00:00+02:00
2025-04-06 14:00:00+00:00,7.1,12.8,0.0,2.38,2025-04-06 16:00:00+02:00
2025-04-06 15:00:00+00:00,6.3,6.9,0.0,13.93,2025-04-06 17:00:00+02:00
2025-04-06 16:00:00+00:00,5.3,3.4,0.0,58.21,2025-04-06 18:00:00+02:00
2025-04-06 17:00:00+00:00,5.0,1.7,0.0,75.09,2025-04-06 19:00:00+02:00
2025-04-06 18:00:00+00:00,4.7,4.9,0.0,65.0,2025-04-06 20:00:00+02:00
2025-04-06 19:00:00+00:00,4.8,6.6,0.0,65.16,2025-04-06 21:00:00+02:00
2025-04-06 20:00:00+00:00,5.0,7.9,0.0,62.42,2025-04-06 22:00:00+02:00
2025-04-06 21:00:00+00:00,5.0,8.7,0.0,51.54,2025-04-06 23:00:00+02:00
2025-04-06 22:00:00+00:00,4.8,9.1,0.0,30.81,2025-04-07 00:00:00+02:00
2025-04-06 23:00:00+00:00,4.7,10.6,0.0,31.13,2025-04-07 01:00:00+02:00
2025-04-07 00:00:00+00:00,4.5,9.6,0.0,31.21,2025-04-07 02:00:00+02:00
2025-04-07 01:00:00+00:00,4.7,10.1,0.0,31.03,2025-04-07 03:00:00+02:00
2025-04-07 02:00:00+00:00,4.1,9.3,0.0,32.58,2025-04-07 04:00:00+02:00
2025-04-07 03:00:00+00:00,3.9,9.4,0.0,49.62,2025-04-07 05:00:00+02:00
2025-04-07 04:00:00+00:00,4.0,10.6,0.0,49.54,2025-04-07 06:00:00+02:00
2025-04-07 05:00:00+00:00,4.3,12.2,0.0,182.83,2025-04-07 07:00:00+02:00
2025-04-07 06:00:00+00:00,4.5,12.5,0.0,144.61,2025-04-07 08:00:00+02:00
2025-04-07 07:00:00+00:00,5.5,12.2,0.0,106.98,2025-04-07 09:00:00+02:00
2025-04-07 08:00:00+00:00,6.9,12.8,0.0,60.87,2025-04-07 10:00:00+02:00
2025-04-07 09:00:00+00:00,8.4,13.0,0.0,50.74,2025-04-07 11:00:00+02:00
2025-04-07 10:00:00+00:00,9.2,14.9,0.0,40.06,2025-04-07 12:00:00+02:00
2025-04-07 11:00:00+00:00,8.8,16.0,0.0,17.56,2025-04-07 13:00:00+02:00
2025-04-07 12:00:00+00:00,9.5,16.5,0.0,36.81,2025-04-07 14:00:00+02:00
2025-04-07 13:00:00+00:00,9.3,13.0,0.0,49.27,2025-04-07 15:00:00+02:00
2025-04-07 14:00:00+00:00,9.2,11.9,0.0,52.97,2025-04-07 16:00:00+02:00
2025-04-07 15:00:00+00:00,9.2,12.0,0.0,99.07,2025-04-07 17:00:00+02:00
2025-04-07 16:00:00+00:00,8.3,12.0,0.0,127.45,2025-04-07 18:00:00+02:00
2025-04-07 17:00:00+00:00,6.5,10.4,0.0,168.31,2025-04-07 19:00:00+02:00
2025-04-07 18:00:00+00:00,4.8,8.4,0.0,164.78,2025-04-07 20:00:00+02:00
2025-04-07 19:00:00+00:00,4.2,7.5,0.0,134.64,2025-04-07 21:00:00+02:00
2025-04-07 20:00:00+00:00,3.5,7.5,0.0,117.71,2025-04-07 22:00:00+02:00
2025-04-07 21:00:00+00:00,2.9,7.9,0.0,60.88,2025-04-07 23:00:00+02:00
2025-04-07 22:00:00+00:00,2.2,8.1,0.0,62.94,2025-04-08 00:00:00+02:00
2025-04-07 23:00:00+00:00,1.6,8.8,0.0,55.68,2025-04-08 01:00:00+02:00
2025-04-08 00:00:00+00:00,1.2,9.7,0.0,55.91,2025-04-08 02:00:00+02:00
2025-04-08 01:00:00+00:00,0.0,9.7,0.0,56.72,2025-04-08 03:00:00+02:00
2025-04-08 02:00:00+00:00,-0.4,8.8,0.0,55.99,2025-04-08 04:00:00+02:00
2025-04-08 03:00:00+00:00,-0.7,7.9,0.0,82.82,2025-04-08 05:00:00+02:00
2025-04-08 04:00:00+00:00,-1.0,7.4,0.0,105.86,2025-04-08 06:00:00+02:00
2025-04-08 05:00:00+00:00,-0.5,6.5,0.0,143.46,2025-04-08 07:00:00+02:00
2025-04-08 06:00:00+00:00,0.8,4.7,0.0,112.07,2025-04-08 08:00:00+02:00
2025-04-08 07:00:00+00:00,2.7,3.3,0.0,66.14,2025-04-08 09:00:00+02:00
2025-04-08 08:00:00+00:00,4.7,2.5,0.0,44.35,2025-04-08 10:00:00+02:00
2025-04-08 09:00:00+00:00,6.4,2.2,0.0,28.28,2025-04-08 11:00:00+02:00
2025-04-08 10:00:00+00:00,7.7,2.9,0.0,23.09,2025-04-08 12:00:00+02:00
2025-04-08 11:00:00+00:00,8.6,5.7,0.0,12.92,2025-04-08 13:00:00+02:00
2025-04-08 12:00:00+00:00,9.0,7.5,0.0,22.24,2025-04-08 14:00:00+02:00
2025-04-08 13:00:00+00:00,9.5,8.1,0.0,25.06,2025-04-08 15:00:00+02:00
2025-04-08 14:00:00+00:00,9.6,8.0,0.0,25.95,2025-04-08 16:00:00+02:00
2025-04-08 15:00:00+00:00,8.5,9.3,0.0,31.52,2025-04-08 17:00:00+02:00
2025-04-08 16:00:00+00:00,8.2,9.5,0.0,30.89,2025-04-08 18:00:00+02:00
2025-04-08 17:00:00+00:00,7.8,8.3,0.0,31.05,2025-04-08 19:00:00+02:00
2025-04-08 18:00:00+00:00,7.1,7.3,0.0,30.24,2025-04-08 20:00:00+02:00
2025-04-08 19:00:00+00:00,6.2,8.3,0.0,29.04,2025-04-08 21:00:00+02:00
2025-04-08 20:00:00+00:00,5.5,9.1,0.0,28.08,2025-04-08 22:00:00+02:00
2025-04-08 21:00:00+00:00,5.0,11.3,0.0,27.19,2025-04-08 23:00:00+02:00
2025-04-08 22:00:00+00:00,4.9,11.8,0.0,27.24,2025-04-09 00:00:00+02:00
2025-04-08 23:00:00+00:00,4.4,10.7,0.0,26.83,2025-04-09 01:00:00+02:00
2025-04-09 00:00:00+00:00,4.1,10.0,0.0,22.09,2025-04-09 02:00:00+02:00
2025-04-09 01:00:00+00:00,4.1,9.7,0.0,20.1,2025-04-09 03:00:00+02:00
2025-04-09 02:00:00+00:00,4.4,11.5,0.0,20.19,2025-04-09 04:00:00+02:00
2025-04-09 03:00:00+00:00,4.9,12.2,0.0,27.57,2025-04-09 05:00:00+02:00
2025-04-09 04:00:00+00:00,4.9,12.9,0.0,29.76,2025-04-09 06:00:00+02:00
2025-04-09 05:00:00+00:00,5.1,14.1,0.0,36.59,2025-04-09 07:00:00+02:00
2025-04-09 06:00:00+00:00,5.7,15.5,0.0,33.6,2025-04-09 08:00:00+02:00
2025-04-09 07:00:00+00:00,7.2,20.3,0.0,29.39,2025-04-09 09:00:00+02:00
2025-04-09 08:00:00+00:00,6.6,27.9,0.0,21.17,2025-04-09 10:00:00+02:00
2025-04-09 09:00:00+00:00,5.0,24.4,0.0,20.23,2025-04-09 11:00:00+02:00
2025-04-09 10:00:00+00:00,4.8,25.0,0.0,8.23,2025-04-09 12:00:00+02:00
2025-04-09 11:00:00+00:00,4.9,25.5,0.0,3.66,2025-04-09 13:00:00+02:00
2025-04-09 12:00:00+00:00,5.0,28.9,0.0,7.45,2025-04-09 14:00:00+02:00
2025-04-09 13:00:00+00:00,4.4,25.1,0.0,14.55,2025-04-09 15:00:00+02:00
2025-04-09 14:00:00+00:00,4.5,24.6,0.0,18.53,2025-04-09 16:00:00+02:00
2025-04-09 15:00:00+00:00,4.1,24.7,0.0,19.98,2025-04-09 17:00:00+02:00
2025-04-09 16:00:00+00:00,3.5,22.9,0.0,19.98,2025-04-09 18:00:00+02:00
2025-04-09 17:00:00+00:00,3.0,18.2,0.0,27.15,2025-04-09 19:00:00+02:00
2025-04-09 18:00:00+00:00,2.3,16.2,0.0,28.28,2025-04-09 20:00:00+02:00
2025-04-09 19:00:00+00:00,2.0,13.9,0.0,28.02,2025-04-09 21:00:00+02:00
2025-04-09 20:00:00+00:00,1.6,13.1,0.0,26.23,2025-04-09 22:00:00+02:00
2025-04-09 21:00:00+00:00,2.2,15.5,0.0,26.58,2025-04-09 23:00:00+02:00
2025-04-09 22:00:00+00:00,1.9,15.6,0.0,21.3,2025-04-10 00:00:00+02:00
2025-04-09 23:00:00+00:00,1.1,14.7,0.0,21.72,2025-04-10 01:00:00+02:00
2025-04-10 00:00:00+00:00,0.7,14.8,0.0,22.59,2025-04-10 02:00:00+02:00
2025-04-10 01:00:00+00:00,-0.1,13.9,0.0,23.58,2025-04-10 03:00:00+02:00
2025-04-10 02:00:00+00:00,-0.5,13.4,0.0,31.29,2025-04-10 04:00:00+02:00
2025-04-10 03:00:00+00:00,-0.7,12.8,0.0,50.53,2025-04-10 05:00:00+02:00
2025-04-10 04:00:00+00:00,-0.9,11.8,0.0,129.44,2025-04-10 06:00:00+02:00
2025-04-10 05:00:00+00:00,-0.4,10.1,0.0,176.6,2025-04-10 07:00:00+02:00
2025-04-10 06:00:00+00:00,0.4,10.2,0.0,137.88,2025-04-10 08:00:00+02:00
2025-04-10 07:00:00+00:00,1.5,9.0,0.0,87.19,2025-04-10 09:00:00+02:00
2025-04-10 08:00:00+00:00,2.5,8.9,0.0,39.92,2025-04-10 10:00:00+02:00
2025-04-10 09:00:00+00:00,3.4,11.9,0.0,23.9,2025-04-10 11:00:00+02:00
2025-04-10 10:00:00+00:00,3.6,14.2,0.0,22.7,2025-04-10 12:00:00+02:00
2025-04-10 11:00:00+00:00,4.1,14.8,0.0,4.92,2025-04-10 13:00:00+02:00
2025-04-10 12:00:00+00:00,4.3,14.4,0.0,2.01,2025-04-10 14:00:00+02:00
2025-04-10 13:00:00+00:00,5.9,17.6,0.0,6.8,2025-04-10 15:00:00+02:00
2025-04-10 14:00:00+00:00,5.4,18.4,0.0,18.74,2025-04-10 16:00:00+02:00
2025-04-10 15:00:00+00:00,4.8,13.9,0.1,22.27,2025-04-10 17:00:00+02:00
2025-04-10 16:00:00+00:00,5.2,16.2,0.2,22.3,2025-04-10 18:00:00+02:00
2025-04-10 17:00:00+00:00,5.0,17.3,0.2,21.66,2025-04-10 19:00:00+02:00
2025-04-10 18:00:00+00:00,5.5,17.9,0.0,20.09,2025-04-10 20:00:00+02:00
2025-04-10 19:00:00+00:00,6.1,17.4,0.0,19.24,2025-04-10 21:00:00+02:00
2025-04-10 20:00:00+00:00,6.4,16.9,0.0,17.7,2025-04-10 22:00:00+02:00
2025-04-10 21:00:00+00:00,6.5,18.3,0.0,13.17,2025-04-10 23:00:00+02:00
2025-04-10 22:00:00+00:00,6.5,19.3,0.0,10.76,2025-04-11 00:00:00+02:00
2025-04-10 23:00:00+00:00,6.7,18.9,0.0,8.86,2025-04-11 01:00:00+02:00
2025-04-11 00:00:00+00:00,6.7,18.6,0.0,8.89,2025-04-11 02:00:00+02:00
2025-04-11 01:00:00+00:00,7.0,17.5,0.0,7.04,2025-04-11 03:00:00+02:00
2025-04-11 02:00:00+00:00,6.9,16.8,0.0,7.18,2025-04-11 04:00:00+02:00
2025-04-11 03:00:00+00:00,6.5,17.2,0.0,14.45,2025-04-11 05:00:00+02:00
2025-04-11 04:00:00+00:00,5.4,15.7,0.0,23.94,2025-04-11 06:00:00+02:00
2025-04-11 05:00:00+00:00,3.8,16.8,0.0,45.74,2025-04-11 07:00:00+02:00
2025-04-11 06:00:00+00:00,3.2,14.6,0.0,49.04,2025-04-11 08:00:00+02:00
2025-04-11 07:00:00+00:00,3.8,13.7,0.0,42.04,2025-04-11 09:00:00+02:00
2025-04-11 08:00:00+00:00,4.6,13.9,0.0,30.92,2025-04-11 10:00:00+02:00
2025-04-11 09:00:00+00:00,5.6,16.5,0.0,13.9,2025-04-11 11:00:00+02:00
2025-04-11 10:00:00+00:00,6.3,15.7,0.0,7.25,2025-04-11 12:00:00+02:00
2025-04-11 11:00:00+00:00,6.7,13.4,0.0,4.29,2025-04-11 13:00:00+02:00
2025-04-11 12:00:00+00:00,7.3,10.3,0.0,6.36,2025-04-11 14:00:00+02:00
2025-04-11 13:00:00+00:00,8.7,14.7,0.0,12.16,2025-04-11 15:00:00+02:00
2025-04-11 14:00:00+00:00,9.0,12.6,0.0,28.78,2025-04-11 16:00:00+02:00
2025-04-11 15:00:00+00:00,9.8,4.3,0.0,45.53,2025-04-11 17:00:00+02:00
2025-04-11 16:00:00+00:00,9.8,6.1,0.0,62.96,2025-04-11 18:00:00+02:00
2025-04-11 17:00:00+00:00,5.6,15.8,0.0,67.04,2025-04-11 19:00:00+02:00
2025-04-11 18:00:00+00:00,2.7,13.5,0.0,42.61,2025-04-11 20:00:00+02:00
2025-04-11 19:00:00+00:00,2.5,12.9,0.0,29.69,2025-04-11 21:00:00+02:00
2025-04-11 20:00:00+00:00,2.0,14.2,0.0,23.43,2025-04-11 22:00:00+02:00
2025-04-11 21:00:00+00:00,2.0,13.4,0.0,21.11,2025-04-11 23:00:00+02:00
2025-04-11 22:00:00+00:00,2.6,15.5,0.0,22.52,2025-04-12 00:00:00+02:00
2025-04-11 23:00:00+00:00,3.1,16.7,0.0,20.3,2025-04-12 01:00:00+02:00
2025-04-12 00:00:00+00:00,3.4,16.2,0.0,19.56,2025-04-12 02:00:00+02:00
2025-04-12 01:00:00+00:00,3.4,15.3,0.0,19.64,2025-04-12 03:00:00+02:00
2025-04-12 02:00:00+00:00,3.3,13.6,0.0,20.19,2025-04-12 04:00:00+02:00
2025-04-12 03:00:00+00:00,3.6,12.6,0.0,19.63,2025-04-12 05:00:00+02:00
2025-04-12 04:00:00+00:00,3.9,12.0,0.0,19.26,2025-04-12 06:00:00+02:00
2025-04-12 05:00:00+00:00,5.0,13.0,0.0,21.4,2025-04-12 07:00:00+02:00
2025-04-12 06:00:00+00:00,6.4,9.9,0.0,25.3,2025-04-12 08:00:00+02:00
2025-04-12 07:00:00+00:00,7.6,10.0,0.0,17.94,2025-04-12 09:00:00+02:00
2025-04-12 08:00:00+00:00,8.9,7.3,0.0,3.13,2025-04-12 10:00:00+02:00
2025-04-12 09:00:00+00:00,10.0,8.5,0.0,-0.94,2025-04-12 11:00:00+02:00
2025-04-12 10:00:00+00:00,10.0,6.6,0.0,-4.84,2025-04-12 12:00:00+02:00
2025-04-12 11:00:00+00:00,11.2,3.4,0.0,-13.73,2025-04-12 13:00:00+02:00
2025-04-12 12:00:00+00:00,12.4,1.8,0.0,-17.24,2025-04-12 14:00:00+02:00
2025-04-12 13:00:00+00:00,13.2,5.4,0.0,-7.6,2025-04-12 15:00:00+02:00
2025-04-12 14:00:00+00:00,12.8,7.9,0.0,0.44,2025-04-12 16:00:00+02:00
2025-04-12 15:00:00+00:00,12.3,9.4,0.0,27.51,2025-04-12 17:00:00+02:00
2025-04-12 16:00:00+00:00,12.2,9.0,0.0,30.23,2025-04-12 18:00:00+02:00
2025-04-12 17:00:00+00:00,11.2,3.6,0.0,72.83,2025-04-12 19:00:00+02:00
2025-04-12 18:00:00+00:00,9.0,13.8,0.0,31.7,2025-04-12 20:00:00+02:00
2025-04-12 19:00:00+00:00,6.2,10.4,0.0,30.53,2025-04-12 21:00:00+02:00
2025-04-12 20:00:00+00:00,5.2,10.3,0.0,29.23,2025-04-12 22:00:00+02:00
2025-04-12 21:00:00+00:00,4.8,10.3,0.0,28.76,2025-04-12 23:00:00+02:00
2025-04-12 22:00:00+00:00,4.5,9.9,0.0,27.2,2025-04-13 00:00:00+02:00
2025-04-12 23:00:00+00:00,4.3,10.3,0.0,26.52,2025-04-13 01:00:00+02:00
2025-04-13 00:00:00+00:00,4.2,10.5,0.0,22.39,2025-04-13 02:00:00+02:00
2025-04-13 01:00:00+00:00,3.5,11.0,0.0,16.08,2025-04-13 03:00:00+02:00
2025-04-13 02:00:00+00:00,3.7,11.4,0.0,17.32,2025-04-13 04:00:00+02:00
2025-04-13 03:00:00+00:00,3.8,11.7,0.0,18.69,2025-04-13 05:00:00+02:00
2025-04-13 04:00:00+00:00,3.8,11.7,0.0,16.14,2025-04-13 06:00:00+02:00
2025-04-13 05:00:00+00:00,4.9,11.8,0.0,15.43,2025-04-13 07:00:00+02:00
2025-04-13 06:00:00+00:00,6.6,11.3,0.0,9.36,2025-04-13 08:00:00+02:00
2025-04-13 07:00:00+00:00,8.5,10.4,0.0,5.58,2025-04-13 09:00:00+02:00
2025-04-13 08:00:00+00:00,10.1,12.0,0.0,2.66,2025-04-13 10:00:00+02:00
2025-04-13 09:00:00+00:00,11.4,13.6,0.0,0.1,2025-04-13 11:00:00+02:00
2025-04-13 10:00:00+00:00,12.5,15.4,0.0,-1.69,2025-04-13 12:00:00+02:00
2025-04-13 11:00:00+00:00,12.9,16.4,0.0,-3.01,2025-04-13 13:00:00+02:00
2025-04-13 12:00:00+00:00,12.9,16.8,0.0,-2.57,2025-04-13 14:00:00+02:00
2025-04-13 13:00:00+00:00,12.6,16.6,0.0,-0.71,2025-04-13 15:00:00+02:00
2025-04-13 14:00:00+00:00,11.2,16.9,0.0,2.08,2025-04-13 16:00:00+02:00
2025-04-13 15:00:00+00:00,9.1,16.7,0.0,10.73,2025-04-13 17:00:00+02:00
2025-04-13 16:00:00+00:00,7.8,14.0,0.0,26.66,2025-04-13 18:00:00+02:00
2025-04-13 17:00:00+00:00,6.7,12.6,0.0,26.77,2025-04-13 19:00:00+02:00
2025-04-13 18:00:00+00:00,6.5,16.4,0.0,26.84,2025-04-13 20:00:00+02:00
2025-04-13 19:00:00+00:00,6.8,17.8,0.0,25.85,2025-04-13 21:00:00+02:00
2025-04-13 20:00:00+00:00,7.3,17.1,0.0,23.08,2025-04-13 22:00:00+02:00
2025-04-13 21:00:00+00:00,8.1,17.1,0.1,10.12,2025-04-13 23:00:00+02:00
2025-04-13 22:00:00+00:00,8.3,17.1,0.0,3.06,2025-04-14 00:00:00+02:00
2025-04-13 23:00:00+00:00,8.0,15.3,0.0,1.23,2025-04-14 01:00:00+02:00
2025-04-14 00:00:00+00:00,7.6,13.2,0.0,0.97,2025-04-14 02:00:00+02:00
2025-04-14 01:00:00+00:00,7.8,11.0,0.0,2.34,2025-04-14 03:00:00+02:00
2025-04-14 02:00:00+00:00,7.7,9.6,0.0,2.25,2025-04-14 04:00:00+02:00
2025-04-14 03:00:00+00:00,7.9,11.9,0.0,21.42,2025-04-14 05:00:00+02:00
2025-04-14 04:00:00+00:00,7.6,13.0,0.0,25.42,2025-04-14 06:00:00+02:00
2025-04-14 05:00:00+00:00,8.5,13.7,0.0,30.36,2025-04-14 07:00:00+02:00
2025-04-14 06:00:00+00:00,10.4,14.8,0.0,37.22,2025-04-14 08:00:00+02:00
2025-04-14 07:00:00+00:00,11.0,15.1,0.0,27.93,2025-04-14 09:00:00+02:00
2025-04-14 08:00:00+00:00,12.2,17.0,0.0,26.3,2025-04-14 10:00:00+02:00
2025-04-14 09:00:00+00:00,12.9,17.5,0.0,24.99,2025-04-14 11:00:00+02:00
2025-04-14 10:00:00+00:00,13.3,17.2,0.0,24.41,2025-04-14 12:00:00+02:00
2025-04-14 11:00:00+00:00,13.7,18.4,0.0,23.88,2025-04-14 13:00:00+02:00
2025-04-14 12:00:00+00:00,14.6,19.2,0.0,23.48,2025-04-14 14:00:00+02:00
2025-04-14 13:00:00+00:00,14.5,19.2,0.0,23.95,2025-04-14 15:00:00+02:00
2025-04-14 14:00:00+00:00,14.7,18.3,0.0,25.3,2025-04-14 16:00:00+02:00
2025-04-14 15:00:00+00:00,14.6,16.6,0.0,26.0,2025-04-14 17:00:00+02:00
2025-04-14 16:00:00+00:00,13.7,13.6,0.0,39.95,2025-04-14 18:00:00+02:00
2025-04-14 17:00:00+00:00,12.3,11.5,0.0,48.0,2025-04-14 19:00:00+02:00
2025-04-14 18:00:00+00:00,10.5,11.7,0.0,88.89,2025-04-14 20:00:00+02:00
2025-04-14 19:00:00+00:00,9.8,16.0,0.0,59.75,2025-04-14 21:00:00+02:00
2025-04-14 20:00:00+00:00,9.0,13.7,0.0,44.96,2025-04-14 22:00:00+02:00
2025-04-14 21:00:00+00:00,8.1,11.7,0.0,33.34,2025-04-14 23:00:00+02:00
2025-04-14 22:00:00+00:00,7.4,10.4,0.0,41.17,2025-04-15 00:00:00+02:00
2025-04-14 23:00:00+00:00,6.9,10.5,0.0,32.34,2025-04-15 01:00:00+02:00
2025-04-15 00:00:00+00:00,6.3,9.4,0.0,36.59,2025-04-15 02:00:00+02:00
2025-04-15 01:00:00+00:00,4.9,6.7,0.0,32.18,2025-04-15 03:00:00+02:00
2025-04-15 02:00:00+00:00,4.4,6.0,0.0,27.97,2025-04-15 04:00:00+02:00
2025-04-15 03:00:00+00:00,3.7,4.9,0.0,30.83,2025-04-15 05:00:00+02:00
2025-04-15 04:00:00+00:00,3.5,3.7,0.0,59.03,2025-04-15 06:00:00+02:00
2025-04-15 05:00:00+00:00,5.0,0.9,0.0,77.53,2025-04-15 07:00:00+02:00
2025-04-15 06:00:00+00:00,6.2,2.4,0.0,62.94,2025-04-15 08:00:00+02:00
2025-04-15 07:00:00+00:00,8.0,3.1,0.0,25.99,2025-04-15 09:00:00+02:00
2025-04-15 08:00:00+00:00,10.1,4.6,0.0,20.56,2025-04-15 10:00:00+02:00
2025-04-15 09:00:00+00:00,12.1,5.8,0.0,4.71,2025-04-15 11:00:00+02:00
2025-04-15 10:00:00+00:00,13.6,7.2,0.0,2.19,2025-04-15 12:00:00+02:00
2025-04-15 11:00:00+00:00,14.7,9.2,0.0,2.57,2025-04-15 13:00:00+02:00
2025-04-15 12:00:00+00:00,15.2,9.8,0.0,4.0,2025-04-15 14:00:00+02:00
2025-04-15 13:00:00+00:00,15.5,12.7,0.0,6.94,2025-04-15 15:00:00+02:00
2025-04-15 14:00:00+00:00,14.6,14.3,0.0,8.33,2025-04-15 16:00:00+02:00
2025-04-15 15:00:00+00:00,13.0,13.8,0.0,16.64,2025-04-15 17:00:00+02:00
2025-04-15 16:00:00+00:00,11.5,12.0,0.0,24.03,2025-04-15 18:00:00+02:00
2025-04-15 17:00:00+00:00,9.9,11.3,0.0,29.53,2025-04-15 19:00:00+02:00
2025-04-15 18:00:00+00:00,8.0,11.0,0.0,35.91,2025-04-15 20:00:00+02:00
2025-04-15 19:00:00+00:00,7.0,11.8,0.0,19.55,2025-04-15 21:00:00+02:00
2025-04-15 20:00:00+00:00,7.0,12.4,0.0,14.18,2025-04-15 22:00:00+02:00
2025-04-15 21:00:00+00:00,7.4,12.2,0.0,7.45,2025-04-15 23:00:00+02:00
2025-04-15 22:00:00+00:00,7.8,12.4,0.0,3.11,2025-04-16 00:00:00+02:00
2025-04-15 23:00:00+00:00,7.9,12.9,0.0,2.88,2025-04-16 01:00:00+02:00
2025-04-16 00:00:00+00:00,7.9,13.5,0.0,2.23,2025-04-16 02:00:00+02:00
2025-04-16 01:00:00+00:00,7.5,12.3,0.0,3.11,2025-04-16 03:00:00+02:00
2025-04-16 02:00:00+00:00,7.2,12.3,0.0,7.63,2025-04-16 04:00:00+02:00
2025-04-16 03:00:00+00:00,7.2,12.3,0.0,21.92,2025-04-16 05:00:00+02:00
2025-04-16 04:00:00+00:00,7.2,11.9,0.0,24.94,2025-04-16 06:00:00+02:00
2025-04-16 05:00:00+00:00,8.2,11.7,0.0,27.08,2025-04-16 07:00:00+02:00
2025-04-16 06:00:00+00:00,9.4,10.3,0.0,27.86,2025-04-16 08:00:00+02:00
2025-04-16 07:00:00+00:00,11.3,10.6,0.0,28.4,2025-04-16 09:00:00+02:00
2025-04-16 08:00:00+00:00,12.9,11.4,0.0,28.1,2025-04-16 10:00:00+02:00
2025-04-16 09:00:00+00:00,14.3,11.2,0.0,26.95,2025-04-16 11:00:00+02:00
2025-04-16 10:00:00+00:00,15.3,12.2,0.0,21.24,2025-04-16 12:00:00+02:00
2025-04-16 11:00:00+00:00,15.8,11.7,0.0,14.73,2025-04-16 13:00:00+02:00
2025-04-16 12:00:00+00:00,16.2,11.5,0.0,16.1,2025-04-16 14:00:00+02:00
2025-04-16 13:00:00+00:00,16.2,11.3,0.0,26.32,2025-04-16 15:00:00+02:00
2025-04-16 14:00:00+00:00,14.8,11.7,0.0,27.06,2025-04-16 16:00:00+02:00
2025-04-16 15:00:00+00:00,12.3,11.0,0.0,41.46,2025-04-16 17:00:00+02:00
2025-04-16 16:00:00+00:00,11.0,9.7,0.0,56.94,2025-04-16 18:00:00+02:00
2025-04-16 17:00:00+00:00,10.5,7.3,0.0,69.61,2025-04-16 19:00:00+02:00
2025-04-16 18:00:00+00:00,9.7,7.4,0.0,55.07,2025-04-16 20:00:00+02:00
2025-04-16 19:00:00+00:00,8.6,8.6,0.0,32.73,2025-04-16 21:00:00+02:00
2025-04-16 20:00:00+00:00,7.9,7.3,0.0,26.55,2025-04-16 22:00:00+02:00
2025-04-16 21:00:00+00:00,7.3,6.9,0.0,25.97,2025-04-16 23:00:00+02:00
2025-04-16 22:00:00+00:00,7.0,6.1,0.0,24.26,2025-04-17 00:00:00+02:00
2025-04-16 23:00:00+00:00,7.0,5.8,0.0,24.19,2025-04-17 01:00:00+02:00
2025-04-17 00:00:00+00:00,7.3,5.1,0.0,24.18,2025-04-17 02:00:00+02:00
2025-04-17 01:00:00+00:00,7.8,5.2,0.0,25.05,2025-04-17 03:00:00+02:00
2025-04-17 02:00:00+00:00,8.1,6.3,0.0,25.11,2025-04-17 04:00:00+02:00
2025-04-17 03:00:00+00:00,8.3,5.6,0.0,25.97,2025-04-17 05:00:00+02:00
2025-04-17 04:00:00+00:00,8.3,4.1,0.0,27.49,2025-04-17 06:00:00+02:00
2025-04-17 05:00:00+00:00,8.8,2.6,0.0,89.18,2025-04-17 07:00:00+02:00
2025-04-17 06:00:00+00:00,9.8,4.7,0.0,90.57,2025-04-17 08:00:00+02:00
2025-04-17 07:00:00+00:00,10.6,6.7,0.0,48.12,2025-04-17 09:00:00+02:00
2025-04-17 08:00:00+00:00,11.4,8.2,0.0,39.4,2025-04-17 10:00:00+02:00
2025-04-17 09:00:00+00:00,13.0,8.5,0.0,34.82,2025-04-17 11:00:00+02:00
2025-04-17 10:00:00+00:00,14.1,10.4,0.0,25.06,2025-04-17 12:00:00+02:00
2025-04-17 11:00:00+00:00,14.5,9.3,0.0,21.99,2025-04-17 13:00:00+02:00
2025-04-17 12:00:00+00:00,15.3,8.2,0.0,22.88,2025-04-17 14:00:00+02:00
2025-04-17 13:00:00+00:00,12.7,7.5,0.0,28.24,2025-04-17 15:00:00+02:00
2025-04-17 14:00:00+00:00,13.3,9.2,0.0,31.46,2025-04-17 16:00:00+02:00
2025-04-17 15:00:00+00:00,12.8,9.6,0.0,29.52,2025-04-17 17:00:00+02:00
2025-04-17 16:00:00+00:00,12.2,10.7,0.0,29.57,2025-04-17 18:00:00+02:00
2025-04-17 17:00:00+00:00,11.1,10.7,0.0,27.27,2025-04-17 19:00:00+02:00
2025-04-17 18:00:00+00:00,9.8,9.9,0.0,27.19,2025-04-17 20:00:00+02:00
2025-04-17 19:00:00+00:00,9.0,8.5,0.0,27.04,2025-04-17 21:00:00+02:00
2025-04-17 20:00:00+00:00,9.0,8.7,0.0,26.07,2025-04-17 22:00:00+02:00
2025-04-17 21:00:00+00:00,8.2,10.7,0.0,25.29,2025-04-17 23:00:00+02:00
2025-04-17 22:00:00+00:00,7.2,10.7,0.0,24.82,2025-04-18 00:00:00+02:00
2025-04-17 23:00:00+00:00,6.7,9.4,0.0,25.17,2025-04-18 01:00:00+02:00
2025-04-18 00:00:00+00:00,6.2,9.3,0.0,25.19,2025-04-18 02:00:00+02:00
2025-04-18 01:00:00+00:00,6.1,8.3,0.0,25.04,2025-04-18 03:00:00+02:00
2025-04-18 02:00:00+00:00,6.1,8.6,0.0,25.89,2025-04-18 04:00:00+02:00
2025-04-18 03:00:00+00:00,6.3,9.4,0.0,25.91,2025-04-18 05:00:00+02:00
2025-04-18 04:00:00+00:00,6.5,8.4,0.0,26.7,2025-04-18 06:00:00+02:00
2025-04-18 05:00:00+00:00,6.9,4.0,0.0,27.25,2025-04-18 07:00:00+02:00
2025-04-18 06:00:00+00:00,7.4,3.9,0.0,27.54,2025-04-18 08:00:00+02:00
2025-04-18 07:00:00+00:00,8.5,1.4,0.0,27.89,2025-04-18 09:00:00+02:00
2025-04-18 08:00:00+00:00,9.6,2.5,0.0,27.28,2025-04-18 10:00:00+02:00
2025-04-18 09:00:00+00:00,11.1,4.3,0.0,26.19,2025-04-18 11:00:00+02:00
2025-04-18 10:00:00+00:00,13.2,5.1,0.0,27.22,2025-04-18 12:00:00+02:00
2025-04-18 11:00:00+00:00,14.4,4.9,0.0,26.66,2025-04-18 13:00:00+02:00
2025-04-18 12:00:00+00:00,15.4,5.9,0.0,26.67,2025-04-18 14:00:00+02:00
2025-04-18 13:00:00+00:00,12.8,6.2,0.0,27.09,2025-04-18 15:00:00+02:00
2025-04-18 14:00:00+00:00,13.4,5.2,0.0,28.67,2025-04-18 16:00:00+02:00
2025-04-18 15:00:00+00:00,13.7,3.1,0.0,33.31,2025-04-18 17:00:00+02:00
2025-04-18 16:00:00+00:00,13.6,5.0,0.1,32.54,2025-04-18 18:00:00+02:00
2025-04-18 17:00:00+00:00,13.1,4.5,0.0,29.37,2025-04-18 19:00:00+02:00
2025-04-18 18:00:00+00:00,12.9,2.3,0.0,27.94,2025-04-18 20:00:00+02:00
2025-04-18 19:00:00+00:00,12.4,6.9,0.0,27.71,2025-04-18 21:00:00+02:00
2025-04-18 20:00:00+00:00,10.1,10.0,0.3,27.32,2025-04-18 22:00:00+02:00
2025-04-18 21:00:00+00:00,8.3,8.1,0.4,25.98,2025-04-18 23:00:00+02:00
2025-04-18 22:00:00+00:00,7.8,5.8,0.0,27.38,2025-04-19 00:00:00+02:00
2025-04-18 23:00:00+00:00,8.0,4.2,0.1,27.22,2025-04-19 01:00:00+02:00
2025-04-19 00:00:00+00:00,8.3,5.5,0.1,26.77,2025-04-19 02:00:00+02:00
2025-04-19 01:00:00+00:00,9.2,8.6,0.2,26.62,2025-04-19 03:00:00+02:00
2025-04-19 02:00:00+00:00,8.8,9.2,0.1,26.65,2025-04-19 04:00:00+02:00
2025-04-19 03:00:00+00:00,8.4,9.6,0.1,27.16,2025-04-19 05:00:00+02:00
2025-04-19 04:00:00+00:00,8.2,9.1,0.0,27.4,2025-04-19 06:00:00+02:00
2025-04-19 05:00:00+00:00,8.3,11.1,0.0,28.1,2025-04-19 07:00:00+02:00
2025-04-19 06:00:00+00:00,8.7,12.1,0.0,28.59,2025-04-19 08:00:00+02:00
2025-04-19 07:00:00+00:00,9.2,12.1,0.0,28.95,2025-04-19 09:00:00+02:00
2025-04-19 08:00:00+00:00,9.4,8.6,0.2,24.44,2025-04-19 10:00:00+02:00
2025-04-19 09:00:00+00:00,9.4,13.8,0.2,5.46,2025-04-19 11:00:00+02:00
2025-04-19 10:00:00+00:00,9.9,17.6,0.1,2.22,2025-04-19 12:00:00+02:00
2025-04-19 11:00:00+00:00,10.3,15.1,0.0,0.27,2025-04-19 13:00:00+02:00
2025-04-19 12:00:00+00:00,11.0,15.9,0.0,0.92,2025-04-19 14:00:00+02:00
2025-04-19 13:00:00+00:00,9.1,17.8,0.0,3.74,2025-04-19 15:00:00+02:00
2025-04-19 14:00:00+00:00,9.2,15.9,0.3,7.4,2025-04-19 16:00:00+02:00
2025-04-19 15:00:00+00:00,8.8,15.8,1.1,27.37,2025-04-19 17:00:00+02:00
2025-04-19 16:00:00+00:00,8.5,17.3,0.1,28.12,2025-04-19 18:00:00+02:00
2025-04-19 17:00:00+00:00,8.0,14.6,0.0,28.65,2025-04-19 19:00:00+02:00
2025-04-19 18:00:00+00:00,8.0,17.7,0.0,28.76,2025-04-19 20:00:00+02:00
2025-04-19 19:00:00+00:00,7.5,16.7,0.2,28.42,2025-04-19 21:00:00+02:00
2025-04-19 20:00:00+00:00,7.4,15.9,0.2,28.08,2025-04-19 22:00:00+02:00
2025-04-19 21:00:00+00:00,7.4,14.8,0.1,27.55,2025-04-19 23:00:00+02:00
2025-04-19 22:00:00+00:00,7.3,14.1,0.2,18.73,2025-04-20 00:00:00+02:00
2025-04-19 23:00:00+00:00,6.9,14.5,0.8,11.48,2025-04-20 01:00:00+02:00
2025-04-20 00:00:00+00:00,6.6,13.2,0.7,10.67,2025-04-20 02:00:00+02:00
2025-04-20 01:00:00+00:00,6.5,14.0,0.1,10.54,2025-04-20 03:00:00+02:00
2025-04-20 02:00:00+00:00,6.5,13.3,0.2,14.91,2025-04-20 04:00:00+02:00
2025-04-20 03:00:00+00:00,6.5,11.2,0.1,22.25,2025-04-20 05:00:00+02:00
2025-04-20 04:00:00+00:00,6.5,10.0,0.2,28.01,2025-04-20 06:00:00+02:00
2025-04-20 05:00:00+00:00,6.7,9.7,0.2,28.87,2025-04-20 07:00:00+02:00
2025-04-20 06:00:00+00:00,6.8,9.6,0.1,35.3,2025-04-20 08:00:00+02:00
2025-04-20 07:00:00+00:00,7.1,9.4,0.2,13.77,2025-04-20 09:00:00+02:00
2025-04-20 08:00:00+00:00,7.2,7.8,0.5,4.8,2025-04-20 10:00:00+02:00
2025-04-20 09:00:00+00:00,7.1,6.6,0.5,1.85,2025-04-20 11:00:00+02:00
2025-04-20 10:00:00+00:00,7.4,6.8,0.2,0.89,2025-04-20 12:00:00+02:00
2025-04-20 11:00:00+00:00,7.8,6.4,0.0,1.63,2025-04-20 13:00:00+02:00
2025-04-20 12:00:00+00:00,8.1,5.4,0.0,2.19,2025-04-20 14:00:00+02:00
2025-04-20 13:00:00+00:00,9.1,4.8,0.0,6.38,2025-04-20 15:00:00+02:00
2025-04-20 14:00:00+00:00,9.4,6.7,0.0,23.56,2025-04-20 16:00:00+02:00
2025-04-20 15:00:00+00:00,9.4,8.2,0.1,37.46,2025-04-20 17:00:00+02:00
2025-04-20 16:00:00+00:00,8.9,8.8,0.0,45.49,2025-04-20 18:00:00+02:00
2025-04-20 17:00:00+00:00,8.1,8.3,0.0,43.16,2025-04-20 19:00:00+02:00
2025-04-20 18:00:00+00:00,7.4,6.4,0.0,35.69,2025-04-20 20:00:00+02:00
2025-04-20 19:00:00+00:00,7.1,5.0,0.0,32.63,2025-04-20 21:00:00+02:00
2025-04-20 20:00:00+00:00,6.8,5.1,0.0,29.99,2025-04-20 22:00:00+02:00
2025-04-20 21:00:00+00:00,6.5,5.2,0.0,29.07,2025-04-20 23:00:00+02:00
2025-04-20 22:00:00+00:00,6.2,4.8,0.0,30.86,2025-04-21 00:00:00+02:00
2025-04-20 23:00:00+00:00,6.1,4.3,0.0,29.78,2025-04-21 01:00:00+02:00
2025-04-21 00:00:00+00:00,6.0,3.8,0.0,29.51,2025-04-21 02:00:00+02:00
2025-04-21 01:00:00+00:00,5.5,4.9,0.0,29.55,2025-04-21 03:00:00+02:00
2025-04-21 02:00:00+00:00,5.5,4.0,0.0,29.17,2025-04-21 04:00:00+02:00
2025-04-21 03:00:00+00:00,5.6,3.9,0.0,29.93,2025-04-21 05:00:00+02:00
2025-04-21 04:00:00+00:00,5.7,6.1,0.0,31.26,2025-04-21 06:00:00+02:00
2025-04-21 05:00:00+00:00,5.9,8.6,0.0,30.82,2025-04-21 07:00:00+02:00
2025-04-21 06:00:00+00:00,6.4,8.3,0.0,30.77,2025-04-21 08:00:00+02:00
2025-04-21 07:00:00+00:00,6.7,7.5,0.0,30.15,2025-04-21 09:00:00+02:00
2025-04-21 08:00:00+00:00,7.4,6.8,0.0,24.57,2025-04-21 10:00:00+02:00
2025-04-21 09:00:00+00:00,8.2,7.2,0.0,23.33,2025-04-21 11:00:00+02:00
2025-04-21 10:00:00+00:00,8.5,7.3,0.0,14.26,2025-04-21 12:00:00+02:00
2025-04-21 11:00:00+00:00,8.7,8.1,0.0,8.9,2025-04-21 13:00:00+02:00
2025-04-21 12:00:00+00:00,9.2,9.5,0.0,8.36,2025-04-21 14:00:00+02:00
2025-04-21 13:00:00+00:00,8.7,9.4,0.0,10.02,2025-04-21 15:00:00+02:00
2025-04-21 14:00:00+00:00,8.6,9.2,0.0,30.67,2025-04-21 16:00:00+02:00
2025-04-21 15:00:00+00:00,8.0,9.7,0.0,32.13,2025-04-21 17:00:00+02:00
2025-04-21 16:00:00+00:00,7.8,9.3,0.0,54.94,2025-04-21 18:00:00+02:00
2025-04-21 17:00:00+00:00,7.5,7.5,0.0,49.21,2025-04-21 19:00:00+02:00
2025-04-21 18:00:00+00:00,7.2,5.9,0.0,44.47,2025-04-21 20:00:00+02:00
2025-04-21 19:00:00+00:00,6.9,5.6,0.0,31.62,2025-04-21 21:00:00+02:00
2025-04-21 20:00:00+00:00,6.6,6.0,0.1,30.14,2025-04-21 22:00:00+02:00
2025-04-21 21:00:00+00:00,6.3,6.7,0.2,29.52,2025-04-21 23:00:00+02:00
2025-04-21 22:00:00+00:00,6.1,6.5,0.0,30.77,2025-04-22 00:00:00+02:00
2025-04-21 23:00:00+00:00,6.0,5.4,0.0,31.17,2025-04-22 01:00:00+02:00
2025-04-22 00:00:00+00:00,5.9,4.9,0.0,38.1,2025-04-22 02:00:00+02:00
2025-04-22 01:00:00+00:00,5.8,5.4,0.0,42.6,2025-04-22 03:00:00+02:00
2025-04-22 02:00:00+00:00,5.8,4.6,0.0,48.09,2025-04-22 04:00:00+02:00
2025-04-22 03:00:00+00:00,5.7,5.0,0.1,56.19,2025-04-22 05:00:00+02:00
2025-04-22 04:00:00+00:00,5.8,5.5,0.0,57.84,2025-04-22 06:00:00+02:00
2025-04-22 05:00:00+00:00,6.0,5.5,0.4,134.02,2025-04-22 07:00:00+02:00
2025-04-22 06:00:00+00:00,6.2,6.0,0.0,168.59,2025-04-22 08:00:00+02:00
2025-04-22 07:00:00+00:00,6.3,6.9,0.0,114.28,2025-04-22 09:00:00+02:00
2025-04-22 08:00:00+00:00,7.1,8.2,0.0,96.43,2025-04-22 10:00:00+02:00
2025-04-22 09:00:00+00:00,8.0,6.5,0.0,91.14,2025-04-22 11:00:00+02:00
2025-04-22 10:00:00+00:00,9.3,5.2,0.0,82.67,2025-04-22 12:00:00+02:00
2025-04-22 11:00:00+00:00,10.4,5.8,0.0,66.69,2025-04-22 13:00:00+02:00
2025-04-22 12:00:00+00:00,11.8,8.3,0.0,72.55,2025-04-22 14:00:00+02:00
2025-04-22 13:00:00+00:00,7.9,7.0,0.1,79.57,2025-04-22 15:00:00+02:00
2025-04-22 14:00:00+00:00,7.8,7.4,0.1,84.77,2025-04-22 16:00:00+02:00
2025-04-22 15:00:00+00:00,7.5,5.8,0.2,100.78,2025-04-22 17:00:00+02:00
2025-04-22 16:00:00+00:00,7.3,5.8,0.3,122.84,2025-04-22 18:00:00+02:00
2025-04-22 17:00:00+00:00,7.0,6.1,0.1,193.26,2025-04-22 19:00:00+02:00
2025-04-22 18:00:00+00:00,6.6,5.9,0.1,267.17,2025-04-22 20:00:00+02:00
2025-04-22 19:00:00+00:00,6.2,5.9,0.0,157.28,2025-04-22 21:00:00+02:00
2025-04-22 20:00:00+00:00,6.1,6.1,0.0,120.6,2025-04-22 22:00:00+02:00
2025-04-22 21:00:00+00:00,6.0,5.6,0.0,104.47,2025-04-22 23:00:00+02:00
2025-04-22 22:00:00+00:00,5.9,5.5,0.0,77.64,2025-04-23 00:00:00+02:00
2025-04-22 23:00:00+00:00,5.8,5.8,0.0,43.21,2025-04-23 01:00:00+02:00
2025-04-23 00:00:00+00:00,5.9,5.0,0.0,39.94,2025-04-23 02:00:00+02:00
2025-04-23 01:00:00+00:00,5.9,2.9,0.0,38.14,2025-04-23 03:00:00+02:00
2025-04-23 02:00:00+00:00,6.2,3.2,0.0,38.57,2025-04-23 04:00:00+02:00
2025-04-23 03:00:00+00:00,6.3,1.9,0.0,40.96,2025-04-23 05:00:00+02:00
2025-04-23 04:00:00+00:00,6.5,2.3,0.0,64.42,2025-04-23 06:00:00+02:00
2025-04-23 05:00:00+00:00,7.0,1.9,0.0,76.82,2025-04-23 07:00:00+02:00
2025-04-23 06:00:00+00:00,8.2,2.1,0.0,61.42,2025-04-23 08:00:00+02:00
2025-04-23 07:00:00+00:00,9.0,3.6,0.1,49.28,2025-04-23 09:00:00+02:00
2025-04-23 08:00:00+00:00,9.7,4.2,0.2,43.15,2025-04-23 10:00:00+02:00
2025-04-23 09:00:00+00:00,10.6,5.7,0.1,39.87,2025-04-23 11:00:00+02:00
2025-04-23 10:00:00+00:00,10.8,4.9,0.1,39.0,2025-04-23 12:00:00+02:00
2025-04-23 11:00:00+00:00,11.1,3.9,0.0,39.7,2025-04-23 13:00:00+02:00
2025-04-23 12:00:00+00:00,11.0,6.3,0.0,40.67,2025-04-23 14:00:00+02:00
2025-04-23 13:00:00+00:00,9.7,7.6,0.1,45.16,2025-04-23 15:00:00+02:00
2025-04-23 14:00:00+00:00,9.5,10.7,0.1,47.2,2025-04-23 16:00:00+02:00
2025-04-23 15:00:00+00:00,8.7,12.3,0.1,51.66,2025-04-23 17:00:00+02:00
2025-04-23 16:00:00+00:00,7.6,9.9,0.3,64.8,2025-04-23 18:00:00+02:00
2025-04-23 17:00:00+00:00,6.9,11.1,0.3,82.57,2025-04-23 19:00:00+02:00
2025-04-23 18:00:00+00:00,6.2,12.7,0.2,88.15,2025-04-23 20:00:00+02:00
2025-04-23 19:00:00+00:00,5.7,10.7,0.0,76.3,2025-04-23 21:00:00+02:00
2025-04-23 20:00:00+00:00,5.2,11.3,0.0,65.29,2025-04-23 22:00:00+02:00
2025-04-23 21:00:00+00:00,4.9,10.7,0.0,58.17,2025-04-23 23:00:00+02:00
2025-04-23 22:00:00+00:00,4.7,10.4,0.0,44.23,2025-04-24 00:00:00+02:00
2025-04-23 23:00:00+00:00,4.4,8.7,0.0,42.52,2025-04-24 01:00:00+02:00
2025-04-24 00:00:00+00:00,4.3,8.8,0.0,43.96,2025-04-24 02:00:00+02:00
2025-04-24 01:00:00+00:00,3.5,11.9,0.0,43.28,2025-04-24 03:00:00+02:00
2025-04-24 02:00:00+00:00,2.9,10.6,0.0,57.55,2025-04-24 04:00:00+02:00
2025-04-24 03:00:00+00:00,2.2,9.4,0.0,72.55,2025-04-24 05:00:00+02:00
2025-04-24 04:00:00+00:00,2.0,9.4,0.0,108.77,2025-04-24 06:00:00+02:00
2025-04-24 05:00:00+00:00,2.6,9.2,0.0,119.29,2025-04-24 07:00:00+02:00
2025-04-24 06:00:00+00:00,3.9,10.2,0.0,118.76,2025-04-24 08:00:00+02:00
2025-04-24 07:00:00+00:00,5.3,10.2,0.0,106.91,2025-04-24 09:00:00+02:00
2025-04-24 08:00:00+00:00,6.4,11.3,0.0,92.39,2025-04-24 10:00:00+02:00
2025-04-24 09:00:00+00:00,7.1,11.3,0.0,73.6,2025-04-24 11:00:00+02:00
2025-04-24 10:00:00+00:00,7.6,10.1,0.0,61.16,2025-04-24 12:00:00+02:00
2025-04-24 11:00:00+00:00,8.1,8.3,0.0,44.63,2025-04-24 13:00:00+02:00
2025-04-24 12:00:00+00:00,8.9,6.9,0.0,42.3,2025-04-24 14:00:00+02:00
2025-04-24 13:00:00+00:00,8.6,6.9,0.0,41.96,2025-04-24 15:00:00+02:00
2025-04-24 14:00:00+00:00,8.8,7.3,0.0,43.24,2025-04-24 16:00:00+02:00
2025-04-24 15:00:00+00:00,8.2,6.9,0.0,56.26,2025-04-24 17:00:00+02:00
2025-04-24 16:00:00+00:00,7.5,7.7,0.0,67.02,2025-04-24 18:00:00+02:00
2025-04-24 17:00:00+00:00,6.5,9.8,0.0,80.54,2025-04-24 19:00:00+02:00
2025-04-24 18:00:00+00:00,5.7,8.7,0.0,98.09,2025-04-24 20:00:00+02:00
2025-04-24 19:00:00+00:00,5.3,5.2,0.0,69.31,2025-04-24 21:00:00+02:00
2025-04-24 20:00:00+00:00,5.1,5.1,0.0,52.79,2025-04-24 22:00:00+02:00
2025-04-24 21:00:00+00:00,4.8,6.7,0.0,39.6,2025-04-24 23:00:00+02:00
2025-04-24 22:00:00+00:00,4.6,6.5,0.0,36.39,2025-04-25 00:00:00+02:00
2025-04-24 23:00:00+00:00,4.0,7.4,0.3,35.32,2025-04-25 01:00:00+02:00
2025-04-25 00:00:00+00:00,3.4,7.5,0.0,34.87,2025-04-25 02:00:00+02:00
2025-04-25 01:00:00+00:00,2.3,7.6,0.0,34.84,2025-04-25 03:00:00+02:00
2025-04-25 02:00:00+00:00,1.8,9.0,0.0,35.05,2025-04-25 04:00:00+02:00
2025-04-25 03:00:00+00:00,1.2,11.6,0.0,38.53,2025-04-25 05:00:00+02:00
2025-04-25 04:00:00+00:00,0.9,11.4,0.0,46.68,2025-04-25 06:00:00+02:00
2025-04-25 05:00:00+00:00,1.4,11.3,0.0,59.87,2025-04-25 07:00:00+02:00
2025-04-25 06:00:00+00:00,2.3,13.0,0.0,73.69,2025-04-25 08:00:00+02:00
2025-04-25 07:00:00+00:00,3.4,12.8,0.0,52.3,2025-04-25 09:00:00+02:00
2025-04-25 08:00:00+00:00,4.8,11.6,0.0,40.46,2025-04-25 10:00:00+02:00
2025-04-25 09:00:00+00:00,6.0,12.2,0.0,37.65,2025-04-25 11:00:00+02:00
2025-04-25 10:00:00+00:00,7.0,13.3,0.0,34.43,2025-04-25 12:00:00+02:00
2025-04-25 11:00:00+00:00,7.5,13.0,0.0,26.36,2025-04-25 13:00:00+02:00
2025-04-25 12:00:00+00:00,8.1,11.6,0.0,23.15,2025-04-25 14:00:00+02:00
2025-04-25 13:00:00+00:00,7.2,10.6,0.0,31.56,2025-04-25 15:00:00+02:00
2025-04-25 14:00:00+00:00,7.7,10.6,0.0,34.7,2025-04-25 16:00:00+02:00
2025-04-25 15:00:00+00:00,7.6,9.3,0.0,38.71,2025-04-25 17:00:00+02:00
2025-04-25 16:00:00+00:00,7.2,9.8,0.0,40.66,2025-04-25 18:00:00+02:00
2025-04-25 17:00:00+00:00,6.8,6.5,0.0,40.92,2025-04-25 19:00:00+02:00
2025-04-25 18:00:00+00:00,5.4,4.0,0.0,55.44,2025-04-25 20:00:00+02:00
2025-04-25 19:00:00+00:00,4.5,8.2,0.0,40.54,2025-04-25 21:00:00+02:00
2025-04-25 20:00:00+00:00,2.8,10.9,0.0,35.18,2025-04-25 22:00:00+02:00
2025-04-25 21:00:00+00:00,2.2,9.0,0.0,33.76,2025-04-25 23:00:00+02:00
2025-04-25 22:00:00+00:00,2.2,8.7,0.0,34.19,2025-04-26 00:00:00+02:00
2025-04-25 23:00:00+00:00,2.4,9.8,0.0,33.4,2025-04-26 01:00:00+02:00
2025-04-26 00:00:00+00:00,3.1,10.3,0.0,33.36,2025-04-26 02:00:00+02:00
2025-04-26 01:00:00+00:00,2.5,11.1,0.0,31.91,2025-04-26 03:00:00+02:00
2025-04-26 02:00:00+00:00,2.5,10.7,0.0,32.41,2025-04-26 04:00:00+02:00
2025-04-26 03:00:00+00:00,1.6,9.7,0.0,34.31,2025-04-26 05:00:00+02:00
2025-04-26 04:00:00+00:00,1.0,9.5,0.0,34.94,2025-04-26 06:00:00+02:00
2025-04-26 05:00:00+00:00,1.8,8.5,0.0,38.52,2025-04-26 07:00:00+02:00
2025-04-26 06:00:00+00:00,3.1,9.0,0.0,40.15,2025-04-26 08:00:00+02:00
2025-04-26 07:00:00+00:00,4.6,9.3,0.0,24.22,2025-04-26 09:00:00+02:00
2025-04-26 08:00:00+00:00,6.1,8.0,0.0,3.97,2025-04-26 10:00:00+02:00
2025-04-26 09:00:00+00:00,7.4,10.0,0.0,1.19,2025-04-26 11:00:00+02:00
2025-04-26 10:00:00+00:00,8.3,13.4,0.0,-0.89,2025-04-26 12:00:00+02:00
2025-04-26 11:00:00+00:00,8.6,12.0,0.0,-1.21,2025-04-26 13:00:00+02:00
2025-04-26 12:00:00+00:00,8.5,10.6,0.0,-1.69,2025-04-26 14:00:00+02:00
2025-04-26 13:00:00+00:00,8.8,9.1,0.0,-0.36,2025-04-26 15:00:00+02:00
2025-04-26 14:00:00+00:00,9.1,9.8,0.0,2.21,2025-04-26 16:00:00+02:00
2025-04-26 15:00:00+00:00,9.2,10.8,0.0,28.99,2025-04-26 17:00:00+02:00
2025-04-26 16:00:00+00:00,9.0,8.5,0.0,51.23,2025-04-26 18:00:00+02:00
2025-04-26 17:00:00+00:00,7.8,6.2,0.0,61.12,2025-04-26 19:00:00+02:00
2025-04-26 18:00:00+00:00,4.8,13.0,0.0,48.72,2025-04-26 20:00:00+02:00
2025-04-26 19:00:00+00:00,3.7,7.2,0.0,39.93,2025-04-26 21:00:00+02:00
2025-04-26 20:00:00+00:00,3.4,8.0,0.0,36.7,2025-04-26 22:00:00+02:00
2025-04-26 21:00:00+00:00,3.0,6.7,0.0,34.42,2025-04-26 23:00:00+02:00
2025-04-26 22:00:00+00:00,2.5,7.1,0.0,34.61,2025-04-27 00:00:00+02:00
2025-04-26 23:00:00+00:00,2.3,7.4,0.0,32.82,2025-04-27 01:00:00+02:00
2025-04-27 00:00:00+00:00,2.3,7.7,0.0,31.15,2025-04-27 02:00:00+02:00
2025-04-27 01:00:00+00:00,1.5,8.3,0.0,31.36,2025-04-27 03:00:00+02:00
2025-04-27 02:00:00+00:00,1.6,9.0,0.0,30.98,2025-04-27 04:00:00+02:00
2025-04-27 03:00:00+00:00,1.7,9.4,0.0,31.91,2025-04-27 05:00:00+02:00
2025-04-27 04:00:00+00:00,2.3,10.3,0.0,35.22,2025-04-27 06:00:00+02:00
2025-04-27 05:00:00+00:00,3.6,10.0,0.0,32.7,2025-04-27 07:00:00+02:00
2025-04-27 06:00:00+00:00,5.5,10.2,0.0,20.65,2025-04-27 08:00:00+02:00
2025-04-27 07:00:00+00:00,7.6,11.2,0.0,1.41,2025-04-27 09:00:00+02:00
2025-04-27 08:00:00+00:00,9.4,13.1,0.0,-1.12,2025-04-27 10:00:00+02:00
2025-04-27 09:00:00+00:00,10.8,14.4,0.0,-3.86,2025-04-27 11:00:00+02:00
2025-04-27 10:00:00+00:00,11.9,15.7,0.0,-9.4,2025-04-27 12:00:00+02:00
2025-04-27 11:00:00+00:00,12.6,17.2,0.0,-14.63,2025-04-27 13:00:00+02:00
2025-04-27 12:00:00+00:00,12.9,17.3,0.0,-16.6,2025-04-27 14:00:00+02:00
2025-04-27 13:00:00+00:00,14.1,14.7,0.0,-8.14,2025-04-27 15:00:00+02:00
2025-04-27 14:00:00+00:00,14.1,14.8,0.0,-0.15,2025-04-27 16:00:00+02:00
2025-04-27 15:00:00+00:00,14.0,12.2,0.0,5.46,2025-04-27 17:00:00+02:00
2025-04-27 16:00:00+00:00,13.6,10.4,0.0,33.82,2025-04-27 18:00:00+02:00
2025-04-27 17:00:00+00:00,13.1,13.2,0.0,42.45,2025-04-27 19:00:00+02:00
2025-04-27 18:00:00+00:00,12.2,19.4,0.0,53.2,2025-04-27 20:00:00+02:00
2025-04-27 19:00:00+00:00,11.4,17.8,0.0,56.33,2025-04-27 21:00:00+02:00
2025-04-27 20:00:00+00:00,10.7,17.1,0.0,33.63,2025-04-27 22:00:00+02:00
2025-04-27 21:00:00+00:00,10.0,13.6,0.0,32.43,2025-04-27 23:00:00+02:00
2025-04-27 22:00:00+00:00,9.2,13.1,0.0,31.85,2025-04-28 00:00:00+02:00
2025-04-27 23:00:00+00:00,9.0,15.2,0.0,31.26,2025-04-28 01:00:00+02:00
2025-04-28 00:00:00+00:00,8.8,15.0,0.0,29.82,2025-04-28 02:00:00+02:00
2025-04-28 01:00:00+00:00,9.0,15.9,0.0,29.37,2025-04-28 03:00:00+02:00
2025-04-28 02:00:00+00:00,8.5,15.4,0.0,29.32,2025-04-28 04:00:00+02:00
2025-04-28 03:00:00+00:00,7.9,15.0,0.0,30.94,2025-04-28 05:00:00+02:00
2025-04-28 04:00:00+00:00,8.3,15.1,0.0,39.93,2025-04-28 06:00:00+02:00
2025-04-28 05:00:00+00:00,8.8,15.1,0.0,41.21,2025-04-28 07:00:00+02:00
2025-04-28 06:00:00+00:00,9.6,12.5,0.0,48.55,2025-04-28 08:00:00+02:00
2025-04-28 07:00:00+00:00,10.7,15.1,0.0,36.25,2025-04-28 09:00:00+02:00
2025-04-28 08:00:00+00:00,12.0,16.8,0.0,9.59,2025-04-28 10:00:00+02:00
2025-04-28 09:00:00+00:00,13.1,15.7,0.0,1.14,2025-04-28 11:00:00+02:00
2025-04-28 10:00:00+00:00,14.1,23.1,0.0,-1.98,2025-04-28 12:00:00+02:00
2025-04-28 11:00:00+00:00,14.5,15.8,0.1,-2.92,2025-04-28 13:00:00+02:00
2025-04-28 12:00:00+00:00,15.4,21.3,0.0,-2.46,2025-04-28 14:00:00+02:00
2025-04-28 13:00:00+00:00,16.3,19.7,0.0,-0.6,2025-04-28 15:00:00+02:00
2025-04-28 14:00:00+00:00,16.4,21.9,0.0,2.21,2025-04-28 16:00:00+02:00
2025-04-28 15:00:00+00:00,15.7,24.7,0.0,27.31,2025-04-28 17:00:00+02:00
2025-04-28 16:00:00+00:00,14.8,26.2,0.0,31.74,2025-04-28 18:00:00+02:00
2025-04-28 17:00:00+00:00,14.3,26.1,0.0,35.83,2025-04-28 19:00:00+02:00
2025-04-28 18:00:00+00:00,13.5,24.7,0.0,32.35,2025-04-28 20:00:00+02:00
2025-04-28 19:00:00+00:00,12.9,23.0,0.0,32.76,2025-04-28 21:00:00+02:00
2025-04-28 20:00:00+00:00,11.6,23.0,0.1,27.19,2025-04-28 22:00:00+02:00
2025-04-28 21:00:00+00:00,11.1,16.9,0.0,10.01,2025-04-28 23:00:00+02:00
2025-04-28 22:00:00+00:00,10.1,14.2,0.0,3.55,2025-04-29 00:00:00+02:00
2025-04-28 23:00:00+00:00,9.3,13.0,0.0,2.7,2025-04-29 01:00:00+02:00
2025-04-29 00:00:00+00:00,8.8,12.1,0.0,2.28,2025-04-29 02:00:00+02:00
2025-04-29 01:00:00+00:00,8.3,12.2,0.0,2.37,2025-04-29 03:00:00+02:00
2025-04-29 02:00:00+00:00,7.9,13.0,0.0,26.68,2025-04-29 04:00:00+02:00
2025-04-29 03:00:00+00:00,8.1,15.8,0.0,31.06,2025-04-29 05:00:00+02:00
2025-04-29 04:00:00+00:00,8.6,14.7,0.0,36.72,2025-04-29 06:00:00+02:00
2025-04-29 05:00:00+00:00,9.9,16.6,0.0,62.57,2025-04-29 07:00:00+02:00
2025-04-29 06:00:00+00:00,11.3,12.3,0.0,52.75,2025-04-29 08:00:00+02:00
2025-04-29 07:00:00+00:00,12.5,16.5,0.0,34.74,2025-04-29 09:00:00+02:00
2025-04-29 08:00:00+00:00,13.5,18.2,0.0,6.41,2025-04-29 10:00:00+02:00
2025-04-29 09:00:00+00:00,14.4,20.3,0.0,1.83,2025-04-29 11:00:00+02:00
2025-04-29 10:00:00+00:00,14.4,17.8,0.0,0.53,2025-04-29 12:00:00+02:00
2025-04-29 11:00:00+00:00,14.9,17.5,0.0,-0.39,2025-04-29 13:00:00+02:00
2025-04-29 12:00:00+00:00,15.4,16.5,0.0,0.06,2025-04-29 14:00:00+02:00
2025-04-29 13:00:00+00:00,15.7,15.0,0.2,1.48,2025-04-29 15:00:00+02:00
2025-04-29 14:00:00+00:00,15.8,14.7,0.1,10.55,2025-04-29 16:00:00+02:00
2025-04-29 15:00:00+00:00,15.6,13.6,0.0,39.01,2025-04-29 17:00:00+02:00
2025-04-29 16:00:00+00:00,14.8,7.1,0.0,51.39,2025-04-29 18:00:00+02:00
2025-04-29 17:00:00+00:00,14.3,2.0,0.0,79.95,2025-04-29 19:00:00+02:00
2025-04-29 18:00:00+00:00,12.7,1.8,0.0,137.59,2025-04-29 20:00:00+02:00
2025-04-29 19:00:00+00:00,11.6,5.4,0.0,106.26,2025-04-29 21:00:00+02:00
2025-04-29 20:00:00+00:00,11.1,7.0,0.0,57.4,2025-04-29 22:00:00+02:00
2025-04-29 21:00:00+00:00,10.2,8.8,0.0,39.38,2025-04-29 23:00:00+02:00
2025-04-29 22:00:00+00:00,10.1,9.4,0.0,36.14,2025-04-30 00:00:00+02:00
2025-04-29 23:00:00+00:00,10.3,11.1,0.0,33.89,2025-04-30 01:00:00+02:00
2025-04-30 00:00:00+00:00,9.6,11.6,0.0,33.32,2025-04-30 02:00:00+02:00
2025-04-30 01:00:00+00:00,11.1,12.4,0.0,33.44,2025-04-30 03:00:00+02:00
2025-04-30 02:00:00+00:00,10.2,12.3,0.2,32.19,2025-04-30 04:00:00+02:00
2025-04-30 03:00:00+00:00,9.6,16.7,0.0,33.35,2025-04-30 05:00:00+02:00
2025-04-30 04:00:00+00:00,9.7,16.1,0.0,35.74,2025-04-30 06:00:00+02:00
2025-04-30 05:00:00+00:00,10.2,17.3,0.0,61.7,2025-04-30 07:00:00+02:00
2025-04-30 06:00:00+00:00,11.0,16.8,0.0,49.93,2025-04-30 08:00:00+02:00
2025-04-30 07:00:00+00:00,11.8,24.4,0.0,37.19,2025-04-30 09:00:00+02:00
2025-04-30 08:00:00+00:00,11.4,24.0,0.1,8.47,2025-04-30 10:00:00+02:00
2025-04-30 09:00:00+00:00,9.4,23.7,0.1,1.86,2025-04-30 11:00:00+02:00
2025-04-30 10:00:00+00:00,9.2,21.2,0.0,0.9,2025-04-30 12:00:00+02:00
2025-04-30 11:00:00+00:00,9.2,22.3,0.0,0.44,2025-04-30 13:00:00+02:00
2025-04-30 12:00:00+00:00,10.1,20.4,0.0,1.12,2025-04-30 14:00:00+02:00
2025-04-30 13:00:00+00:00,10.0,18.5,0.0,2.95,2025-04-30 15:00:00+02:00
2025-04-30 14:00:00+00:00,10.1,15.2,0.0,15.94,2025-04-30 16:00:00+02:00
2025-04-30 15:00:00+00:00,10.5,13.3,0.0,33.47,2025-04-30 17:00:00+02:00
2025-04-30 16:00:00+00:00,9.4,10.2,0.0,36.62,2025-04-30 18:00:00+02:00
2025-04-30 17:00:00+00:00,9.2,10.3,0.0,65.8,2025-04-30 19:00:00+02:00
2025-04-30 18:00:00+00:00,8.6,4.4,0.0,87.34,2025-04-30 20:00:00+02:00
2025-04-30 19:00:00+00:00,7.6,5.5,0.0,101.25,2025-04-30 21:00:00+02:00
2025-04-30 20:00:00+00:00,6.5,3.1,0.0,53.9,2025-04-30 22:00:00+02:00
2025-04-30 21:00:00+00:00,5.6,3.1,0.0,47.39,2025-04-30 23:00:00+02:00
2025-04-30 22:00:00+00:00,4.8,2.8,0.0,46.99,2025-05-01 00:00:00+02:00
2025-04-30 23:00:00+00:00,4.6,3.3,0.0,43.65,2025-05-01 01:00:00+02:00
2025-05-01 00:00:00+00:00,4.3,4.2,0.0,42.5,2025-05-01 02:00:00+02:00
2025-05-01 01:00:00+00:00,2.9,4.1,0.0,38.06,2025-05-01 03:00:00+02:00
2025-05-01 02:00:00+00:00,4.0,8.4,0.0,35.7,2025-05-01 04:00:00+02:00
2025-05-01 03:00:00+00:00,4.0,7.0,0.0,35.21,2025-05-01 05:00:00+02:00
2025-05-01 04:00:00+00:00,4.8,7.2,0.0,34.85,2025-05-01 06:00:00+02:00
2025-05-01 05:00:00+00:00,5.9,8.3,0.0,33.46,2025-05-01 07:00:00+02:00
2025-05-01 06:00:00+00:00,6.5,8.3,0.0,36.19,2025-05-01 08:00:00+02:00
2025-05-01 07:00:00+00:00,7.7,7.2,0.0,13.08,2025-05-01 09:00:00+02:00
2025-05-01 08:00:00+00:00,8.9,7.3,0.0,1.67,2025-05-01 10:00:00+02:00
2025-05-01 09:00:00+00:00,9.8,8.0,0.1,-1.38,2025-05-01 11:00:00+02:00
2025-05-01 10:00:00+00:00,10.7,9.5,0.0,-2.0,2025-05-01 12:00:00+02:00
2025-05-01 11:00:00+00:00,10.9,10.1,0.1,-2.72,2025-05-01 13:00:00+02:00
2025-05-01 12:00:00+00:00,10.3,11.1,0.1,-5.02,2025-05-01 14:00:00+02:00
2025-05-01 13:00:00+00:00,10.2,9.4,0.0,-1.34,2025-05-01 15:00:00+02:00
2025-05-01 14:00:00+00:00,10.9,9.0,0.0,2.28,2025-05-01 16:00:00+02:00
2025-05-01 15:00:00+00:00,12.1,9.7,0.0,21.04,2025-05-01 17:00:00+02:00
2025-05-01 16:00:00+00:00,12.3,9.5,0.0,32.07,2025-05-01 18:00:00+02:00
2025-05-01 17:00:00+00:00,11.8,11.4,0.0,33.88,2025-05-01 19:00:00+02:00
2025-05-01 18:00:00+00:00,10.8,11.1,0.0,35.18,2025-05-01 20:00:00+02:00
2025-05-01 19:00:00+00:00,10.0,11.5,0.0,46.77,2025-05-01 21:00:00+02:00
2025-05-01 20:00:00+00:00,9.1,11.9,0.0,49.18,2025-05-01 22:00:00+02:00
2025-05-01 21:00:00+00:00,8.9,12.3,0.0,33.27,2025-05-01 23:00:00+02:00
2025-05-01 22:00:00+00:00,9.4,13.5,0.0,31.28,2025-05-02 00:00:00+02:00
2025-05-01 23:00:00+00:00,10.0,12.3,0.0,29.3,2025-05-02 01:00:00+02:00
2025-05-02 00:00:00+00:00,10.2,13.0,0.0,27.64,2025-05-02 02:00:00+02:00
2025-05-02 01:00:00+00:00,9.7,13.1,0.0,27.29,2025-05-02 03:00:00+02:00
2025-05-02 02:00:00+00:00,9.5,14.0,0.0,26.8,2025-05-02 04:00:00+02:00
2025-05-02 03:00:00+00:00,9.2,15.7,0.0,27.89,2025-05-02 05:00:00+02:00
2025-05-02 04:00:00+00:00,9.8,16.7,0.0,30.92,2025-05-02 06:00:00+02:00
2025-05-02 05:00:00+00:00,10.7,17.7,0.0,31.23,2025-05-02 07:00:00+02:00
2025-05-02 06:00:00+00:00,11.4,13.7,0.0,27.48,2025-05-02 08:00:00+02:00
2025-05-02 07:00:00+00:00,12.5,18.7,0.0,27.1,2025-05-02 09:00:00+02:00
2025-05-02 08:00:00+00:00,12.9,17.9,0.0,1.15,2025-05-02 10:00:00+02:00
2025-05-02 09:00:00+00:00,14.4,15.5,0.0,0.27,2025-05-02 11:00:00+02:00
2025-05-02 10:00:00+00:00,13.6,21.6,1.4,-0.55,2025-05-02 12:00:00+02:00
2025-05-02 11:00:00+00:00,11.5,19.9,0.9,-2.49,2025-05-02 13:00:00+02:00
2025-05-02 12:00:00+00:00,12.7,18.3,0.0,-2.35,2025-05-02 14:00:00+02:00
2025-05-02 13:00:00+00:00,14.7,21.0,0.2,-0.18,2025-05-02 15:00:00+02:00
2025-05-02 14:00:00+00:00,14.5,30.8,0.0,0.68,2025-05-02 16:00:00+02:00
2025-05-02 15:00:00+00:00,13.7,24.1,0.0,5.72,2025-05-02 17:00:00+02:00
2025-05-02 16:00:00+00:00,13.2,24.5,0.0,30.56,2025-05-02 18:00:00+02:00
2025-05-02 17:00:00+00:00,12.0,23.8,0.0,31.93,2025-05-02 19:00:00+02:00
2025-05-02 18:00:00+00:00,11.4,19.4,0.0,34.96,2025-05-02 20:00:00+02:00
2025-05-02 19:00:00+00:00,10.9,17.7,0.0,34.66,2025-05-02 21:00:00+02:00
2025-05-02 20:00:00+00:00,10.4,15.1,0.0,31.82,2025-05-02 22:00:00+02:00
2025-05-02 21:00:00+00:00,9.8,15.6,0.0,30.35,2025-05-02 23:00:00+02:00
2025-05-02 22:00:00+00:00,9.5,15.1,0.0,29.24,2025-05-03 00:00:00+02:00
2025-05-02 23:00:00+00:00,8.7,13.0,0.0,30.55,2025-05-03 01:00:00+02:00
2025-05-03 00:00:00+00:00,8.1,12.6,0.0,30.17,2025-05-03 02:00:00+02:00
2025-05-03 01:00:00+00:00,6.6,11.3,0.0,30.16,2025-05-03 03:00:00+02:00
2025-05-03 02:00:00+00:00,6.3,11.2,0.0,30.74,2025-05-03 04:00:00+02:00
2025-05-03 03:00:00+00:00,6.0,10.3,0.0,30.57,2025-05-03 05:00:00+02:00
2025-05-03 04:00:00+00:00,6.5,10.7,0.0,30.32,2025-05-03 06:00:00+02:00
2025-05-03 05:00:00+00:00,7.6,9.4,0.0,30.41,2025-05-03 07:00:00+02:00
2025-05-03 06:00:00+00:00,8.8,10.3,0.0,28.3,2025-05-03 08:00:00+02:00
2025-05-03 07:00:00+00:00,10.1,11.0,0.0,7.27,2025-05-03 09:00:00+02:00
2025-05-03 08:00:00+00:00,11.3,13.2,0.0,0.19,2025-05-03 10:00:00+02:00
2025-05-03 09:00:00+00:00,12.3,14.2,0.0,-0.09,2025-05-03 11:00:00+02:00
2025-05-03 10:00:00+00:00,13.2,14.8,0.0,-0.76,2025-05-03 12:00:00+02:00
2025-05-03 11:00:00+00:00,13.3,14.9,0.0,-2.39,2025-05-03 13:00:00+02:00
2025-05-03 12:00:00+00:00,13.5,12.6,0.0,-2.28,2025-05-03 14:00:00+02:00
2025-05-03 13:00:00+00:00,13.8,12.9,0.0,-0.01,2025-05-03 15:00:00+02:00
2025-05-03 14:00:00+00:00,13.5,11.1,0.0,0.93,2025-05-03 16:00:00+02:00
2025-05-03 15:00:00+00:00,14.0,10.4,0.0,18.4,2025-05-03 17:00:00+02:00
2025-05-03 16:00:00+00:00,13.7,8.8,0.0,30.12,2025-05-03 18:00:00+02:00
2025-05-03 17:00:00+00:00,13.1,5.5,0.0,37.02,2025-05-03 19:00:00+02:00
2025-05-03 18:00:00+00:00,11.4,6.3,0.0,41.76,2025-05-03 20:00:00+02:00
2025-05-03 19:00:00+00:00,9.9,4.4,0.0,37.85,2025-05-03 21:00:00+02:00
2025-05-03 20:00:00+00:00,9.8,5.1,0.0,33.58,2025-05-03 22:00:00+02:00
2025-05-03 21:00:00+00:00,7.7,14.2,0.6,32.26,2025-05-03 23:00:00+02:00
2025-05-03 22:00:00+00:00,7.3,12.9,0.2,30.8,2025-05-04 00:00:00+02:00
2025-05-03 23:00:00+00:00,6.7,12.0,0.1,23.21,2025-05-04 01:00:00+02:00
2025-05-04 00:00:00+00:00,6.7,9.8,0.0,15.85,2025-05-04 02:00:00+02:00
2025-05-04 01:00:00+00:00,6.3,11.2,0.0,10.62,2025-05-04 03:00:00+02:00
2025-05-04 02:00:00+00:00,6.2,14.5,0.0,10.4,2025-05-04 04:00:00+02:00
2025-05-04 03:00:00+00:00,6.0,15.8,0.0,8.29,2025-05-04 05:00:00+02:00
2025-05-04 04:00:00+00:00,5.5,18.9,0.0,7.3,2025-05-04 06:00:00+02:00
2025-05-04 05:00:00+00:00,5.1,19.2,0.0,4.1,2025-05-04 07:00:00+02:00
2025-05-04 06:00:00+00:00,5.0,19.0,0.0,1.75,2025-05-04 08:00:00+02:00
2025-05-04 07:00:00+00:00,5.6,20.6,0.0,-0.02,2025-05-04 09:00:00+02:00
2025-05-04 08:00:00+00:00,6.6,23.2,0.0,-0.03,2025-05-04 10:00:00+02:00
2025-05-04 09:00:00+00:00,7.1,23.1,0.0,-0.06,2025-05-04 11:00:00+02:00
2025-05-04 10:00:00+00:00,7.0,23.7,0.0,-0.04,2025-05-04 12:00:00+02:00
2025-05-04 11:00:00+00:00,7.9,26.9,0.0,-1.64,2025-05-04 13:00:00+02:00
2025-05-04 12:00:00+00:00,7.1,26.7,0.0,-4.11,2025-05-04 14:00:00+02:00
2025-05-04 13:00:00+00:00,6.1,26.6,0.1,-1.2,2025-05-04 15:00:00+02:00
2025-05-04 14:00:00+00:00,6.3,24.6,0.0,0.16,2025-05-04 16:00:00+02:00
2025-05-04 15:00:00+00:00,6.4,22.2,0.0,8.6,2025-05-04 17:00:00+02:00
2025-05-04 16:00:00+00:00,5.8,21.9,0.0,32.12,2025-05-04 18:00:00+02:00
2025-05-04 17:00:00+00:00,5.6,17.8,0.0,34.33,2025-05-04 19:00:00+02:00
2025-05-04 18:00:00+00:00,5.0,13.8,0.0,38.6,2025-05-04 20:00:00+02:00
2025-05-04 19:00:00+00:00,4.2,10.8,0.0,49.04,2025-05-04 21:00:00+02:00
2025-05-04 20:00:00+00:00,3.7,9.1,0.0,49.1,2025-05-04 22:00:00+02:00
2025-05-04 21:00:00+00:00,3.6,9.2,0.0,40.88,2025-05-04 23:00:00+02:00
2025-05-04 22:00:00+00:00,3.6,9.9,0.0,35.94,2025-05-05 00:00:00+02:00
2025-05-04 23:00:00+00:00,3.7,11.7,0.0,28.07,2025-05-05 01:00:00+02:00
2025-05-05 00:00:00+00:00,3.7,10.9,0.0,27.96,2025-05-05 02:00:00+02:00
2025-05-05 01:00:00+00:00,2.2,10.4,0.0,38.88,2025-05-05 03:00:00+02:00
2025-05-05 02:00:00+00:00,1.9,10.5,0.0,36.27,2025-05-05 04:00:00+02:00
2025-05-05 03:00:00+00:00,2.0,10.7,0.0,45.99,2025-05-05 05:00:00+02:00
2025-05-05 04:00:00+00:00,2.7,10.9,0.0,75.48,2025-05-05 06:00:00+02:00
2025-05-05 05:00:00+00:00,3.6,11.5,0.0,81.91,2025-05-05 07:00:00+02:00
2025-05-05 06:00:00+00:00,4.5,11.8,0.0,75.27,2025-05-05 08:00:00+02:00
2025-05-05 07:00:00+00:00,5.6,10.8,0.0,42.38,2025-05-05 09:00:00+02:00
2025-05-05 08:00:00+00:00,6.8,14.0,0.0,32.5,2025-05-05 10:00:00+02:00
2025-05-05 09:00:00+00:00,7.5,16.9,0.0,29.08,2025-05-05 11:00:00+02:00
2025-05-05 10:00:00+00:00,8.0,17.4,0.0,26.23,2025-05-05 12:00:00+02:00
2025-05-05 11:00:00+00:00,8.3,18.9,0.0,26.42,2025-05-05 13:00:00+02:00
2025-05-05 12:00:00+00:00,9.0,18.6,0.0,26.87,2025-05-05 14:00:00+02:00
2025-05-05 13:00:00+00:00,10.5,19.7,0.0,28.14,2025-05-05 15:00:00+02:00
2025-05-05 14:00:00+00:00,10.7,19.3,0.0,29.74,2025-05-05 16:00:00+02:00
2025-05-05 15:00:00+00:00,10.9,21.3,0.0,30.91,2025-05-05 17:00:00+02:00
2025-05-05 16:00:00+00:00,10.9,15.9,0.0,52.74,2025-05-05 18:00:00+02:00
2025-05-05 17:00:00+00:00,10.5,19.5,0.0,76.6,2025-05-05 19:00:00+02:00
2025-05-05 18:00:00+00:00,9.1,20.8,0.0,78.1,2025-05-05 20:00:00+02:00
2025-05-05 19:00:00+00:00,8.9,15.5,0.0,67.0,2025-05-05 21:00:00+02:00
2025-05-05 20:00:00+00:00,7.7,13.6,0.0,34.08,2025-05-05 22:00:00+02:00
2025-05-05 21:00:00+00:00,7.6,13.6,0.0,30.46,2025-05-05 23:00:00+02:00
2025-05-05 22:00:00+00:00,7.6,13.8,0.0,34.35,2025-05-06 00:00:00+02:00
2025-05-05 23:00:00+00:00,7.3,10.0,0.0,35.17,2025-05-06 01:00:00+02:00
2025-05-06 00:00:00+00:00,7.2,11.2,0.0,35.09,2025-05-06 02:00:00+02:00
2025-05-06 01:00:00+00:00,7.2,12.0,0.0,34.85,2025-05-06 03:00:00+02:00
2025-05-06 02:00:00+00:00,6.2,12.4,0.0,36.92,2025-05-06 04:00:00+02:00
2025-05-06 03:00:00+00:00,5.7,13.2,0.0,43.47,2025-05-06 05:00:00+02:00
2025-05-06 04:00:00+00:00,5.7,13.6,0.0,78.9,2025-05-06 06:00:00+02:00
2025-05-06 05:00:00+00:00,6.3,14.3,0.0,94.61,2025-05-06 07:00:00+02:00
2025-05-06 06:00:00+00:00,6.2,22.0,0.0,83.07,2025-05-06 08:00:00+02:00
2025-05-06 07:00:00+00:00,6.1,21.1,0.0,64.17,2025-05-06 09:00:00+02:00
2025-05-06 08:00:00+00:00,5.8,21.0,0.0,45.73,2025-05-06 10:00:00+02:00
2025-05-06 09:00:00+00:00,6.3,20.1,0.0,35.01,2025-05-06 11:00:00+02:00
2025-05-06 10:00:00+00:00,7.7,21.5,0.0,30.73,2025-05-06 12:00:00+02:00
2025-05-06 11:00:00+00:00,8.2,21.4,0.0,27.62,2025-05-06 13:00:00+02:00
2025-05-06 12:00:00+00:00,8.4,20.0,0.0,32.26,2025-05-06 14:00:00+02:00
2025-05-06 13:00:00+00:00,8.4,17.3,0.0,35.26,2025-05-06 15:00:00+02:00
2025-05-06 14:00:00+00:00,8.7,14.6,0.0,39.28,2025-05-06 16:00:00+02:00
2025-05-06 15:00:00+00:00,8.8,13.1,0.0,47.46,2025-05-06 17:00:00+02:00
2025-05-06 16:00:00+00:00,9.1,12.5,0.0,60.17,2025-05-06 18:00:00+02:00
2025-05-06 17:00:00+00:00,8.8,7.4,0.0,85.59,2025-05-06 19:00:00+02:00
2025-05-06 18:00:00+00:00,8.0,10.8,0.0,107.29,2025-05-06 20:00:00+02:00
2025-05-06 19:00:00+00:00,6.0,5.3,0.1,98.92,2025-05-06 21:00:00+02:00
2025-05-06 20:00:00+00:00,4.7,8.7,0.1,74.98,2025-05-06 22:00:00+02:00
2025-05-06 21:00:00+00:00,4.0,6.6,0.1,62.07,2025-05-06 23:00:00+02:00
2025-05-06 22:00:00+00:00,3.6,5.5,0.0,56.85,2025-05-07 00:00:00+02:00
2025-05-06 23:00:00+00:00,3.2,4.8,0.0,50.11,2025-05-07 01:00:00+02:00
2025-05-07 00:00:00+00:00,3.2,5.9,0.0,48.66,2025-05-07 02:00:00+02:00
2025-05-07 01:00:00+00:00,2.9,5.4,0.0,49.88,2025-05-07 03:00:00+02:00
2025-05-07 02:00:00+00:00,3.0,4.5,0.0,55.97,2025-05-07 04:00:00+02:00
2025-05-07 03:00:00+00:00,2.9,6.4,0.0,80.47,2025-05-07 05:00:00+02:00
2025-05-07 04:00:00+00:00,2.8,6.8,0.0,119.78,2025-05-07 06:00:00+02:00
2025-05-07 05:00:00+00:00,3.4,6.8,0.0,143.95,2025-05-07 07:00:00+02:00
2025-05-07 06:00:00+00:00,4.4,6.7,0.0,123.37,2025-05-07 08:00:00+02:00
2025-05-07 07:00:00+00:00,5.5,7.2,0.0,93.33,2025-05-07 09:00:00+02:00
2025-05-07 08:00:00+00:00,6.8,11.1,0.0,70.33,2025-05-07 10:00:00+02:00
2025-05-07 09:00:00+00:00,7.1,12.1,0.0,69.01,2025-05-07 11:00:00+02:00
2025-05-07 10:00:00+00:00,6.9,11.2,0.0,60.46,2025-05-07 12:00:00+02:00
2025-05-07 11:00:00+00:00,7.4,10.4,0.0,56.66,2025-05-07 13:00:00+02:00
2025-05-07 12:00:00+00:00,7.6,9.0,0.0,59.37,2025-05-07 14:00:00+02:00
2025-05-07 13:00:00+00:00,8.2,8.2,0.0,61.51,2025-05-07 15:00:00+02:00
2025-05-07 14:00:00+00:00,9.0,8.6,0.0,55.26,2025-05-07 16:00:00+02:00
2025-05-07 15:00:00+00:00,9.9,12.5,0.0,88.81,2025-05-07 17:00:00+02:00
2025-05-07 16:00:00+00:00,9.1,10.4,0.0,107.75,2025-05-07 18:00:00+02:00
2025-05-07 17:00:00+00:00,6.4,14.5,0.0,133.88,2025-05-07 19:00:00+02:00
2025-05-07 18:00:00+00:00,5.2,12.7,0.0,144.53,2025-05-07 20:00:00+02:00
2025-05-07 19:00:00+00:00,4.7,10.7,0.0,126.89,2025-05-07 21:00:00+02:00
2025-05-07 20:00:00+00:00,4.5,7.4,0.0,106.96,2025-05-07 22:00:00+02:00
2025-05-07 21:00:00+00:00,4.5,7.4,0.0,93.8,2025-05-07 23:00:00+02:00
2025-05-07 22:00:00+00:00,4.4,6.7,0.1,95.53,2025-05-08 00:00:00+02:00
2025-05-07 23:00:00+00:00,4.2,6.8,0.4,89.83,2025-05-08 01:00:00+02:00
2025-05-08 00:00:00+00:00,4.0,6.3,0.2,90.16,2025-05-08 02:00:00+02:00
2025-05-08 01:00:00+00:00,3.7,2.4,0.0,92.04,2025-05-08 03:00:00+02:00
2025-05-08 02:00:00+00:00,3.6,0.6,0.0,95.39,2025-05-08 04:00:00+02:00
2025-05-08 03:00:00+00:00,3.8,2.3,0.0,111.65,2025-05-08 05:00:00+02:00
2025-05-08 04:00:00+00:00,4.4,4.4,0.0,129.26,2025-05-08 06:00:00+02:00
2025-05-08 05:00:00+00:00,5.1,4.0,0.0,146.97,2025-05-08 07:00:00+02:00
2025-05-08 06:00:00+00:00,6.1,4.0,0.0,125.11,2025-05-08 08:00:00+02:00
2025-05-08 07:00:00+00:00,7.1,6.5,0.0,101.94,2025-05-08 09:00:00+02:00
2025-05-08 08:00:00+00:00,8.2,11.6,0.0,90.03,2025-05-08 10:00:00+02:00
2025-05-08 09:00:00+00:00,8.6,12.2,0.0,77.7,2025-05-08 11:00:00+02:00
2025-05-08 10:00:00+00:00,9.6,12.3,0.0,66.45,2025-05-08 12:00:00+02:00
2025-05-08 11:00:00+00:00,10.2,11.8,0.0,65.46,2025-05-08 13:00:00+02:00
2025-05-08 12:00:00+00:00,10.6,11.6,0.0,72.35,2025-05-08 14:00:00+02:00
2025-05-08 13:00:00+00:00,10.0,11.4,0.0,86.47,2025-05-08 15:00:00+02:00
2025-05-08 14:00:00+00:00,9.7,10.8,0.0,90.63,2025-05-08 16:00:00+02:00
2025-05-08 15:00:00+00:00,8.4,8.6,0.0,96.3,2025-05-08 17:00:00+02:00
2025-05-08 16:00:00+00:00,6.5,13.0,0.0,111.0,2025-05-08 18:00:00+02:00
2025-05-08 17:00:00+00:00,5.9,9.2,0.0,129.42,2025-05-08 19:00:00+02:00
2025-05-08 18:00:00+00:00,6.0,9.7,0.0,163.83,2025-05-08 20:00:00+02:00
2025-05-08 19:00:00+00:00,5.1,9.4,0.0,135.47,2025-05-08 21:00:00+02:00
2025-05-08 20:00:00+00:00,4.8,7.9,0.0,109.93,2025-05-08 22:00:00+02:00
2025-05-08 21:00:00+00:00,4.7,6.9,0.0,97.21,2025-05-08 23:00:00+02:00
2025-05-08 22:00:00+00:00,4.4,6.4,0.0,73.69,2025-05-09 00:00:00+02:00
2025-05-08 23:00:00+00:00,4.2,6.5,0.0,71.84,2025-05-09 01:00:00+02:00
2025-05-09 00:00:00+00:00,4.0,7.7,0.1,71.06,2025-05-09 02:00:00+02:00
2025-05-09 01:00:00+00:00,3.2,8.7,0.5,68.53,2025-05-09 03:00:00+02:00
2025-05-09 02:00:00+00:00,2.7,12.7,0.8,66.5,2025-05-09 04:00:00+02:00
2025-05-09 03:00:00+00:00,2.8,11.7,0.6,71.09,2025-05-09 05:00:00+02:00
2025-05-09 04:00:00+00:00,3.0,10.5,0.3,155.7,2025-05-09 06:00:00+02:00
2025-05-09 05:00:00+00:00,3.5,9.3,0.2,147.67,2025-05-09 07:00:00+02:00
2025-05-09 06:00:00+00:00,4.1,10.7,0.0,96.52,2025-05-09 08:00:00+02:00
2025-05-09 07:00:00+00:00,4.5,10.5,0.0,83.0,2025-05-09 09:00:00+02:00
2025-05-09 08:00:00+00:00,4.5,12.2,0.3,62.3,2025-05-09 10:00:00+02:00
2025-05-09 09:00:00+00:00,4.9,12.6,0.2,54.51,2025-05-09 11:00:00+02:00
2025-05-09 10:00:00+00:00,5.5,12.0,0.0,49.44,2025-05-09 12:00:00+02:00
2025-05-09 11:00:00+00:00,6.1,10.7,0.1,44.28,2025-05-09 13:00:00+02:00
2025-05-09 12:00:00+00:00,6.7,9.4,0.1,40.24,2025-05-09 14:00:00+02:00
2025-05-09 13:00:00+00:00,6.2,7.1,0.1,47.06,2025-05-09 15:00:00+02:00
2025-05-09 14:00:00+00:00,6.4,6.4,0.0,53.12,2025-05-09 16:00:00+02:00
2025-05-09 15:00:00+00:00,6.2,7.1,0.1,84.2,2025-05-09 17:00:00+02:00
2025-05-09 16:00:00+00:00,5.9,7.2,0.2,106.36,2025-05-09 18:00:00+02:00
2025-05-09 17:00:00+00:00,5.5,7.6,0.2,128.53,2025-05-09 19:00:00+02:00
2025-05-09 18:00:00+00:00,5.1,8.3,0.1,160.44,2025-05-09 20:00:00+02:00
2025-05-09 19:00:00+00:00,4.8,8.2,0.1,140.83,2025-05-09 21:00:00+02:00
2025-05-09 20:00:00+00:00,4.6,8.0,0.0,114.11,2025-05-09 22:00:00+02:00
2025-05-09 21:00:00+00:00,4.4,8.9,0.0,104.77,2025-05-09 23:00:00+02:00
2025-05-09 22:00:00+00:00,4.3,8.5,0.0,104.15,2025-05-10 00:00:00+02:00
2025-05-09 23:00:00+00:00,3.9,6.3,0.0,102.39,2025-05-10 01:00:00+02:00
2025-05-10 00:00:00+00:00,3.7,4.1,0.0,97.92,2025-05-10 02:00:00+02:00
2025-05-10 01:00:00+00:00,3.3,3.1,0.0,95.82,2025-05-10 03:00:00+02:00
2025-05-10 02:00:00+00:00,3.3,3.1,0.0,100.17,2025-05-10 04:00:00+02:00
2025-05-10 03:00:00+00:00,3.3,2.7,0.0,99.79,2025-05-10 05:00:00+02:00
2025-05-10 04:00:00+00:00,3.9,3.6,0.0,94.13,2025-05-10 06:00:00+02:00
2025-05-10 05:00:00+00:00,4.3,3.5,0.0,84.81,2025-05-10 07:00:00+02:00
2025-05-10 06:00:00+00:00,5.2,2.7,0.0,54.13,2025-05-10 08:00:00+02:00
2025-05-10 07:00:00+00:00,6.4,2.3,0.0,27.49,2025-05-10 09:00:00+02:00
2025-05-10 08:00:00+00:00,7.3,3.1,0.0,10.07,2025-05-10 10:00:00+02:00
2025-05-10 09:00:00+00:00,7.8,3.3,0.0,8.46,2025-05-10 11:00:00+02:00
2025-05-10 10:00:00+00:00,8.3,2.8,0.0,6.68,2025-05-10 12:00:00+02:00
2025-05-10 11:00:00+00:00,8.8,2.7,0.0,6.06,2025-05-10 13:00:00+02:00
2025-05-10 12:00:00+00:00,9.3,3.4,0.0,8.94,2025-05-10 14:00:00+02:00
2025-05-10 13:00:00+00:00,9.5,2.3,0.0,7.95,2025-05-10 15:00:00+02:00
2025-05-10 14:00:00+00:00,10.0,3.1,0.0,14.82,2025-05-10 16:00:00+02:00
2025-05-10 15:00:00+00:00,10.0,3.1,0.0,45.34,2025-05-10 17:00:00+02:00
2025-05-10 16:00:00+00:00,9.6,4.6,0.0,70.87,2025-05-10 18:00:00+02:00
2025-05-10 17:00:00+00:00,8.8,8.1,0.0,106.46,2025-05-10 19:00:00+02:00
2025-05-10 18:00:00+00:00,8.0,9.4,0.0,151.84,2025-05-10 20:00:00+02:00
2025-05-10 19:00:00+00:00,7.0,7.3,0.0,121.81,2025-05-10 21:00:00+02:00
2025-05-10 20:00:00+00:00,5.8,4.1,0.0,107.38,2025-05-10 22:00:00+02:00
2025-05-10 21:00:00+00:00,5.4,4.4,0.0,92.58,2025-05-10 23:00:00+02:00
2025-05-10 22:00:00+00:00,5.5,3.8,0.0,94.01,2025-05-11 00:00:00+02:00
2025-05-10 23:00:00+00:00,5.1,2.8,0.0,90.27,2025-05-11 01:00:00+02:00
2025-05-11 00:00:00+00:00,4.9,2.6,0.0,93.46,2025-05-11 02:00:00+02:00
2025-05-11 01:00:00+00:00,4.0,3.2,0.0,92.23,2025-05-11 03:00:00+02:00
2025-05-11 02:00:00+00:00,4.5,4.5,0.0,92.13,2025-05-11 04:00:00+02:00
2025-05-11 03:00:00+00:00,4.6,7.6,0.0,89.94,2025-05-11 05:00:00+02:00
2025-05-11 04:00:00+00:00,5.1,4.0,0.0,81.25,2025-05-11 06:00:00+02:00
2025-05-11 05:00:00+00:00,5.7,1.6,0.0,54.78,2025-05-11 07:00:00+02:00
2025-05-11 06:00:00+00:00,6.5,1.8,0.0,14.42,2025-05-11 08:00:00+02:00
2025-05-11 07:00:00+00:00,7.8,1.9,0.0,8.96,2025-05-11 09:00:00+02:00
2025-05-11 08:00:00+00:00,9.3,2.4,0.0,5.99,2025-05-11 10:00:00+02:00
2025-05-11 09:00:00+00:00,10.7,7.6,0.0,3.49,2025-05-11 11:00:00+02:00
2025-05-11 10:00:00+00:00,11.4,6.8,0.0,3.83,2025-05-11 12:00:00+02:00
2025-05-11 11:00:00+00:00,12.1,5.6,0.0,4.39,2025-05-11 13:00:00+02:00
2025-05-11 12:00:00+00:00,12.9,5.9,0.0,3.91,2025-05-11 14:00:00+02:00
2025-05-11 13:00:00+00:00,13.6,8.8,0.0,4.11,2025-05-11 15:00:00+02:00
2025-05-11 14:00:00+00:00,13.0,12.1,0.0,8.15,2025-05-11 16:00:00+02:00
2025-05-11 15:00:00+00:00,11.4,14.9,0.0,33.78,2025-05-11 17:00:00+02:00
2025-05-11 16:00:00+00:00,10.5,11.1,0.0,77.57,2025-05-11 18:00:00+02:00
2025-05-11 17:00:00+00:00,10.2,8.3,0.0,115.59,2025-05-11 19:00:00+02:00
2025-05-11 18:00:00+00:00,9.2,6.3,0.0,131.34,2025-05-11 20:00:00+02:00
2025-05-11 19:00:00+00:00,7.6,6.5,0.0,114.38,2025-05-11 21:00:00+02:00
2025-05-11 20:00:00+00:00,6.3,5.2,0.0,102.6,2025-05-11 22:00:00+02:00
2025-05-11 21:00:00+00:00,5.3,4.1,0.0,84.52,2025-05-11 23:00:00+02:00
2025-05-11 22:00:00+00:00,5.1,3.2,0.0,85.06,2025-05-12 00:00:00+02:00
2025-05-11 23:00:00+00:00,4.9,2.7,0.0,80.28,2025-05-12 01:00:00+02:00
2025-05-12 00:00:00+00:00,4.3,2.9,0.0,80.81,2025-05-12 02:00:00+02:00
2025-05-12 01:00:00+00:00,3.2,3.8,0.0,80.98,2025-05-12 03:00:00+02:00
2025-05-12 02:00:00+00:00,3.4,4.0,0.0,85.26,2025-05-12 04:00:00+02:00
2025-05-12 03:00:00+00:00,4.5,4.1,0.0,97.18,2025-05-12 05:00:00+02:00
2025-05-12 04:00:00+00:00,5.2,5.4,0.0,141.67,2025-05-12 06:00:00+02:00
2025-05-12 05:00:00+00:00,6.1,3.3,0.0,144.08,2025-05-12 07:00:00+02:00
2025-05-12 06:00:00+00:00,8.0,3.6,0.0,109.43,2025-05-12 08:00:00+02:00
2025-05-12 07:00:00+00:00,10.2,3.6,0.0,69.46,2025-05-12 09:00:00+02:00
2025-05-12 08:00:00+00:00,11.8,3.5,0.0,41.12,2025-05-12 10:00:00+02:00
2025-05-12 09:00:00+00:00,13.1,3.0,0.0,39.23,2025-05-12 11:00:00+02:00
2025-05-12 10:00:00+00:00,14.3,2.2,0.0,32.51,2025-05-12 12:00:00+02:00
2025-05-12 11:00:00+00:00,14.2,6.0,0.0,16.41,2025-05-12 13:00:00+02:00
2025-05-12 12:00:00+00:00,15.2,7.6,0.0,21.17,2025-05-12 14:00:00+02:00
2025-05-12 13:00:00+00:00,15.9,12.0,0.0,35.81,2025-05-12 15:00:00+02:00
2025-05-12 14:00:00+00:00,16.5,11.3,0.0,44.61,2025-05-12 16:00:00+02:00
2025-05-12 15:00:00+00:00,16.5,9.9,0.0,78.95,2025-05-12 17:00:00+02:00
2025-05-12 16:00:00+00:00,16.8,8.9,0.0,106.0,2025-05-12 18:00:00+02:00
2025-05-12 17:00:00+00:00,16.5,5.2,0.0,147.86,2025-05-12 19:00:00+02:00
2025-05-12 18:00:00+00:00,13.6,12.0,0.0,179.54,2025-05-12 20:00:00+02:00
2025-05-12 19:00:00+00:00,10.6,11.2,0.0,118.63,2025-05-12 21:00:00+02:00
2025-05-12 20:00:00+00:00,9.4,10.1,0.0,100.51,2025-05-12 22:00:00+02:00
2025-05-12 21:00:00+00:00,8.9,8.2,0.0,84.41,2025-05-12 23:00:00+02:00
2025-05-12 22:00:00+00:00,8.4,6.8,0.0,57.76,2025-05-13 00:00:00+02:00
2025-05-12 23:00:00+00:00,8.1,6.3,0.0,46.58,2025-05-13 01:00:00+02:00
2025-05-13 00:00:00+00:00,7.9,5.8,0.0,53.71,2025-05-13 02:00:00+02:00
2025-05-13 01:00:00+00:00,7.5,4.7,0.0,76.44,2025-05-13 03:00:00+02:00
2025-05-13 02:00:00+00:00,7.4,2.9,0.0,89.44,2025-05-13 04:00:00+02:00
2025-05-13 03:00:00+00:00,7.5,2.4,0.0,100.28,2025-05-13 05:00:00+02:00
2025-05-13 04:00:00+00:00,8.0,4.9,0.0,120.58,2025-05-13 06:00:00+02:00
2025-05-13 05:00:00+00:00,9.2,2.7,0.0,121.42,2025-05-13 07:00:00+02:00
2025-05-13 06:00:00+00:00,10.3,1.8,0.0,94.27,2025-05-13 08:00:00+02:00
2025-05-13 07:00:00+00:00,11.7,4.2,0.0,76.58,2025-05-13 09:00:00+02:00
2025-05-13 08:00:00+00:00,13.4,5.8,0.0,16.47,2025-05-13 10:00:00+02:00
2025-05-13 09:00:00+00:00,14.0,6.7,0.0,6.55,2025-05-13 11:00:00+02:00
2025-05-13 10:00:00+00:00,15.4,6.7,0.0,5.83,2025-05-13 12:00:00+02:00
2025-05-13 11:00:00+00:00,15.9,8.2,0.0,9.9,2025-05-13 13:00:00+02:00
2025-05-13 12:00:00+00:00,16.2,7.8,0.0,1.34,2025-05-13 14:00:00+02:00
2025-05-13 13:00:00+00:00,16.5,7.0,0.0,4.29,2025-05-13 15:00:00+02:00
2025-05-13 14:00:00+00:00,16.2,6.8,0.0,4.48,2025-05-13 16:00:00+02:00
2025-05-13 15:00:00+00:00,15.7,6.9,0.0,57.87,2025-05-13 17:00:00+02:00
2025-05-13 16:00:00+00:00,15.0,5.8,0.0,101.49,2025-05-13 18:00:00+02:00
2025-05-13 17:00:00+00:00,14.3,5.9,0.0,137.05,2025-05-13 19:00:00+02:00
2025-05-13 18:00:00+00:00,13.1,5.6,0.0,207.72,2025-05-13 20:00:00+02:00
2025-05-13 19:00:00+00:00,11.9,4.6,0.0,139.25,2025-05-13 21:00:00+02:00
2025-05-13 20:00:00+00:00,10.3,2.9,0.0,92.04,2025-05-13 22:00:00+02:00
2025-05-13 21:00:00+00:00,9.4,4.1,0.0,85.04,2025-05-13 23:00:00+02:00
2025-05-13 22:00:00+00:00,8.1,4.1,0.0,41.03,2025-05-14 00:00:00+02:00
2025-05-13 23:00:00+00:00,7.6,5.2,2.1,39.37,2025-05-14 01:00:00+02:00
2025-05-14 00:00:00+00:00,7.9,13.4,0.1,39.65,2025-05-14 02:00:00+02:00
2025-05-14 01:00:00+00:00,8.6,21.1,0.0,41.13,2025-05-14 03:00:00+02:00
2025-05-14 02:00:00+00:00,7.6,20.9,0.0,37.6,2025-05-14 04:00:00+02:00
2025-05-14 03:00:00+00:00,6.5,18.2,0.0,40.91,2025-05-14 05:00:00+02:00
2025-05-14 04:00:00+00:00,6.6,17.2,0.0,60.53,2025-05-14 06:00:00+02:00
2025-05-14 05:00:00+00:00,6.7,21.8,0.0,117.89,2025-05-14 07:00:00+02:00
2025-05-14 06:00:00+00:00,7.2,23.9,0.0,98.2,2025-05-14 08:00:00+02:00
2025-05-14 07:00:00+00:00,7.9,23.0,0.0,71.04,2025-05-14 09:00:00+02:00
2025-05-14 08:00:00+00:00,8.6,23.2,0.0,2.38,2025-05-14 10:00:00+02:00
2025-05-14 09:00:00+00:00,9.3,23.7,0.0,-0.56,2025-05-14 11:00:00+02:00
2025-05-14 10:00:00+00:00,10.1,23.6,0.0,-2.58,2025-05-14 12:00:00+02:00
2025-05-14 11:00:00+00:00,10.8,22.5,0.0,-2.85,2025-05-14 13:00:00+02:00
2025-05-14 12:00:00+00:00,11.4,22.8,0.0,-3.0,2025-05-14 14:00:00+02:00
2025-05-14 13:00:00+00:00,10.1,19.2,0.0,-0.99,2025-05-14 15:00:00+02:00
2025-05-14 14:00:00+00:00,10.7,19.6,0.0,4.67,2025-05-14 16:00:00+02:00
2025-05-14 15:00:00+00:00,11.1,17.9,0.0,31.22,2025-05-14 17:00:00+02:00
2025-05-14 16:00:00+00:00,6.5,19.0,0.7,86.48,2025-05-14 18:00:00+02:00
2025-05-14 17:00:00+00:00,6.3,19.8,0.3,95.36,2025-05-14 19:00:00+02:00
2025-05-14 18:00:00+00:00,6.8,22.2,0.2,112.91,2025-05-14 20:00:00+02:00
2025-05-14 19:00:00+00:00,6.2,20.7,0.0,129.85,2025-05-14 21:00:00+02:00
2025-05-14 20:00:00+00:00,4.4,19.3,0.3,108.34,2025-05-14 22:00:00+02:00
2025-05-14 21:00:00+00:00,4.7,17.9,0.0,94.6,2025-05-14 23:00:00+02:00
2025-05-14 22:00:00+00:00,4.9,15.9,0.0,69.28,2025-05-15 00:00:00+02:00
2025-05-14 23:00:00+00:00,5.1,18.8,0.5,59.83,2025-05-15 01:00:00+02:00
2025-05-15 00:00:00+00:00,5.3,18.2,0.2,69.99,2025-05-15 02:00:00+02:00
2025-05-15 01:00:00+00:00,5.3,20.6,0.0,75.96,2025-05-15 03:00:00+02:00
2025-05-15 02:00:00+00:00,5.7,22.5,0.4,74.33,2025-05-15 04:00:00+02:00
2025-05-15 03:00:00+00:00,6.5,22.9,0.0,69.96,2025-05-15 05:00:00+02:00
2025-05-15 04:00:00+00:00,7.0,22.9,0.0,62.03,2025-05-15 06:00:00+02:00
2025-05-15 05:00:00+00:00,7.9,19.9,0.0,88.37,2025-05-15 07:00:00+02:00
2025-05-15 06:00:00+00:00,8.7,24.5,0.0,83.5,2025-05-15 08:00:00+02:00
2025-05-15 07:00:00+00:00,9.7,28.7,0.0,42.69,2025-05-15 09:00:00+02:00
2025-05-15 08:00:00+00:00,10.4,25.8,0.0,4.05,2025-05-15 10:00:00+02:00
2025-05-15 09:00:00+00:00,11.0,24.4,0.0,0.33,2025-05-15 11:00:00+02:00
2025-05-15 10:00:00+00:00,11.1,23.6,0.0,-2.47,2025-05-15 12:00:00+02:00
2025-05-15 11:00:00+00:00,11.5,23.9,0.0,-4.34,2025-05-15 13:00:00+02:00
2025-05-15 12:00:00+00:00,12.8,24.5,0.0,-3.38,2025-05-15 14:00:00+02:00
2025-05-15 13:00:00+00:00,13.3,24.5,0.0,-1.61,2025-05-15 15:00:00+02:00
2025-05-15 14:00:00+00:00,13.4,24.9,0.0,0.23,2025-05-15 16:00:00+02:00
2025-05-15 15:00:00+00:00,13.2,24.7,0.0,3.87,2025-05-15 17:00:00+02:00
2025-05-15 16:00:00+00:00,12.7,23.8,0.0,76.39,2025-05-15 18:00:00+02:00
2025-05-15 17:00:00+00:00,12.2,21.4,0.0,98.85,2025-05-15 19:00:00+02:00
2025-05-15 18:00:00+00:00,11.5,21.5,0.0,112.83,2025-05-15 20:00:00+02:00
2025-05-15 19:00:00+00:00,10.3,20.7,0.0,73.52,2025-05-15 21:00:00+02:00
2025-05-15 20:00:00+00:00,9.3,20.7,0.0,45.15,2025-05-15 22:00:00+02:00
2025-05-15 21:00:00+00:00,8.8,20.9,0.0,28.7,2025-05-15 23:00:00+02:00
2025-05-15 22:00:00+00:00,8.5,20.4,0.0,29.32,2025-05-16 00:00:00+02:00
2025-05-15 23:00:00+00:00,8.2,19.1,0.0,13.51,2025-05-16 01:00:00+02:00
2025-05-16 00:00:00+00:00,7.8,18.2,0.0,7.12,2025-05-16 02:00:00+02:00
2025-05-16 01:00:00+00:00,7.4,18.5,0.0,6.23,2025-05-16 03:00:00+02:00
2025-05-16 02:00:00+00:00,7.1,18.3,0.0,7.32,2025-05-16 04:00:00+02:00
2025-05-16 03:00:00+00:00,6.8,17.3,0.1,29.74,2025-05-16 05:00:00+02:00
2025-05-16 04:00:00+00:00,7.4,17.4,0.0,50.66,2025-05-16 06:00:00+02:00
2025-05-16 05:00:00+00:00,8.4,14.9,0.0,63.93,2025-05-16 07:00:00+02:00
2025-05-16 06:00:00+00:00,9.7,16.0,0.0,75.02,2025-05-16 08:00:00+02:00
2025-05-16 07:00:00+00:00,11.2,16.5,0.0,34.28,2025-05-16 09:00:00+02:00
2025-05-16 08:00:00+00:00,12.4,18.3,0.0,9.39,2025-05-16 10:00:00+02:00
2025-05-16 09:00:00+00:00,13.4,20.7,0.0,2.16,2025-05-16 11:00:00+02:00
2025-05-16 10:00:00+00:00,14.1,22.6,0.0,0.09,2025-05-16 12:00:00+02:00
2025-05-16 11:00:00+00:00,14.5,22.1,0.0,0.17,2025-05-16 13:00:00+02:00
2025-05-16 12:00:00+00:00,14.7,22.1,0.0,0.2,2025-05-16 14:00:00+02:00
2025-05-16 13:00:00+00:00,15.4,22.4,0.0,1.74,2025-05-16 15:00:00+02:00
2025-05-16 14:00:00+00:00,15.1,22.9,0.0,3.88,2025-05-16 16:00:00+02:00
2025-05-16 15:00:00+00:00,14.6,23.4,0.0,30.66,2025-05-16 17:00:00+02:00
2025-05-16 16:00:00+00:00,13.8,22.4,0.0,32.55,2025-05-16 18:00:00+02:00
2025-05-16 17:00:00+00:00,13.1,20.3,0.0,33.81,2025-05-16 19:00:00+02:00
2025-05-16 18:00:00+00:00,12.2,18.1,0.0,35.47,2025-05-16 20:00:00+02:00
2025-05-16 19:00:00+00:00,11.0,17.7,0.0,36.71,2025-05-16 21:00:00+02:00
2025-05-16 20:00:00+00:00,9.9,18.5,0.0,34.29,2025-05-16 22:00:00+02:00
2025-05-16 21:00:00+00:00,9.4,19.6,0.0,31.19,2025-05-16 23:00:00+02:00
2025-05-16 22:00:00+00:00,9.3,20.5,0.0,24.6,2025-05-17 00:00:00+02:00
2025-05-16 23:00:00+00:00,8.9,19.7,0.0,24.53,2025-05-17 01:00:00+02:00
2025-05-17 00:00:00+00:00,8.7,18.8,0.0,19.02,2025-05-17 02:00:00+02:00
2025-05-17 01:00:00+00:00,9.1,15.6,0.0,23.04,2025-05-17 03:00:00+02:00
2025-05-17 02:00:00+00:00,8.4,14.8,0.0,19.23,2025-05-17 04:00:00+02:00
2025-05-17 03:00:00+00:00,8.2,14.5,0.0,23.93,2025-05-17 05:00:00+02:00
2025-05-17 04:00:00+00:00,8.7,12.3,0.0,25.03,2025-05-17 06:00:00+02:00
2025-05-17 05:00:00+00:00,9.2,11.7,0.0,24.61,2025-05-17 07:00:00+02:00
2025-05-17 06:00:00+00:00,9.7,10.4,0.0,25.93,2025-05-17 08:00:00+02:00
2025-05-17 07:00:00+00:00,9.9,8.7,0.0,4.08,2025-05-17 09:00:00+02:00
2025-05-17 08:00:00+00:00,9.4,7.9,0.1,0.73,2025-05-17 10:00:00+02:00
2025-05-17 09:00:00+00:00,9.1,6.0,0.3,-2.15,2025-05-17 11:00:00+02:00
2025-05-17 10:00:00+00:00,8.7,4.5,0.9,-2.24,2025-05-17 12:00:00+02:00
2025-05-17 11:00:00+00:00,8.6,3.3,1.0,-1.97,2025-05-17 13:00:00+02:00
2025-05-17 12:00:00+00:00,8.8,8.4,1.0,-1.8,2025-05-17 14:00:00+02:00
2025-05-17 13:00:00+00:00,9.1,11.9,0.5,-0.13,2025-05-17 15:00:00+02:00
2025-05-17 14:00:00+00:00,9.1,13.9,0.1,1.76,2025-05-17 16:00:00+02:00
2025-05-17 15:00:00+00:00,8.8,11.5,0.0,9.9,2025-05-17 17:00:00+02:00
2025-05-17 16:00:00+00:00,8.6,10.4,0.0,31.18,2025-05-17 18:00:00+02:00
2025-05-17 17:00:00+00:00,8.6,9.7,0.0,44.72,2025-05-17 19:00:00+02:00
2025-05-17 18:00:00+00:00,8.3,9.2,0.0,44.67,2025-05-17 20:00:00+02:00
2025-05-17 19:00:00+00:00,7.9,9.7,0.0,44.22,2025-05-17 21:00:00+02:00
2025-05-17 20:00:00+00:00,7.6,9.7,0.0,44.48,2025-05-17 22:00:00+02:00
2025-05-17 21:00:00+00:00,7.2,9.1,0.0,42.95,2025-05-17 23:00:00+02:00
2025-05-17 22:00:00+00:00,6.7,8.7,0.0,39.48,2025-05-18 00:00:00+02:00
2025-05-17 23:00:00+00:00,6.0,9.3,0.0,13.3,2025-05-18 01:00:00+02:00
2025-05-18 00:00:00+00:00,5.5,9.4,0.0,7.29,2025-05-18 02:00:00+02:00
2025-05-18 01:00:00+00:00,4.9,10.8,0.0,10.0,2025-05-18 03:00:00+02:00
2025-05-18 02:00:00+00:00,4.8,11.1,0.0,3.59,2025-05-18 04:00:00+02:00
2025-05-18 03:00:00+00:00,5.2,12.3,0.0,4.37,2025-05-18 05:00:00+02:00
2025-05-18 04:00:00+00:00,5.9,11.0,0.0,6.14,2025-05-18 06:00:00+02:00
2025-05-18 05:00:00+00:00,7.2,13.0,0.0,5.97,2025-05-18 07:00:00+02:00
2025-05-18 06:00:00+00:00,8.9,13.9,0.0,6.75,2025-05-18 08:00:00+02:00
2025-05-18 07:00:00+00:00,10.5,14.8,0.0,5.67,2025-05-18 09:00:00+02:00
2025-05-18 08:00:00+00:00,12.2,16.8,0.0,1.01,2025-05-18 10:00:00+02:00
2025-05-18 09:00:00+00:00,13.8,19.5,0.0,0.38,2025-05-18 11:00:00+02:00
2025-05-18 10:00:00+00:00,14.6,21.6,0.0,-1.65,2025-05-18 12:00:00+02:00
2025-05-18 11:00:00+00:00,15.1,22.2,0.0,-5.05,2025-05-18 13:00:00+02:00
2025-05-18 12:00:00+00:00,15.1,22.7,0.0,-5.38,2025-05-18 14:00:00+02:00
2025-05-18 13:00:00+00:00,14.6,23.2,0.0,-2.0,2025-05-18 15:00:00+02:00
2025-05-18 14:00:00+00:00,14.1,23.7,0.0,1.41,2025-05-18 16:00:00+02:00
2025-05-18 15:00:00+00:00,13.5,23.5,0.0,7.92,2025-05-18 17:00:00+02:00
2025-05-18 16:00:00+00:00,12.6,21.8,0.0,29.69,2025-05-18 18:00:00+02:00
2025-05-18 17:00:00+00:00,11.7,20.0,0.0,43.21,2025-05-18 19:00:00+02:00
2025-05-18 18:00:00+00:00,10.3,21.4,0.0,45.55,2025-05-18 20:00:00+02:00
2025-05-18 19:00:00+00:00,9.3,19.9,0.0,44.48,2025-05-18 21:00:00+02:00
2025-05-18 20:00:00+00:00,8.8,19.4,0.0,43.88,2025-05-18 22:00:00+02:00
2025-05-18 21:00:00+00:00,8.7,19.5,0.0,42.75,2025-05-18 23:00:00+02:00
2025-05-18 22:00:00+00:00,8.5,18.9,0.0,18.55,2025-05-19 00:00:00+02:00
2025-05-18 23:00:00+00:00,8.4,17.7,0.0,21.9,2025-05-19 01:00:00+02:00
2025-05-19 00:00:00+00:00,8.3,16.7,0.0,39.94,2025-05-19 02:00:00+02:00
2025-05-19 01:00:00+00:00,7.5,16.1,0.0,41.11,2025-05-19 03:00:00+02:00
2025-05-19 02:00:00+00:00,6.9,15.5,0.0,41.39,2025-05-19 04:00:00+02:00
2025-05-19 03:00:00+00:00,6.6,15.0,0.0,43.68,2025-05-19 05:00:00+02:00
2025-05-19 04:00:00+00:00,7.1,11.0,0.0,49.13,2025-05-19 06:00:00+02:00
2025-05-19 05:00:00+00:00,8.3,12.3,0.0,50.3,2025-05-19 07:00:00+02:00
2025-05-19 06:00:00+00:00,10.0,11.6,0.0,54.96,2025-05-19 08:00:00+02:00
2025-05-19 07:00:00+00:00,12.2,10.5,0.0,35.87,2025-05-19 09:00:00+02:00
2025-05-19 08:00:00+00:00,14.4,10.4,0.0,31.62,2025-05-19 10:00:00+02:00
2025-05-19 09:00:00+00:00,16.3,11.2,0.0,23.22,2025-05-19 11:00:00+02:00
2025-05-19 10:00:00+00:00,17.6,10.5,0.0,8.67,2025-05-19 12:00:00+02:00
2025-05-19 11:00:00+00:00,18.5,9.2,0.0,4.35,2025-05-19 13:00:00+02:00
2025-05-19 12:00:00+00:00,19.2,8.4,0.0,6.48,2025-05-19 14:00:00+02:00
2025-05-19 13:00:00+00:00,20.6,8.4,0.0,22.93,2025-05-19 15:00:00+02:00
2025-05-19 14:00:00+00:00,20.7,8.7,0.0,30.92,2025-05-19 16:00:00+02:00
2025-05-19 15:00:00+00:00,20.6,9.4,0.0,37.19,2025-05-19 17:00:00+02:00
2025-05-19 16:00:00+00:00,20.6,11.0,0.0,43.78,2025-05-19 18:00:00+02:00
2025-05-19 17:00:00+00:00,19.9,10.3,0.0,59.53,2025-05-19 19:00:00+02:00
2025-05-19 18:00:00+00:00,18.9,10.2,0.0,59.46,2025-05-19 20:00:00+02:00
2025-05-19 19:00:00+00:00,17.3,10.6,0.0,46.89,2025-05-19 21:00:00+02:00
2025-05-19 20:00:00+00:00,15.2,12.5,0.0,32.63,2025-05-19 22:00:00+02:00
2025-05-19 21:00:00+00:00,14.4,13.2,0.0,30.64,2025-05-19 23:00:00+02:00
2025-05-19 22:00:00+00:00,14.1,13.1,0.0,38.11,2025-05-20 00:00:00+02:00
2025-05-19 23:00:00+00:00,13.3,10.7,0.0,28.08,2025-05-20 01:00:00+02:00
2025-05-20 00:00:00+00:00,12.8,11.1,0.0,27.22,2025-05-20 02:00:00+02:00
2025-05-20 01:00:00+00:00,11.3,10.6,0.0,27.14,2025-05-20 03:00:00+02:00
2025-05-20 02:00:00+00:00,10.9,11.3,0.0,26.31,2025-05-20 04:00:00+02:00
2025-05-20 03:00:00+00:00,10.8,12.1,0.0,27.13,2025-05-20 05:00:00+02:00
2025-05-20 04:00:00+00:00,11.7,13.0,0.0,33.21,2025-05-20 06:00:00+02:00
2025-05-20 05:00:00+00:00,12.8,11.1,0.0,42.14,2025-05-20 07:00:00+02:00
2025-05-20 06:00:00+00:00,13.6,14.4,0.0,33.18,2025-05-20 08:00:00+02:00
2025-05-20 07:00:00+00:00,14.3,15.5,0.0,30.82,2025-05-20 09:00:00+02:00
2025-05-20 08:00:00+00:00,14.9,15.2,0.0,27.64,2025-05-20 10:00:00+02:00
2025-05-20 09:00:00+00:00,15.6,15.1,0.0,9.53,2025-05-20 11:00:00+02:00
2025-05-20 10:00:00+00:00,16.1,14.9,0.0,-0.08,2025-05-20 12:00:00+02:00
2025-05-20 11:00:00+00:00,16.6,14.8,0.0,0.01,2025-05-20 13:00:00+02:00
2025-05-20 12:00:00+00:00,16.8,13.2,0.0,0.06,2025-05-20 14:00:00+02:00
2025-05-20 13:00:00+00:00,17.7,10.2,0.0,3.25,2025-05-20 15:00:00+02:00
2025-05-20 14:00:00+00:00,17.6,7.6,0.0,33.35,2025-05-20 16:00:00+02:00
2025-05-20 15:00:00+00:00,17.5,5.5,0.0,29.89,2025-05-20 17:00:00+02:00
2025-05-20 16:00:00+00:00,17.1,7.8,0.0,45.94,2025-05-20 18:00:00+02:00
2025-05-20 17:00:00+00:00,15.4,12.0,0.0,49.24,2025-05-20 19:00:00+02:00
2025-05-20 18:00:00+00:00,13.2,11.8,0.0,57.58,2025-05-20 20:00:00+02:00
2025-05-20 19:00:00+00:00,12.0,6.3,0.0,55.13,2025-05-20 21:00:00+02:00
2025-05-20 20:00:00+00:00,11.5,5.5,0.0,42.24,2025-05-20 22:00:00+02:00
2025-05-20 21:00:00+00:00,11.1,5.8,0.0,41.69,2025-05-20 23:00:00+02:00
2025-05-20 22:00:00+00:00,10.4,5.9,0.0,38.34,2025-05-21 00:00:00+02:00
2025-05-20 23:00:00+00:00,10.3,5.6,0.0,37.01,2025-05-21 01:00:00+02:00
2025-05-21 00:00:00+00:00,10.2,5.0,0.0,32.52,2025-05-21 02:00:00+02:00
2025-05-21 01:00:00+00:00,9.0,5.4,0.0,27.91,2025-05-21 03:00:00+02:00
2025-05-21 02:00:00+00:00,8.9,6.2,0.0,28.33,2025-05-21 04:00:00+02:00
2025-05-21 03:00:00+00:00,8.8,8.3,0.1,35.96,2025-05-21 05:00:00+02:00
2025-05-21 04:00:00+00:00,9.0,5.1,0.2,40.28,2025-05-21 06:00:00+02:00
2025-05-21 05:00:00+00:00,9.3,3.9,0.5,42.05,2025-05-21 07:00:00+02:00
2025-05-21 06:00:00+00:00,9.3,6.7,0.3,33.53,2025-05-21 08:00:00+02:00
2025-05-21 07:00:00+00:00,8.6,10.2,0.2,30.3,2025-05-21 09:00:00+02:00
2025-05-21 08:00:00+00:00,7.8,13.1,0.4,21.15,2025-05-21 10:00:00+02:00
2025-05-21 09:00:00+00:00,8.0,12.4,0.1,6.79,2025-05-21 11:00:00+02:00
2025-05-21 10:00:00+00:00,8.2,12.6,0.0,4.19,2025-05-21 12:00:00+02:00
2025-05-21 11:00:00+00:00,8.3,13.5,0.2,3.74,2025-05-21 13:00:00+02:00
2025-05-21 12:00:00+00:00,8.7,15.3,0.4,3.08,2025-05-21 14:00:00+02:00
2025-05-21 13:00:00+00:00,8.6,17.5,0.1,4.51,2025-05-21 15:00:00+02:00
2025-05-21 14:00:00+00:00,8.7,17.8,0.2,8.65,2025-05-21 16:00:00+02:00
2025-05-21 15:00:00+00:00,8.7,17.3,0.1,25.91,2025-05-21 17:00:00+02:00
2025-05-21 16:00:00+00:00,8.3,16.4,0.0,39.58,2025-05-21 18:00:00+02:00
2025-05-21 17:00:00+00:00,7.3,15.4,0.1,46.29,2025-05-21 19:00:00+02:00
2025-05-21 18:00:00+00:00,6.5,16.0,0.2,37.17,2025-05-21 20:00:00+02:00
2025-05-21 19:00:00+00:00,5.7,15.6,0.2,36.94,2025-05-21 21:00:00+02:00
2025-05-21 20:00:00+00:00,5.7,17.2,0.1,36.33,2025-05-21 22:00:00+02:00
2025-05-21 21:00:00+00:00,5.6,19.6,0.2,26.12,2025-05-21 23:00:00+02:00
2025-05-21 22:00:00+00:00,5.6,19.4,0.4,21.6,2025-05-22 00:00:00+02:00
2025-05-21 23:00:00+00:00,5.6,18.3,0.3,18.86,2025-05-22 01:00:00+02:00
2025-05-22 00:00:00+00:00,5.5,15.3,0.2,17.51,2025-05-22 02:00:00+02:00
2025-05-22 01:00:00+00:00,5.1,14.9,0.3,15.66,2025-05-22 03:00:00+02:00
2025-05-22 02:00:00+00:00,5.2,17.3,0.1,12.48,2025-05-22 04:00:00+02:00
2025-05-22 03:00:00+00:00,5.4,17.5,0.0,15.65,2025-05-22 05:00:00+02:00
2025-05-22 04:00:00+00:00,5.6,18.8,0.0,22.54,2025-05-22 06:00:00+02:00
2025-05-22 05:00:00+00:00,5.4,18.1,0.1,24.55,2025-05-22 07:00:00+02:00
2025-05-22 06:00:00+00:00,5.2,17.0,0.1,22.96,2025-05-22 08:00:00+02:00
2025-05-22 07:00:00+00:00,5.3,20.0,0.2,16.82,2025-05-22 09:00:00+02:00
2025-05-22 08:00:00+00:00,5.5,18.2,0.1,3.39,2025-05-22 10:00:00+02:00
2025-05-22 09:00:00+00:00,6.1,17.5,0.0,2.13,2025-05-22 11:00:00+02:00
2025-05-22 10:00:00+00:00,6.7,14.5,0.0,0.95,2025-05-22 12:00:00+02:00
2025-05-22 11:00:00+00:00,7.6,10.4,0.0,1.37,2025-05-22 13:00:00+02:00
2025-05-22 12:00:00+00:00,8.3,5.6,0.0,1.37,2025-05-22 14:00:00+02:00
2025-05-22 13:00:00+00:00,8.4,1.3,0.0,1.94,2025-05-22 15:00:00+02:00
2025-05-22 14:00:00+00:00,9.1,4.5,0.0,2.09,2025-05-22 16:00:00+02:00
2025-05-22 15:00:00+00:00,9.3,6.3,0.1,7.16,2025-05-22 17:00:00+02:00
2025-05-22 16:00:00+00:00,9.7,7.0,0.1,23.6,2025-05-22 18:00:00+02:00
2025-05-22 17:00:00+00:00,9.3,10.6,0.0,36.93,2025-05-22 19:00:00+02:00
2025-05-22 18:00:00+00:00,8.6,11.2,0.0,41.11,2025-05-22 20:00:00+02:00
2025-05-22 19:00:00+00:00,7.6,10.0,0.0,42.47,2025-05-22 21:00:00+02:00
2025-05-22 20:00:00+00:00,6.4,8.7,0.0,42.25,2025-05-22 22:00:00+02:00
2025-05-22 21:00:00+00:00,6.0,7.8,0.0,39.22,2025-05-22 23:00:00+02:00
2025-05-22 22:00:00+00:00,6.1,10.4,0.0,40.54,2025-05-23 00:00:00+02:00
2025-05-22 23:00:00+00:00,6.4,13.3,0.0,39.34,2025-05-23 01:00:00+02:00
2025-05-23 00:00:00+00:00,6.5,13.2,0.0,39.65,2025-05-23 02:00:00+02:00
2025-05-23 01:00:00+00:00,6.9,12.9,0.0,39.94,2025-05-23 03:00:00+02:00
2025-05-23 02:00:00+00:00,6.8,13.4,0.0,40.53,2025-05-23 04:00:00+02:00
2025-05-23 03:00:00+00:00,7.0,14.4,0.2,41.97,2025-05-23 05:00:00+02:00
2025-05-23 04:00:00+00:00,7.2,19.2,0.4,55.05,2025-05-23 06:00:00+02:00
2025-05-23 05:00:00+00:00,8.0,17.1,0.0,79.92,2025-05-23 07:00:00+02:00
2025-05-23 06:00:00+00:00,8.4,20.5,0.1,79.97,2025-05-23 08:00:00+02:00
2025-05-23 07:00:00+00:00,8.8,21.3,0.1,44.45,2025-05-23 09:00:00+02:00
2025-05-23 08:00:00+00:00,8.9,20.6,0.1,37.05,2025-05-23 10:00:00+02:00
2025-05-23 09:00:00+00:00,8.8,20.7,0.1,26.89,2025-05-23 11:00:00+02:00
2025-05-23 10:00:00+00:00,9.2,21.1,0.0,16.44,2025-05-23 12:00:00+02:00
2025-05-23 11:00:00+00:00,10.4,20.7,0.1,5.11,2025-05-23 13:00:00+02:00
2025-05-23 12:00:00+00:00,10.6,20.0,0.1,3.99,2025-05-23 14:00:00+02:00
2025-05-23 13:00:00+00:00,10.5,20.8,0.0,8.91,2025-05-23 15:00:00+02:00
2025-05-23 14:00:00+00:00,10.2,23.7,0.0,24.29,2025-05-23 16:00:00+02:00
2025-05-23 15:00:00+00:00,10.2,22.0,0.0,33.11,2025-05-23 17:00:00+02:00
2025-05-23 16:00:00+00:00,9.7,18.1,0.0,38.51,2025-05-23 18:00:00+02:00
2025-05-23 17:00:00+00:00,9.3,17.3,0.0,41.92,2025-05-23 19:00:00+02:00
2025-05-23 18:00:00+00:00,8.8,17.1,0.0,50.05,2025-05-23 20:00:00+02:00
2025-05-23 19:00:00+00:00,7.9,14.0,0.0,55.28,2025-05-23 21:00:00+02:00
2025-05-23 20:00:00+00:00,7.3,12.8,0.0,48.16,2025-05-23 22:00:00+02:00
2025-05-23 21:00:00+00:00,7.0,13.2,0.0,43.29,2025-05-23 23:00:00+02:00
2025-05-23 22:00:00+00:00,6.9,13.5,0.0,42.15,2025-05-24 00:00:00+02:00
2025-05-23 23:00:00+00:00,6.8,13.1,0.0,39.7,2025-05-24 01:00:00+02:00
2025-05-24 00:00:00+00:00,6.7,13.4,0.0,37.43,2025-05-24 02:00:00+02:00
2025-05-24 01:00:00+00:00,6.6,13.6,0.0,37.16,2025-05-24 03:00:00+02:00
2025-05-24 02:00:00+00:00,6.3,13.3,0.0,36.92,2025-05-24 04:00:00+02:00
2025-05-24 03:00:00+00:00,6.3,13.2,0.0,36.41,2025-05-24 05:00:00+02:00
2025-05-24 04:00:00+00:00,7.0,12.8,0.0,34.44,2025-05-24 06:00:00+02:00
2025-05-24 05:00:00+00:00,8.3,18.3,0.0,32.96,2025-05-24 07:00:00+02:00
2025-05-24 06:00:00+00:00,9.5,19.2,0.0,29.1,2025-05-24 08:00:00+02:00
2025-05-24 07:00:00+00:00,10.5,20.4,0.0,10.18,2025-05-24 09:00:00+02:00
2025-05-24 08:00:00+00:00,11.0,18.5,0.0,0.0,2025-05-24 10:00:00+02:00
2025-05-24 09:00:00+00:00,11.9,18.3,0.0,-0.1,2025-05-24 11:00:00+02:00
2025-05-24 10:00:00+00:00,12.5,23.8,0.0,-0.15,2025-05-24 12:00:00+02:00
2025-05-24 11:00:00+00:00,12.8,22.2,0.0,-0.2,2025-05-24 13:00:00+02:00
2025-05-24 12:00:00+00:00,13.5,21.8,0.0,-0.27,2025-05-24 14:00:00+02:00
2025-05-24 13:00:00+00:00,13.8,22.2,0.1,-0.05,2025-05-24 15:00:00+02:00
2025-05-24 14:00:00+00:00,13.7,22.6,0.0,2.19,2025-05-24 16:00:00+02:00
2025-05-24 15:00:00+00:00,13.4,20.2,0.0,24.57,2025-05-24 17:00:00+02:00
2025-05-24 16:00:00+00:00,13.1,19.7,0.0,37.79,2025-05-24 18:00:00+02:00
2025-05-24 17:00:00+00:00,12.4,16.4,0.0,54.28,2025-05-24 19:00:00+02:00
2025-05-24 18:00:00+00:00,11.3,12.8,0.0,53.86,2025-05-24 20:00:00+02:00
2025-05-24 19:00:00+00:00,9.7,11.0,0.0,51.27,2025-05-24 21:00:00+02:00
2025-05-24 20:00:00+00:00,8.4,10.0,0.0,44.79,2025-05-24 22:00:00+02:00
2025-05-24 21:00:00+00:00,7.7,10.0,0.0,36.17,2025-05-24 23:00:00+02:00
2025-05-24 22:00:00+00:00,7.2,9.7,0.0,23.62,2025-05-25 00:00:00+02:00
2025-05-24 23:00:00+00:00,6.8,9.0,0.0,14.67,2025-05-25 01:00:00+02:00
2025-05-25 00:00:00+00:00,6.5,10.0,0.0,8.49,2025-05-25 02:00:00+02:00
2025-05-25 01:00:00+00:00,6.1,9.4,0.0,5.75,2025-05-25 03:00:00+02:00
2025-05-25 02:00:00+00:00,6.0,9.8,0.0,3.49,2025-05-25 04:00:00+02:00
2025-05-25 03:00:00+00:00,6.2,10.4,0.0,2.12,2025-05-25 05:00:00+02:00
2025-05-25 04:00:00+00:00,7.2,13.4,0.0,1.44,2025-05-25 06:00:00+02:00
2025-05-25 05:00:00+00:00,8.5,12.4,0.0,1.48,2025-05-25 07:00:00+02:00
2025-05-25 06:00:00+00:00,10.0,12.4,0.2,0.83,2025-05-25 08:00:00+02:00
2025-05-25 07:00:00+00:00,11.2,10.0,0.0,0.4,2025-05-25 09:00:00+02:00
2025-05-25 08:00:00+00:00,12.8,13.2,0.0,0.18,2025-05-25 10:00:00+02:00
2025-05-25 09:00:00+00:00,12.9,15.7,0.1,-0.19,2025-05-25 11:00:00+02:00
2025-05-25 10:00:00+00:00,13.2,17.3,0.1,0.03,2025-05-25 12:00:00+02:00
2025-05-25 11:00:00+00:00,14.4,18.4,0.0,-0.83,2025-05-25 13:00:00+02:00
2025-05-25 12:00:00+00:00,14.1,16.1,0.0,-1.4,2025-05-25 14:00:00+02:00
2025-05-25 13:00:00+00:00,13.3,16.9,0.0,-1.93,2025-05-25 15:00:00+02:00
2025-05-25 14:00:00+00:00,12.2,14.7,0.0,0.01,2025-05-25 16:00:00+02:00
2025-05-25 15:00:00+00:00,14.0,17.5,0.0,2.84,2025-05-25 17:00:00+02:00
2025-05-25 16:00:00+00:00,14.0,17.7,0.0,7.03,2025-05-25 18:00:00+02:00
2025-05-25 17:00:00+00:00,12.7,15.6,0.0,30.66,2025-05-25 19:00:00+02:00
2025-05-25 18:00:00+00:00,12.3,18.0,0.0,34.19,2025-05-25 20:00:00+02:00
2025-05-25 19:00:00+00:00,12.0,20.3,0.0,34.52,2025-05-25 21:00:00+02:00
2025-05-25 20:00:00+00:00,12.1,21.0,0.0,34.47,2025-05-25 22:00:00+02:00
2025-05-25 21:00:00+00:00,12.0,21.1,0.0,26.83,2025-05-25 23:00:00+02:00
2025-05-25 22:00:00+00:00,11.7,20.7,0.0,20.06,2025-05-26 00:00:00+02:00
2025-05-25 23:00:00+00:00,11.3,21.1,0.1,18.67,2025-05-26 01:00:00+02:00
2025-05-26 00:00:00+00:00,10.6,19.2,0.0,19.64,2025-05-26 02:00:00+02:00
2025-05-26 01:00:00+00:00,10.6,17.8,0.1,18.31,2025-05-26 03:00:00+02:00
2025-05-26 02:00:00+00:00,10.2,16.4,0.1,19.87,2025-05-26 04:00:00+02:00
2025-05-26 03:00:00+00:00,10.3,16.5,0.1,23.66,2025-05-26 05:00:00+02:00
2025-05-26 04:00:00+00:00,10.4,16.4,0.1,33.84,2025-05-26 06:00:00+02:00
2025-05-26 05:00:00+00:00,10.6,15.5,0.1,39.29,2025-05-26 07:00:00+02:00
2025-05-26 06:00:00+00:00,11.9,16.3,0.0,34.97,2025-05-26 08:00:00+02:00
2025-05-26 07:00:00+00:00,12.6,15.1,0.0,30.0,2025-05-26 09:00:00+02:00
2025-05-26 08:00:00+00:00,14.0,12.4,0.2,10.83,2025-05-26 10:00:00+02:00
2025-05-26 09:00:00+00:00,15.3,11.7,0.2,0.05,2025-05-26 11:00:00+02:00
2025-05-26 10:00:00+00:00,15.9,13.4,0.1,-0.17,2025-05-26 12:00:00+02:00
2025-05-26 11:00:00+00:00,17.2,12.9,0.1,-0.94,2025-05-26 13:00:00+02:00
2025-05-26 12:00:00+00:00,18.1,13.3,0.0,-0.54,2025-05-26 14:00:00+02:00
2025-05-26 13:00:00+00:00,18.0,14.7,0.0,-0.49,2025-05-26 15:00:00+02:00
2025-05-26 14:00:00+00:00,17.9,13.5,0.0,0.01,2025-05-26 16:00:00+02:00
2025-05-26 15:00:00+00:00,17.9,14.7,0.0,22.86,2025-05-26 17:00:00+02:00
2025-05-26 16:00:00+00:00,17.1,14.7,0.0,37.57,2025-05-26 18:00:00+02:00
2025-05-26 17:00:00+00:00,16.7,14.1,0.0,40.4,2025-05-26 19:00:00+02:00
2025-05-26 18:00:00+00:00,15.7,12.3,0.0,48.77,2025-05-26 20:00:00+02:00
2025-05-26 19:00:00+00:00,14.1,9.8,0.0,49.8,2025-05-26 21:00:00+02:00
2025-05-26 20:00:00+00:00,12.7,11.6,0.0,52.82,2025-05-26 22:00:00+02:00
2025-05-26 21:00:00+00:00,12.2,13.2,0.0,44.7,2025-05-26 23:00:00+02:00
2025-05-26 22:00:00+00:00,11.6,13.1,0.0,36.92,2025-05-27 00:00:00+02:00
2025-05-26 23:00:00+00:00,11.0,13.5,0.0,31.45,2025-05-27 01:00:00+02:00
2025-05-27 00:00:00+00:00,10.4,12.8,0.0,20.39,2025-05-27 02:00:00+02:00
2025-05-27 01:00:00+00:00,9.7,11.9,0.0,16.01,2025-05-27 03:00:00+02:00
2025-05-27 02:00:00+00:00,9.1,10.9,0.0,12.38,2025-05-27 04:00:00+02:00
2025-05-27 03:00:00+00:00,9.0,10.6,0.0,13.73,2025-05-27 05:00:00+02:00
2025-05-27 04:00:00+00:00,9.6,8.4,0.0,26.5,2025-05-27 06:00:00+02:00
2025-05-27 05:00:00+00:00,10.8,10.2,0.0,32.65,2025-05-27 07:00:00+02:00
2025-05-27 06:00:00+00:00,12.2,11.5,0.0,28.05,2025-05-27 08:00:00+02:00
2025-05-27 07:00:00+00:00,13.6,12.6,0.0,21.69,2025-05-27 09:00:00+02:00
2025-05-27 08:00:00+00:00,14.9,16.5,0.0,2.45,2025-05-27 10:00:00+02:00
2025-05-27 09:00:00+00:00,15.8,17.4,0.0,1.75,2025-05-27 11:00:00+02:00
2025-05-27 10:00:00+00:00,15.4,16.8,0.0,-0.02,2025-05-27 12:00:00+02:00
2025-05-27 11:00:00+00:00,15.8,18.0,0.0,0.0,2025-05-27 13:00:00+02:00
2025-05-27 12:00:00+00:00,16.3,17.9,0.0,-0.08,2025-05-27 14:00:00+02:00
2025-05-27 13:00:00+00:00,16.8,19.7,0.0,1.45,2025-05-27 15:00:00+02:00
2025-05-27 14:00:00+00:00,16.0,19.3,0.0,22.63,2025-05-27 16:00:00+02:00
2025-05-27 15:00:00+00:00,16.1,21.3,0.0,26.65,2025-05-27 17:00:00+02:00
2025-05-27 16:00:00+00:00,14.4,16.6,0.0,40.36,2025-05-27 18:00:00+02:00
2025-05-27 17:00:00+00:00,12.7,17.7,0.0,48.7,2025-05-27 19:00:00+02:00
2025-05-27 18:00:00+00:00,11.8,17.3,0.0,59.82,2025-05-27 20:00:00+02:00
2025-05-27 19:00:00+00:00,11.4,24.3,2.2,52.08,2025-05-27 21:00:00+02:00
2025-05-27 20:00:00+00:00,11.4,19.7,0.0,42.32,2025-05-27 22:00:00+02:00
2025-05-27 21:00:00+00:00,11.1,16.5,0.0,39.72,2025-05-27 23:00:00+02:00
2025-05-27 22:00:00+00:00,11.0,14.9,0.0,28.21,2025-05-28 00:00:00+02:00
2025-05-27 23:00:00+00:00,10.8,13.3,0.0,26.04,2025-05-28 01:00:00+02:00
2025-05-28 00:00:00+00:00,10.5,12.3,0.0,25.29,2025-05-28 02:00:00+02:00
2025-05-28 01:00:00+00:00,10.4,11.2,0.0,24.35,2025-05-28 03:00:00+02:00
2025-05-28 02:00:00+00:00,10.1,10.2,0.0,26.07,2025-05-28 04:00:00+02:00
2025-05-28 03:00:00+00:00,10.5,9.6,0.0,27.98,2025-05-28 05:00:00+02:00
2025-05-28 04:00:00+00:00,10.8,7.7,0.0,33.15,2025-05-28 06:00:00+02:00
2025-05-28 05:00:00+00:00,11.0,6.6,0.2,50.57,2025-05-28 07:00:00+02:00
2025-05-28 06:00:00+00:00,11.2,6.2,0.4,45.09,2025-05-28 08:00:00+02:00
2025-05-28 07:00:00+00:00,11.7,6.3,0.3,42.8,2025-05-28 09:00:00+02:00
2025-05-28 08:00:00+00:00,12.4,7.5,0.1,38.23,2025-05-28 10:00:00+02:00
2025-05-28 09:00:00+00:00,12.1,6.2,0.0,36.65,2025-05-28 11:00:00+02:00
2025-05-28 10:00:00+00:00,13.4,7.1,0.0,33.1,2025-05-28 12:00:00+02:00
2025-05-28 11:00:00+00:00,14.9,8.7,0.0,29.76,2025-05-28 13:00:00+02:00
2025-05-28 12:00:00+00:00,16.0,8.5,0.1,26.59,2025-05-28 14:00:00+02:00
2025-05-28 13:00:00+00:00,16.7,5.6,0.0,25.44,2025-05-28 15:00:00+02:00
2025-05-28 14:00:00+00:00,17.0,5.8,0.0,36.36,2025-05-28 16:00:00+02:00
2025-05-28 15:00:00+00:00,16.8,5.6,0.0,35.52,2025-05-28 17:00:00+02:00
2025-05-28 16:00:00+00:00,16.2,5.9,0.0,38.61,2025-05-28 18:00:00+02:00
2025-05-28 17:00:00+00:00,15.7,6.1,0.0,42.86,2025-05-28 19:00:00+02:00
2025-05-28 18:00:00+00:00,15.1,5.8,0.0,45.6,2025-05-28 20:00:00+02:00
2025-05-28 19:00:00+00:00,13.9,6.2,0.0,40.81,2025-05-28 21:00:00+02:00
2025-05-28 20:00:00+00:00,12.4,7.3,0.0,38.75,2025-05-28 22:00:00+02:00
2025-05-28 21:00:00+00:00,11.3,5.4,0.0,35.75,2025-05-28 23:00:00+02:00
2025-05-28 22:00:00+00:00,10.6,4.8,0.0,34.39,2025-05-29 00:00:00+02:00
2025-05-28 23:00:00+00:00,9.9,3.9,0.0,34.49,2025-05-29 01:00:00+02:00
2025-05-29 00:00:00+00:00,9.7,3.3,0.0,34.18,2025-05-29 02:00:00+02:00
2025-05-29 01:00:00+00:00,10.1,6.1,0.0,33.47,2025-05-29 03:00:00+02:00
2025-05-29 02:00:00+00:00,9.5,5.2,0.0,33.71,2025-05-29 04:00:00+02:00
2025-05-29 03:00:00+00:00,9.8,4.7,0.0,33.89,2025-05-29 05:00:00+02:00
2025-05-29 04:00:00+00:00,10.6,7.3,0.0,33.33,2025-05-29 06:00:00+02:00
2025-05-29 05:00:00+00:00,11.4,6.9,0.0,29.33,2025-05-29 07:00:00+02:00
2025-05-29 06:00:00+00:00,12.6,7.1,0.0,31.86,2025-05-29 08:00:00+02:00
2025-05-29 07:00:00+00:00,13.8,7.2,0.0,27.38,2025-05-29 09:00:00+02:00
2025-05-29 08:00:00+00:00,15.4,8.8,0.0,18.37,2025-05-29 10:00:00+02:00
2025-05-29 09:00:00+00:00,17.0,9.9,0.0,2.3,2025-05-29 11:00:00+02:00
2025-05-29 10:00:00+00:00,18.3,10.0,0.0,1.78,2025-05-29 12:00:00+02:00
2025-05-29 11:00:00+00:00,18.6,9.4,0.0,2.36,2025-05-29 13:00:00+02:00
2025-05-29 12:00:00+00:00,19.2,8.1,0.0,2.06,2025-05-29 14:00:00+02:00
2025-05-29 13:00:00+00:00,20.0,9.0,0.0,2.89,2025-05-29 15:00:00+02:00
2025-05-29 14:00:00+00:00,19.6,9.6,0.0,5.32,2025-05-29 16:00:00+02:00
2025-05-29 15:00:00+00:00,19.5,9.2,0.0,20.64,2025-05-29 17:00:00+02:00
2025-05-29 16:00:00+00:00,19.3,9.4,0.0,29.64,2025-05-29 18:00:00+02:00
2025-05-29 17:00:00+00:00,18.5,10.5,0.0,32.32,2025-05-29 19:00:00+02:00
2025-05-29 18:00:00+00:00,17.8,9.2,0.0,33.82,2025-05-29 20:00:00+02:00
2025-05-29 19:00:00+00:00,16.1,10.5,0.0,32.89,2025-05-29 21:00:00+02:00
2025-05-29 20:00:00+00:00,14.6,10.3,0.0,31.56,2025-05-29 22:00:00+02:00
2025-05-29 21:00:00+00:00,14.0,11.9,0.0,27.41,2025-05-29 23:00:00+02:00
2025-05-29 22:00:00+00:00,13.1,10.7,0.0,23.56,2025-05-30 00:00:00+02:00
2025-05-29 23:00:00+00:00,12.3,10.6,0.0,14.27,2025-05-30 01:00:00+02:00
2025-05-30 00:00:00+00:00,11.6,10.4,0.0,14.68,2025-05-30 02:00:00+02:00
2025-05-30 01:00:00+00:00,11.9,9.9,0.0,14.05,2025-05-30 03:00:00+02:00
2025-05-30 02:00:00+00:00,11.0,9.7,0.0,9.91,2025-05-30 04:00:00+02:00
2025-05-30 03:00:00+00:00,10.9,8.6,0.0,13.1,2025-05-30 05:00:00+02:00
2025-05-30 04:00:00+00:00,11.4,6.8,0.0,29.3,2025-05-30 06:00:00+02:00
2025-05-30 05:00:00+00:00,12.6,7.0,0.0,33.37,2025-05-30 07:00:00+02:00
2025-05-30 06:00:00+00:00,14.1,7.8,0.0,34.15,2025-05-30 08:00:00+02:00
2025-05-30 07:00:00+00:00,14.4,10.3,0.0,22.29,2025-05-30 09:00:00+02:00
2025-05-30 08:00:00+00:00,13.7,13.2,0.0,4.27,2025-05-30 10:00:00+02:00
2025-05-30 09:00:00+00:00,13.0,15.6,0.0,1.36,2025-05-30 11:00:00+02:00
2025-05-30 10:00:00+00:00,12.7,17.5,0.0,0.61,2025-05-30 12:00:00+02:00
2025-05-30 11:00:00+00:00,12.8,20.0,0.0,0.23,2025-05-30 13:00:00+02:00
2025-05-30 12:00:00+00:00,14.2,17.3,0.0,-1.1,2025-05-30 14:00:00+02:00
2025-05-30 13:00:00+00:00,14.9,18.6,0.1,-0.2,2025-05-30 15:00:00+02:00
2025-05-30 14:00:00+00:00,16.2,16.1,0.1,1.78,2025-05-30 16:00:00+02:00
2025-05-30 15:00:00+00:00,17.5,20.4,0.1,12.48,2025-05-30 17:00:00+02:00
2025-05-30 16:00:00+00:00,16.9,20.6,0.0,19.63,2025-05-30 18:00:00+02:00
2025-05-30 17:00:00+00:00,16.7,20.0,0.0,24.51,2025-05-30 19:00:00+02:00
2025-05-30 18:00:00+00:00,16.0,17.1,0.0,39.1,2025-05-30 20:00:00+02:00
2025-05-30 19:00:00+00:00,15.2,17.8,0.0,30.22,2025-05-30 21:00:00+02:00
2025-05-30 20:00:00+00:00,14.3,17.0,0.0,25.37,2025-05-30 22:00:00+02:00
2025-05-30 21:00:00+00:00,13.9,17.4,0.0,8.91,2025-05-30 23:00:00+02:00
2025-05-30 22:00:00+00:00,13.2,16.0,0.0,12.07,2025-05-31 00:00:00+02:00
2025-05-30 23:00:00+00:00,12.6,15.4,0.0,8.12,2025-05-31 01:00:00+02:00
2025-05-31 00:00:00+00:00,12.1,14.6,0.0,8.12,2025-05-31 02:00:00+02:00
2025-05-31 01:00:00+00:00,11.6,13.3,0.0,8.78,2025-05-31 03:00:00+02:00
2025-05-31 02:00:00+00:00,10.8,11.8,0.0,10.01,2025-05-31 04:00:00+02:00
2025-05-31 03:00:00+00:00,10.3,12.0,0.0,11.72,2025-05-31 05:00:00+02:00
2025-05-31 04:00:00+00:00,10.5,11.3,0.0,29.13,2025-05-31 06:00:00+02:00
2025-05-31 05:00:00+00:00,11.1,12.0,0.0,27.84,2025-05-31 07:00:00+02:00
2025-05-31 06:00:00+00:00,11.9,11.4,0.0,25.21,2025-05-31 08:00:00+02:00
2025-05-31 07:00:00+00:00,12.9,10.1,0.0,4.51,2025-05-31 09:00:00+02:00
2025-05-31 08:00:00+00:00,13.9,10.3,0.0,-0.04,2025-05-31 10:00:00+02:00
2025-05-31 09:00:00+00:00,14.8,11.8,0.0,-0.89,2025-05-31 11:00:00+02:00
2025-05-31 10:00:00+00:00,15.5,13.5,0.0,-2.77,2025-05-31 12:00:00+02:00
2025-05-31 11:00:00+00:00,16.1,15.1,0.0,-11.85,2025-05-31 13:00:00+02:00
2025-05-31 12:00:00+00:00,17.0,16.6,0.0,-6.72,2025-05-31 14:00:00+02:00
2025-05-31 13:00:00+00:00,17.7,16.1,0.0,-2.64,2025-05-31 15:00:00+02:00
2025-05-31 14:00:00+00:00,18.1,16.2,0.0,-0.14,2025-05-31 16:00:00+02:00
2025-05-31 15:00:00+00:00,17.9,15.3,0.0,21.91,2025-05-31 17:00:00+02:00
2025-05-31 16:00:00+00:00,17.7,12.4,0.0,35.17,2025-05-31 18:00:00+02:00
2025-05-31 17:00:00+00:00,17.8,8.5,0.0,36.62,2025-05-31 19:00:00+02:00
2025-05-31 18:00:00+00:00,17.2,5.9,0.0,84.39,2025-05-31 20:00:00+02:00
2025-05-31 19:00:00+00:00,15.7,5.4,0.0,93.49,2025-05-31 21:00:00+02:00
2025-05-31 20:00:00+00:00,14.0,4.9,0.0,65.04,2025-05-31 22:00:00+02:00
2025-05-31 21:00:00+00:00,12.7,3.8,0.0,49.99,2025-05-31 23:00:00+02:00
2025-05-31 22:00:00+00:00,12.4,0.3,0.0,35.77,2025-06-01 00:00:00+02:00
2025-05-31 23:00:00+00:00,10.8,4.5,0.0,34.53,2025-06-01 01:00:00+02:00
2025-06-01 00:00:00+00:00,10.4,4.8,0.0,34.39,2025-06-01 02:00:00+02:00
2025-06-01 01:00:00+00:00,9.2,6.6,0.0,35.33,2025-06-01 03:00:00+02:00
2025-06-01 02:00:00+00:00,8.5,5.4,0.0,31.5,2025-06-01 04:00:00+02:00
2025-06-01 03:00:00+00:00,9.1,4.1,0.0,27.14,2025-06-01 05:00:00+02:00
2025-06-01 04:00:00+00:00,10.5,3.7,0.0,17.9,2025-06-01 06:00:00+02:00
2025-06-01 05:00:00+00:00,11.9,2.5,0.0,6.39,2025-06-01 07:00:00+02:00
2025-06-01 06:00:00+00:00,13.6,3.8,0.0,2.02,2025-06-01 08:00:00+02:00
2025-06-01 07:00:00+00:00,15.4,5.6,0.0,0.15,2025-06-01 09:00:00+02:00
2025-06-01 08:00:00+00:00,17.3,6.8,0.0,-0.53,2025-06-01 10:00:00+02:00
2025-06-01 09:00:00+00:00,18.8,10.3,0.0,-2.07,2025-06-01 11:00:00+02:00
2025-06-01 10:00:00+00:00,19.2,15.7,0.0,-4.71,2025-06-01 12:00:00+02:00
2025-06-01 11:00:00+00:00,19.3,14.8,0.0,-6.42,2025-06-01 13:00:00+02:00
2025-06-01 12:00:00+00:00,19.6,15.0,0.0,-6.5,2025-06-01 14:00:00+02:00
2025-06-01 13:00:00+00:00,19.7,17.4,0.0,-3.15,2025-06-01 15:00:00+02:00
2025-06-01 14:00:00+00:00,19.0,16.5,0.0,-1.02,2025-06-01 16:00:00+02:00
2025-06-01 15:00:00+00:00,18.8,17.5,0.0,3.32,2025-06-01 17:00:00+02:00
2025-06-01 16:00:00+00:00,17.9,16.6,0.0,12.63,2025-06-01 18:00:00+02:00
2025-06-01 17:00:00+00:00,16.9,14.2,0.0,32.95,2025-06-01 19:00:00+02:00
2025-06-01 18:00:00+00:00,15.3,13.7,0.0,37.03,2025-06-01 20:00:00+02:00
2025-06-01 19:00:00+00:00,13.5,15.7,0.0,37.23,2025-06-01 21:00:00+02:00
2025-06-01 20:00:00+00:00,12.7,18.0,0.0,37.13,2025-06-01 22:00:00+02:00
2025-06-01 21:00:00+00:00,12.3,19.6,0.0,33.08,2025-06-01 23:00:00+02:00
2025-06-01 22:00:00+00:00,12.3,20.4,0.0,18.38,2025-06-02 00:00:00+02:00
2025-06-01 23:00:00+00:00,12.5,18.1,0.0,10.01,2025-06-02 01:00:00+02:00
2025-06-02 00:00:00+00:00,12.0,17.2,0.0,14.57,2025-06-02 02:00:00+02:00
2025-06-02 01:00:00+00:00,12.1,14.1,0.8,15.08,2025-06-02 03:00:00+02:00
2025-06-02 02:00:00+00:00,12.4,12.7,2.0,15.66,2025-06-02 04:00:00+02:00
2025-06-02 03:00:00+00:00,13.0,11.8,0.6,31.45,2025-06-02 05:00:00+02:00
2025-06-02 04:00:00+00:00,13.5,15.2,0.0,36.82,2025-06-02 06:00:00+02:00
2025-06-02 05:00:00+00:00,13.8,16.0,0.0,37.99,2025-06-02 07:00:00+02:00
2025-06-02 06:00:00+00:00,14.3,16.2,0.0,42.62,2025-06-02 08:00:00+02:00
2025-06-02 07:00:00+00:00,15.1,17.2,0.0,38.91,2025-06-02 09:00:00+02:00
2025-06-02 08:00:00+00:00,16.0,17.6,0.0,28.97,2025-06-02 10:00:00+02:00
2025-06-02 09:00:00+00:00,17.2,22.0,0.0,17.81,2025-06-02 11:00:00+02:00
2025-06-02 10:00:00+00:00,17.9,23.6,0.0,10.0,2025-06-02 12:00:00+02:00
2025-06-02 11:00:00+00:00,17.7,21.4,0.0,5.25,2025-06-02 13:00:00+02:00
2025-06-02 12:00:00+00:00,18.7,22.6,0.0,6.67,2025-06-02 14:00:00+02:00
2025-06-02 13:00:00+00:00,18.8,22.1,0.0,8.17,2025-06-02 15:00:00+02:00
2025-06-02 14:00:00+00:00,18.3,21.6,0.0,7.87,2025-06-02 16:00:00+02:00
2025-06-02 15:00:00+00:00,18.6,19.9,0.0,21.73,2025-06-02 17:00:00+02:00
2025-06-02 16:00:00+00:00,18.2,18.9,0.0,41.56,2025-06-02 18:00:00+02:00
2025-06-02 17:00:00+00:00,17.8,17.7,0.1,47.45,2025-06-02 19:00:00+02:00
2025-06-02 18:00:00+00:00,16.9,13.5,0.0,59.96,2025-06-02 20:00:00+02:00
2025-06-02 19:00:00+00:00,15.5,10.5,0.0,54.03,2025-06-02 21:00:00+02:00
2025-06-02 20:00:00+00:00,14.4,12.6,0.0,47.28,2025-06-02 22:00:00+02:00
2025-06-02 21:00:00+00:00,14.0,13.5,0.0,40.24,2025-06-02 23:00:00+02:00
2025-06-02 22:00:00+00:00,13.2,12.6,0.0,35.65,2025-06-03 00:00:00+02:00
2025-06-02 23:00:00+00:00,12.5,13.0,0.0,33.19,2025-06-03 01:00:00+02:00
2025-06-03 00:00:00+00:00,11.9,13.8,0.0,32.02,2025-06-03 02:00:00+02:00
2025-06-03 01:00:00+00:00,10.9,13.1,0.0,30.48,2025-06-03 03:00:00+02:00
2025-06-03 02:00:00+00:00,10.3,12.0,0.0,32.46,2025-06-03 04:00:00+02:00
2025-06-03 03:00:00+00:00,10.4,11.5,0.0,34.18,2025-06-03 05:00:00+02:00
2025-06-03 04:00:00+00:00,10.9,11.4,0.0,47.47,2025-06-03 06:00:00+02:00
2025-06-03 05:00:00+00:00,11.7,11.1,0.0,53.73,2025-06-03 07:00:00+02:00
2025-06-03 06:00:00+00:00,12.7,10.3,0.0,38.5,2025-06-03 08:00:00+02:00
2025-06-03 07:00:00+00:00,14.0,9.3,0.0,33.26,2025-06-03 09:00:00+02:00
2025-06-03 08:00:00+00:00,15.2,8.4,0.0,5.23,2025-06-03 10:00:00+02:00
2025-06-03 09:00:00+00:00,16.5,8.9,0.0,4.39,2025-06-03 11:00:00+02:00
2025-06-03 10:00:00+00:00,17.9,10.6,0.0,3.06,2025-06-03 12:00:00+02:00
2025-06-03 11:00:00+00:00,19.0,12.5,0.0,2.33,2025-06-03 13:00:00+02:00
2025-06-03 12:00:00+00:00,19.4,12.2,0.0,2.56,2025-06-03 14:00:00+02:00
2025-06-03 13:00:00+00:00,20.1,10.5,0.0,3.71,2025-06-03 15:00:00+02:00
2025-06-03 14:00:00+00:00,20.0,10.3,0.0,7.36,2025-06-03 16:00:00+02:00
2025-06-03 15:00:00+00:00,19.9,12.3,0.0,28.67,2025-06-03 17:00:00+02:00
2025-06-03 16:00:00+00:00,19.1,14.7,0.0,33.92,2025-06-03 18:00:00+02:00
2025-06-03 17:00:00+00:00,18.4,14.3,0.0,39.61,2025-06-03 19:00:00+02:00
2025-06-03 18:00:00+00:00,17.7,11.2,0.0,43.6,2025-06-03 20:00:00+02:00
2025-06-03 19:00:00+00:00,15.8,12.7,0.0,48.29,2025-06-03 21:00:00+02:00
2025-06-03 20:00:00+00:00,13.7,13.0,0.0,43.33,2025-06-03 22:00:00+02:00
2025-06-03 21:00:00+00:00,12.8,11.4,0.0,29.96,2025-06-03 23:00:00+02:00
2025-06-03 22:00:00+00:00,12.1,9.8,0.0,10.16,2025-06-04 00:00:00+02:00
2025-06-03 23:00:00+00:00,11.5,8.1,0.0,8.2,2025-06-04 01:00:00+02:00
2025-06-04 00:00:00+00:00,11.0,7.1,0.0,6.73,2025-06-04 02:00:00+02:00
2025-06-04 01:00:00+00:00,10.2,5.2,0.0,6.1,2025-06-04 03:00:00+02:00
2025-06-04 02:00:00+00:00,10.2,5.1,0.0,6.32,2025-06-04 04:00:00+02:00
2025-06-04 03:00:00+00:00,11.7,7.9,0.0,7.02,2025-06-04 05:00:00+02:00
2025-06-04 04:00:00+00:00,12.7,11.5,0.0,26.76,2025-06-04 06:00:00+02:00
2025-06-04 05:00:00+00:00,13.8,9.7,0.0,43.54,2025-06-04 07:00:00+02:00
2025-06-04 06:00:00+00:00,15.6,11.8,0.0,41.31,2025-06-04 08:00:00+02:00
2025-06-04 07:00:00+00:00,17.3,14.8,0.0,27.98,2025-06-04 09:00:00+02:00
2025-06-04 08:00:00+00:00,17.5,17.0,0.0,21.96,2025-06-04 10:00:00+02:00
2025-06-04 09:00:00+00:00,18.9,18.4,0.0,3.89,2025-06-04 11:00:00+02:00
2025-06-04 10:00:00+00:00,19.2,18.9,0.0,2.42,2025-06-04 12:00:00+02:00
2025-06-04 11:00:00+00:00,19.8,21.8,0.0,2.89,2025-06-04 13:00:00+02:00
2025-06-04 12:00:00+00:00,19.5,22.7,0.0,9.15,2025-06-04 14:00:00+02:00
2025-06-04 13:00:00+00:00,19.5,22.0,0.0,20.08,2025-06-04 15:00:00+02:00
2025-06-04 14:00:00+00:00,19.3,19.6,0.2,25.22,2025-06-04 16:00:00+02:00
2025-06-04 15:00:00+00:00,19.1,20.5,0.0,36.81,2025-06-04 17:00:00+02:00
2025-06-04 16:00:00+00:00,18.6,18.7,0.0,46.25,2025-06-04 18:00:00+02:00
2025-06-04 17:00:00+00:00,17.9,16.6,0.0,52.56,2025-06-04 19:00:00+02:00
2025-06-04 18:00:00+00:00,16.8,15.5,0.0,60.32,2025-06-04 20:00:00+02:00
2025-06-04 19:00:00+00:00,15.5,13.5,0.0,44.67,2025-06-04 21:00:00+02:00
2025-06-04 20:00:00+00:00,14.5,14.1,0.0,36.67,2025-06-04 22:00:00+02:00
2025-06-04 21:00:00+00:00,14.0,13.6,0.0,25.95,2025-06-04 23:00:00+02:00
2025-06-04 22:00:00+00:00,13.8,13.0,0.0,17.23,2025-06-05 00:00:00+02:00
2025-06-04 23:00:00+00:00,13.4,12.2,0.0,16.64,2025-06-05 01:00:00+02:00
2025-06-05 00:00:00+00:00,13.1,11.1,0.0,17.96,2025-06-05 02:00:00+02:00
2025-06-05 01:00:00+00:00,13.1,12.2,0.0,18.06,2025-06-05 03:00:00+02:00
2025-06-05 02:00:00+00:00,13.1,15.0,0.0,20.13,2025-06-05 04:00:00+02:00
2025-06-05 03:00:00+00:00,12.8,15.1,0.0,25.83,2025-06-05 05:00:00+02:00
2025-06-05 04:00:00+00:00,12.9,14.3,0.0,42.61,2025-06-05 06:00:00+02:00
2025-06-05 05:00:00+00:00,13.3,13.9,0.0,54.42,2025-06-05 07:00:00+02:00
2025-06-05 06:00:00+00:00,14.0,13.9,0.0,53.37,2025-06-05 08:00:00+02:00
2025-06-05 07:00:00+00:00,14.7,13.7,0.0,39.87,2025-06-05 09:00:00+02:00
2025-06-05 08:00:00+00:00,15.7,14.7,0.0,32.99,2025-06-05 10:00:00+02:00
2025-06-05 09:00:00+00:00,16.7,16.0,0.0,24.81,2025-06-05 11:00:00+02:00
2025-06-05 10:00:00+00:00,17.8,15.5,0.0,10.93,2025-06-05 12:00:00+02:00
2025-06-05 11:00:00+00:00,18.9,15.6,0.0,6.24,2025-06-05 13:00:00+02:00
2025-06-05 12:00:00+00:00,18.9,17.0,0.0,3.58,2025-06-05 14:00:00+02:00
2025-06-05 13:00:00+00:00,18.8,15.5,0.0,11.31,2025-06-05 15:00:00+02:00
2025-06-05 14:00:00+00:00,18.8,15.9,0.0,28.68,2025-06-05 16:00:00+02:00
2025-06-05 15:00:00+00:00,18.7,15.8,0.0,38.46,2025-06-05 17:00:00+02:00
2025-06-05 16:00:00+00:00,18.6,16.4,0.0,47.86,2025-06-05 18:00:00+02:00
2025-06-05 17:00:00+00:00,17.2,15.3,0.0,55.12,2025-06-05 19:00:00+02:00
2025-06-05 18:00:00+00:00,16.0,12.1,0.2,62.21,2025-06-05 20:00:00+02:00
2025-06-05 19:00:00+00:00,14.5,11.8,0.0,52.69,2025-06-05 21:00:00+02:00
2025-06-05 20:00:00+00:00,13.4,10.2,0.0,43.97,2025-06-05 22:00:00+02:00
2025-06-05 21:00:00+00:00,12.7,8.3,0.0,38.34,2025-06-05 23:00:00+02:00
2025-06-05 22:00:00+00:00,12.0,10.4,0.0,23.92,2025-06-06 00:00:00+02:00
2025-06-05 23:00:00+00:00,11.6,9.7,0.0,19.47,2025-06-06 01:00:00+02:00
2025-06-06 00:00:00+00:00,12.0,10.1,0.0,24.85,2025-06-06 02:00:00+02:00
2025-06-06 01:00:00+00:00,11.3,9.7,0.0,25.61,2025-06-06 03:00:00+02:00
2025-06-06 02:00:00+00:00,10.8,9.6,0.0,26.33,2025-06-06 04:00:00+02:00
2025-06-06 03:00:00+00:00,11.5,9.7,0.0,32.49,2025-06-06 05:00:00+02:00
2025-06-06 04:00:00+00:00,12.4,9.4,0.0,34.37,2025-06-06 06:00:00+02:00
2025-06-06 05:00:00+00:00,13.9,9.2,0.0,36.47,2025-06-06 07:00:00+02:00
2025-06-06 06:00:00+00:00,15.0,10.1,0.0,29.43,2025-06-06 08:00:00+02:00
2025-06-06 07:00:00+00:00,16.5,12.3,0.0,10.01,2025-06-06 09:00:00+02:00
2025-06-06 08:00:00+00:00,17.4,13.5,0.0,3.02,2025-06-06 10:00:00+02:00
2025-06-06 09:00:00+00:00,17.5,16.1,0.0,2.32,2025-06-06 11:00:00+02:00
2025-06-06 10:00:00+00:00,17.7,20.5,0.0,1.75,2025-06-06 12:00:00+02:00
2025-06-06 11:00:00+00:00,17.5,20.7,0.0,1.23,2025-06-06 13:00:00+02:00
2025-06-06 12:00:00+00:00,17.6,23.1,0.1,0.66,2025-06-06 14:00:00+02:00
2025-06-06 13:00:00+00:00,17.3,23.6,0.1,0.17,2025-06-06 15:00:00+02:00
2025-06-06 14:00:00+00:00,16.9,23.5,0.1,1.07,2025-06-06 16:00:00+02:00
2025-06-06 15:00:00+00:00,15.7,20.2,0.2,3.96,2025-06-06 17:00:00+02:00
2025-06-06 16:00:00+00:00,14.1,16.1,1.0,27.41,2025-06-06 18:00:00+02:00
2025-06-06 17:00:00+00:00,13.1,14.7,2.0,38.37,2025-06-06 19:00:00+02:00
2025-06-06 18:00:00+00:00,12.7,19.1,1.2,40.16,2025-06-06 20:00:00+02:00
2025-06-06 19:00:00+00:00,12.4,18.2,2.2,38.98,2025-06-06 21:00:00+02:00
2025-06-06 20:00:00+00:00,12.5,17.5,0.0,38.32,2025-06-06 22:00:00+02:00
2025-06-06 21:00:00+00:00,12.6,17.6,0.0,35.22,2025-06-06 23:00:00+02:00
2025-06-06 22:00:00+00:00,12.9,19.3,0.0,21.9,2025-06-07 00:00:00+02:00
2025-06-06 23:00:00+00:00,12.5,20.4,0.0,2.16,2025-06-07 01:00:00+02:00
2025-06-07 00:00:00+00:00,11.8,21.2,0.0,-0.02,2025-06-07 02:00:00+02:00
2025-06-07 01:00:00+00:00,11.6,20.0,0.0,-0.02,2025-06-07 03:00:00+02:00
2025-06-07 02:00:00+00:00,11.3,19.8,0.0,-0.11,2025-06-07 04:00:00+02:00
2025-06-07 03:00:00+00:00,11.5,20.3,0.0,0.15,2025-06-07 05:00:00+02:00
2025-06-07 04:00:00+00:00,11.9,17.4,0.0,0.63,2025-06-07 06:00:00+02:00
2025-06-07 05:00:00+00:00,12.6,23.7,0.0,0.27,2025-06-07 07:00:00+02:00
2025-06-07 06:00:00+00:00,13.5,31.5,0.0,0.23,2025-06-07 08:00:00+02:00
2025-06-07 07:00:00+00:00,14.1,30.2,0.0,0.25,2025-06-07 09:00:00+02:00
2025-06-07 08:00:00+00:00,15.0,31.4,0.0,0.16,2025-06-07 10:00:00+02:00
2025-06-07 09:00:00+00:00,15.8,30.6,0.0,0.13,2025-06-07 11:00:00+02:00
2025-06-07 10:00:00+00:00,16.1,29.9,0.0,-0.19,2025-06-07 12:00:00+02:00
2025-06-07 11:00:00+00:00,16.2,30.2,0.0,-0.22,2025-06-07 13:00:00+02:00
2025-06-07 12:00:00+00:00,17.0,30.1,0.0,-0.13,2025-06-07 14:00:00+02:00
2025-06-07 13:00:00+00:00,16.5,25.4,0.0,-0.22,2025-06-07 15:00:00+02:00
2025-06-07 14:00:00+00:00,16.7,25.3,0.0,-0.12,2025-06-07 16:00:00+02:00
2025-06-07 15:00:00+00:00,16.8,21.5,0.0,14.96,2025-06-07 17:00:00+02:00
2025-06-07 16:00:00+00:00,16.8,19.7,0.0,33.68,2025-06-07 18:00:00+02:00
2025-06-07 17:00:00+00:00,16.2,16.8,0.0,38.61,2025-06-07 19:00:00+02:00
2025-06-07 18:00:00+00:00,15.5,15.0,0.0,44.97,2025-06-07 20:00:00+02:00
2025-06-07 19:00:00+00:00,14.6,12.0,0.0,53.47,2025-06-07 21:00:00+02:00
2025-06-07 20:00:00+00:00,13.7,11.8,0.0,47.33,2025-06-07 22:00:00+02:00
2025-06-07 21:00:00+00:00,13.1,11.7,0.0,39.49,2025-06-07 23:00:00+02:00
2025-06-07 22:00:00+00:00,12.3,11.8,0.0,40.64,2025-06-08 00:00:00+02:00
2025-06-07 23:00:00+00:00,11.8,10.9,0.0,39.83,2025-06-08 01:00:00+02:00
2025-06-08 00:00:00+00:00,11.2,9.2,0.0,37.74,2025-06-08 02:00:00+02:00
2025-06-08 01:00:00+00:00,10.3,7.7,0.0,34.22,2025-06-08 03:00:00+02:00
2025-06-08 02:00:00+00:00,9.9,6.6,0.0,32.6,2025-06-08 04:00:00+02:00
2025-06-08 03:00:00+00:00,10.2,6.6,0.0,27.31,2025-06-08 05:00:00+02:00
2025-06-08 04:00:00+00:00,10.8,7.4,0.0,19.75,2025-06-08 06:00:00+02:00
2025-06-08 05:00:00+00:00,11.8,7.3,0.0,3.62,2025-06-08 07:00:00+02:00
2025-06-08 06:00:00+00:00,13.0,6.5,0.0,1.24,2025-06-08 08:00:00+02:00
2025-06-08 07:00:00+00:00,14.3,6.7,0.0,0.98,2025-06-08 09:00:00+02:00
2025-06-08 08:00:00+00:00,15.3,8.0,0.0,0.07,2025-06-08 10:00:00+02:00
2025-06-08 09:00:00+00:00,16.0,8.9,0.1,-0.22,2025-06-08 11:00:00+02:00
2025-06-08 10:00:00+00:00,16.9,8.8,0.0,0.3,2025-06-08 12:00:00+02:00
2025-06-08 11:00:00+00:00,17.4,9.0,0.0,1.0,2025-06-08 13:00:00+02:00
2025-06-08 12:00:00+00:00,17.8,9.2,0.0,0.97,2025-06-08 14:00:00+02:00
2025-06-08 13:00:00+00:00,16.8,8.9,0.0,1.21,2025-06-08 15:00:00+02:00
2025-06-08 14:00:00+00:00,17.1,8.0,0.0,1.73,2025-06-08 16:00:00+02:00
2025-06-08 15:00:00+00:00,17.3,6.4,0.0,4.24,2025-06-08 17:00:00+02:00
2025-06-08 16:00:00+00:00,17.1,5.9,0.0,5.66,2025-06-08 18:00:00+02:00
2025-06-08 17:00:00+00:00,16.4,8.4,0.0,26.84,2025-06-08 19:00:00+02:00
2025-06-08 18:00:00+00:00,15.4,8.0,0.0,33.69,2025-06-08 20:00:00+02:00
2025-06-08 19:00:00+00:00,14.3,4.5,0.0,37.78,2025-06-08 21:00:00+02:00
2025-06-08 20:00:00+00:00,13.4,3.1,0.0,35.77,2025-06-08 22:00:00+02:00
2025-06-08 21:00:00+00:00,12.1,3.5,0.0,28.52,2025-06-08 23:00:00+02:00
2025-06-08 22:00:00+00:00,11.8,3.1,0.0,4.68,2025-06-09 00:00:00+02:00
2025-06-08 23:00:00+00:00,10.9,2.3,0.0,4.01,2025-06-09 01:00:00+02:00
2025-06-09 00:00:00+00:00,10.7,1.3,0.0,3.82,2025-06-09 02:00:00+02:00
2025-06-09 01:00:00+00:00,10.5,2.6,0.0,3.96,2025-06-09 03:00:00+02:00
2025-06-09 02:00:00+00:00,10.6,3.6,0.0,8.52,2025-06-09 04:00:00+02:00
2025-06-09 03:00:00+00:00,11.2,4.8,0.0,18.24,2025-06-09 05:00:00+02:00
2025-06-09 04:00:00+00:00,11.8,5.8,0.0,43.85,2025-06-09 06:00:00+02:00
2025-06-09 05:00:00+00:00,12.7,5.8,0.0,39.02,2025-06-09 07:00:00+02:00
2025-06-09 06:00:00+00:00,13.5,5.8,0.0,6.53,2025-06-09 08:00:00+02:00
2025-06-09 07:00:00+00:00,14.8,7.1,0.0,4.13,2025-06-09 09:00:00+02:00
2025-06-09 08:00:00+00:00,15.5,9.7,0.0,2.55,2025-06-09 10:00:00+02:00
2025-06-09 09:00:00+00:00,16.3,10.4,0.0,1.97,2025-06-09 11:00:00+02:00
2025-06-09 10:00:00+00:00,17.2,11.7,0.0,0.3,2025-06-09 12:00:00+02:00
2025-06-09 11:00:00+00:00,16.7,13.9,0.6,-2.42,2025-06-09 13:00:00+02:00
2025-06-09 12:00:00+00:00,14.3,1.9,4.7,-2.23,2025-06-09 14:00:00+02:00
2025-06-09 13:00:00+00:00,15.3,10.4,0.2,-0.32,2025-06-09 15:00:00+02:00
2025-06-09 14:00:00+00:00,13.3,8.2,3.4,1.09,2025-06-09 16:00:00+02:00
2025-06-09 15:00:00+00:00,14.6,6.5,0.2,5.26,2025-06-09 17:00:00+02:00
2025-06-09 16:00:00+00:00,15.8,7.7,0.0,34.19,2025-06-09 18:00:00+02:00
2025-06-09 17:00:00+00:00,14.3,14.4,0.0,37.01,2025-06-09 19:00:00+02:00
2025-06-09 18:00:00+00:00,14.0,12.1,0.0,37.75,2025-06-09 20:00:00+02:00
2025-06-09 19:00:00+00:00,13.5,12.7,0.0,38.27,2025-06-09 21:00:00+02:00
2025-06-09 20:00:00+00:00,12.6,10.7,0.0,37.52,2025-06-09 22:00:00+02:00
2025-06-09 21:00:00+00:00,12.1,9.9,0.0,37.37,2025-06-09 23:00:00+02:00
2025-06-09 22:00:00+00:00,11.8,9.8,0.0,36.91,2025-06-10 00:00:00+02:00
2025-06-09 23:00:00+00:00,11.6,10.0,0.0,36.35,2025-06-10 01:00:00+02:00
2025-06-10 00:00:00+00:00,11.2,9.6,0.0,35.03,2025-06-10 02:00:00+02:00
2025-06-10 01:00:00+00:00,10.7,8.4,0.0,31.35,2025-06-10 03:00:00+02:00
2025-06-10 02:00:00+00:00,10.6,8.3,0.0,28.88,2025-06-10 04:00:00+02:00
2025-06-10 03:00:00+00:00,10.9,9.7,0.0,32.63,2025-06-10 05:00:00+02:00
2025-06-10 04:00:00+00:00,11.7,10.8,0.0,39.62,2025-06-10 06:00:00+02:00
2025-06-10 05:00:00+00:00,12.5,9.4,0.0,80.38,2025-06-10 07:00:00+02:00
2025-06-10 06:00:00+00:00,13.5,8.1,0.0,82.56,2025-06-10 08:00:00+02:00
2025-06-10 07:00:00+00:00,14.4,7.9,0.0,69.73,2025-06-10 09:00:00+02:00
2025-06-10 08:00:00+00:00,15.0,6.9,0.0,22.83,2025-06-10 10:00:00+02:00
2025-06-10 09:00:00+00:00,15.7,5.6,0.0,24.4,2025-06-10 11:00:00+02:00
2025-06-10 10:00:00+00:00,17.2,7.5,0.1,17.8,2025-06-10 12:00:00+02:00
2025-06-10 11:00:00+00:00,17.7,9.6,0.0,15.86,2025-06-10 13:00:00+02:00
2025-06-10 12:00:00+00:00,17.2,11.7,0.0,24.73,2025-06-10 14:00:00+02:00
2025-06-10 13:00:00+00:00,16.4,16.5,0.0,31.48,2025-06-10 15:00:00+02:00
2025-06-10 14:00:00+00:00,14.7,14.6,0.1,47.61,2025-06-10 16:00:00+02:00
2025-06-10 15:00:00+00:00,15.2,14.1,0.0,58.46,2025-06-10 17:00:00+02:00
2025-06-10 16:00:00+00:00,15.0,13.8,0.0,71.33,2025-06-10 18:00:00+02:00
2025-06-10 17:00:00+00:00,14.0,13.2,0.0,83.16,2025-06-10 19:00:00+02:00
2025-06-10 18:00:00+00:00,13.5,10.5,0.0,85.67,2025-06-10 20:00:00+02:00
2025-06-10 19:00:00+00:00,12.8,8.8,0.0,91.98,2025-06-10 21:00:00+02:00
2025-06-10 20:00:00+00:00,12.1,7.5,0.0,98.7,2025-06-10 22:00:00+02:00
2025-06-10 21:00:00+00:00,11.6,9.5,0.0,85.96,2025-06-10 23:00:00+02:00
2025-06-10 22:00:00+00:00,11.4,9.7,0.0,46.85,2025-06-11 00:00:00+02:00
2025-06-10 23:00:00+00:00,11.5,10.3,0.0,41.25,2025-06-11 01:00:00+02:00
2025-06-11 00:00:00+00:00,11.5,8.8,0.3,40.17,2025-06-11 02:00:00+02:00
2025-06-11 01:00:00+00:00,11.5,7.6,0.4,38.0,2025-06-11 03:00:00+02:00
2025-06-11 02:00:00+00:00,11.2,8.4,0.4,39.09,2025-06-11 04:00:00+02:00
2025-06-11 03:00:00+00:00,11.1,8.4,0.4,43.78,2025-06-11 05:00:00+02:00
2025-06-11 04:00:00+00:00,11.2,7.2,0.3,67.41,2025-06-11 06:00:00+02:00
2025-06-11 05:00:00+00:00,11.6,6.2,0.1,108.55,2025-06-11 07:00:00+02:00
2025-06-11 06:00:00+00:00,12.2,6.4,0.1,85.63,2025-06-11 08:00:00+02:00
2025-06-11 07:00:00+00:00,12.7,4.0,0.1,65.41,2025-06-11 09:00:00+02:00
2025-06-11 08:00:00+00:00,12.8,2.2,0.6,16.69,2025-06-11 10:00:00+02:00
2025-06-11 09:00:00+00:00,12.0,6.7,2.9,4.95,2025-06-11 11:00:00+02:00
2025-06-11 10:00:00+00:00,11.9,7.5,3.3,2.8,2025-06-11 12:00:00+02:00
2025-06-11 11:00:00+00:00,12.2,6.1,1.9,1.11,2025-06-11 13:00:00+02:00
2025-06-11 12:00:00+00:00,13.3,8.1,0.2,0.45,2025-06-11 14:00:00+02:00
2025-06-11 13:00:00+00:00,14.7,8.4,0.1,0.24,2025-06-11 15:00:00+02:00
2025-06-11 14:00:00+00:00,12.4,16.3,0.8,2.69,2025-06-11 16:00:00+02:00
2025-06-11 15:00:00+00:00,12.7,15.6,0.2,31.8,2025-06-11 17:00:00+02:00
2025-06-11 16:00:00+00:00,12.2,16.0,0.3,44.68,2025-06-11 18:00:00+02:00
2025-06-11 17:00:00+00:00,12.1,15.2,0.0,64.04,2025-06-11 19:00:00+02:00
2025-06-11 18:00:00+00:00,11.6,16.6,0.1,102.31,2025-06-11 20:00:00+02:00
2025-06-11 19:00:00+00:00,11.0,16.1,0.0,86.75,2025-06-11 21:00:00+02:00
2025-06-11 20:00:00+00:00,10.8,15.5,0.0,57.35,2025-06-11 22:00:00+02:00
2025-06-11 21:00:00+00:00,10.9,14.6,0.1,39.27,2025-06-11 23:00:00+02:00
2025-06-11 22:00:00+00:00,11.0,14.6,0.0,45.54,2025-06-12 00:00:00+02:00
2025-06-11 23:00:00+00:00,11.1,14.0,0.0,39.65,2025-06-12 01:00:00+02:00
2025-06-12 00:00:00+00:00,10.4,15.9,0.0,37.97,2025-06-12 02:00:00+02:00
2025-06-12 01:00:00+00:00,9.6,15.7,0.0,36.91,2025-06-12 03:00:00+02:00
2025-06-12 02:00:00+00:00,9.1,16.2,0.0,27.74,2025-06-12 04:00:00+02:00
2025-06-12 03:00:00+00:00,9.1,16.4,0.0,35.67,2025-06-12 05:00:00+02:00
2025-06-12 04:00:00+00:00,9.5,14.7,0.0,52.44,2025-06-12 06:00:00+02:00
2025-06-12 05:00:00+00:00,10.4,19.0,0.0,52.16,2025-06-12 07:00:00+02:00
2025-06-12 06:00:00+00:00,11.3,24.4,0.0,40.09,2025-06-12 08:00:00+02:00
2025-06-12 07:00:00+00:00,12.3,24.8,0.0,18.95,2025-06-12 09:00:00+02:00
2025-06-12 08:00:00+00:00,13.1,23.9,0.0,2.18,2025-06-12 10:00:00+02:00
2025-06-12 09:00:00+00:00,14.2,23.8,0.0,0.41,2025-06-12 11:00:00+02:00
2025-06-12 10:00:00+00:00,15.0,22.2,0.0,0.0,2025-06-12 12:00:00+02:00
2025-06-12 11:00:00+00:00,15.5,21.3,0.0,0.76,2025-06-12 13:00:00+02:00
2025-06-12 12:00:00+00:00,15.6,17.9,0.0,1.15,2025-06-12 14:00:00+02:00
2025-06-12 13:00:00+00:00,16.0,18.4,0.0,2.21,2025-06-12 15:00:00+02:00
2025-06-12 14:00:00+00:00,16.0,18.0,0.0,4.09,2025-06-12 16:00:00+02:00
2025-06-12 15:00:00+00:00,15.9,17.3,0.0,7.46,2025-06-12 17:00:00+02:00
2025-06-12 16:00:00+00:00,15.6,16.2,0.0,42.13,2025-06-12 18:00:00+02:00
2025-06-12 17:00:00+00:00,15.2,15.3,0.0,59.93,2025-06-12 19:00:00+02:00
2025-06-12 18:00:00+00:00,14.6,11.9,0.0,66.53,2025-06-12 20:00:00+02:00
2025-06-12 19:00:00+00:00,13.4,9.0,0.0,56.18,2025-06-12 21:00:00+02:00
2025-06-12 20:00:00+00:00,12.2,8.3,0.0,51.77,2025-06-12 22:00:00+02:00
2025-06-12 21:00:00+00:00,11.6,8.6,0.0,43.36,2025-06-12 23:00:00+02:00
2025-06-12 22:00:00+00:00,11.0,9.0,0.0,36.02,2025-06-13 00:00:00+02:00
2025-06-12 23:00:00+00:00,10.5,9.3,0.0,28.35,2025-06-13 01:00:00+02:00
2025-06-13 00:00:00+00:00,10.0,8.9,0.0,29.38,2025-06-13 02:00:00+02:00
2025-06-13 01:00:00+00:00,8.0,7.2,0.0,31.2,2025-06-13 03:00:00+02:00
2025-06-13 02:00:00+00:00,7.8,7.3,0.0,31.55,2025-06-13 04:00:00+02:00
2025-06-13 03:00:00+00:00,8.0,7.8,0.0,35.97,2025-06-13 05:00:00+02:00
2025-06-13 04:00:00+00:00,8.7,7.1,0.0,41.89,2025-06-13 06:00:00+02:00
2025-06-13 05:00:00+00:00,10.2,7.2,0.0,43.2,2025-06-13 07:00:00+02:00
2025-06-13 06:00:00+00:00,12.0,7.0,0.0,39.13,2025-06-13 08:00:00+02:00
2025-06-13 07:00:00+00:00,14.0,7.1,0.0,21.79,2025-06-13 09:00:00+02:00
2025-06-13 08:00:00+00:00,15.8,8.5,0.0,4.2,2025-06-13 10:00:00+02:00
2025-06-13 09:00:00+00:00,17.1,9.0,0.0,0.69,2025-06-13 11:00:00+02:00
2025-06-13 10:00:00+00:00,18.0,9.5,0.0,0.09,2025-06-13 12:00:00+02:00
2025-06-13 11:00:00+00:00,18.6,8.0,0.0,-0.1,2025-06-13 13:00:00+02:00
2025-06-13 12:00:00+00:00,19.1,6.8,0.0,-0.05,2025-06-13 14:00:00+02:00
2025-06-13 13:00:00+00:00,20.0,3.9,0.0,0.5,2025-06-13 15:00:00+02:00
2025-06-13 14:00:00+00:00,20.2,2.9,0.0,2.3,2025-06-13 16:00:00+02:00
2025-06-13 15:00:00+00:00,20.4,3.2,0.0,17.9,2025-06-13 17:00:00+02:00
2025-06-13 16:00:00+00:00,20.3,2.2,0.0,38.36,2025-06-13 18:00:00+02:00
2025-06-13 17:00:00+00:00,19.7,1.9,0.0,48.82,2025-06-13 19:00:00+02:00
2025-06-13 18:00:00+00:00,18.3,6.0,0.0,52.22,2025-06-13 20:00:00+02:00
2025-06-13 19:00:00+00:00,15.9,9.5,0.0,44.94,2025-06-13 21:00:00+02:00
2025-06-13 20:00:00+00:00,13.8,8.1,0.0,37.15,2025-06-13 22:00:00+02:00
2025-06-13 21:00:00+00:00,12.7,7.6,0.0,33.73,2025-06-13 23:00:00+02:00
2025-06-13 22:00:00+00:00,11.9,7.4,0.0,35.11,2025-06-14 00:00:00+02:00
2025-06-13 23:00:00+00:00,11.5,6.9,0.0,20.5,2025-06-14 01:00:00+02:00
2025-06-14 00:00:00+00:00,11.3,6.6,0.0,4.85,2025-06-14 02:00:00+02:00
2025-06-14 01:00:00+00:00,10.5,7.1,0.0,4.94,2025-06-14 03:00:00+02:00
2025-06-14 02:00:00+00:00,10.4,6.9,0.0,2.58,2025-06-14 04:00:00+02:00
2025-06-14 03:00:00+00:00,11.1,7.4,0.0,2.11,2025-06-14 05:00:00+02:00
2025-06-14 04:00:00+00:00,12.1,7.9,0.0,3.53,2025-06-14 06:00:00+02:00
2025-06-14 05:00:00+00:00,13.9,5.5,0.0,4.78,2025-06-14 07:00:00+02:00
2025-06-14 06:00:00+00:00,16.1,4.6,0.0,4.27,2025-06-14 08:00:00+02:00
2025-06-14 07:00:00+00:00,18.2,5.0,0.0,0.91,2025-06-14 09:00:00+02:00
2025-06-14 08:00:00+00:00,20.3,6.3,0.0,-0.73,2025-06-14 10:00:00+02:00
2025-06-14 09:00:00+00:00,21.7,7.6,0.0,-5.2,2025-06-14 11:00:00+02:00
2025-06-14 10:00:00+00:00,22.7,8.9,0.0,-14.91,2025-06-14 12:00:00+02:00
2025-06-14 11:00:00+00:00,23.3,8.7,0.0,-20.06,2025-06-14 13:00:00+02:00
2025-06-14 12:00:00+00:00,23.7,9.8,0.0,-21.87,2025-06-14 14:00:00+02:00
2025-06-14 13:00:00+00:00,24.3,11.6,0.0,-3.44,2025-06-14 15:00:00+02:00
2025-06-14 14:00:00+00:00,23.7,12.3,0.0,0.0,2025-06-14 16:00:00+02:00
2025-06-14 15:00:00+00:00,22.9,12.3,0.0,3.47,2025-06-14 17:00:00+02:00
2025-06-14 16:00:00+00:00,22.2,11.9,0.0,29.02,2025-06-14 18:00:00+02:00
2025-06-14 17:00:00+00:00,20.5,12.9,0.0,25.71,2025-06-14 19:00:00+02:00
2025-06-14 18:00:00+00:00,18.6,13.2,0.0,56.76,2025-06-14 20:00:00+02:00
2025-06-14 19:00:00+00:00,17.0,12.9,0.0,54.4,2025-06-14 21:00:00+02:00
2025-06-14 20:00:00+00:00,15.8,11.4,0.0,53.06,2025-06-14 22:00:00+02:00
2025-06-14 21:00:00+00:00,15.0,11.4,0.0,44.74,2025-06-14 23:00:00+02:00
2025-06-14 22:00:00+00:00,14.5,11.6,0.0,39.96,2025-06-15 00:00:00+02:00
2025-06-14 23:00:00+00:00,14.0,10.4,0.0,38.16,2025-06-15 01:00:00+02:00
2025-06-15 00:00:00+00:00,13.7,9.8,0.0,38.01,2025-06-15 02:00:00+02:00
2025-06-15 01:00:00+00:00,13.0,10.0,0.0,37.49,2025-06-15 03:00:00+02:00
2025-06-15 02:00:00+00:00,12.6,9.4,0.0,36.14,2025-06-15 04:00:00+02:00
2025-06-15 03:00:00+00:00,12.8,9.7,0.0,35.2,2025-06-15 05:00:00+02:00
2025-06-15 04:00:00+00:00,13.7,8.9,0.0,30.25,2025-06-15 06:00:00+02:00
2025-06-15 05:00:00+00:00,15.4,5.7,0.0,5.15,2025-06-15 07:00:00+02:00
2025-06-15 06:00:00+00:00,18.0,4.8,0.0,5.16,2025-06-15 08:00:00+02:00
2025-06-15 07:00:00+00:00,20.4,4.7,0.0,4.5,2025-06-15 09:00:00+02:00
2025-06-15 08:00:00+00:00,22.7,5.4,0.0,0.94,2025-06-15 10:00:00+02:00
2025-06-15 09:00:00+00:00,24.4,6.4,0.0,-0.02,2025-06-15 11:00:00+02:00
2025-06-15 10:00:00+00:00,25.2,8.4,0.0,-1.26,2025-06-15 12:00:00+02:00
2025-06-15 11:00:00+00:00,26.4,10.6,0.0,-5.8,2025-06-15 13:00:00+02:00
2025-06-15 12:00:00+00:00,26.6,11.7,0.0,-3.46,2025-06-15 14:00:00+02:00
2025-06-15 13:00:00+00:00,27.3,13.0,0.0,-0.55,2025-06-15 15:00:00+02:00
2025-06-15 14:00:00+00:00,26.3,14.2,0.0,2.28,2025-06-15 16:00:00+02:00
2025-06-15 15:00:00+00:00,25.5,12.6,0.0,28.0,2025-06-15 17:00:00+02:00
2025-06-15 16:00:00+00:00,24.6,11.9,0.0,47.21,2025-06-15 18:00:00+02:00
2025-06-15 17:00:00+00:00,22.9,10.6,0.0,54.44,2025-06-15 19:00:00+02:00
2025-06-15 18:00:00+00:00,21.8,9.3,0.0,58.28,2025-06-15 20:00:00+02:00
2025-06-15 19:00:00+00:00,20.7,9.9,0.0,67.17,2025-06-15 21:00:00+02:00
2025-06-15 20:00:00+00:00,19.4,10.1,0.0,63.52,2025-06-15 22:00:00+02:00
2025-06-15 21:00:00+00:00,18.3,9.3,0.0,52.56,2025-06-15 23:00:00+02:00
2025-06-15 22:00:00+00:00,17.4,9.1,0.0,40.42,2025-06-16 00:00:00+02:00
2025-06-15 23:00:00+00:00,17.0,8.5,0.0,38.55,2025-06-16 01:00:00+02:00
2025-06-16 00:00:00+00:00,17.3,8.3,0.0,36.88,2025-06-16 02:00:00+02:00
2025-06-16 01:00:00+00:00,16.5,8.5,0.0,37.71,2025-06-16 03:00:00+02:00
2025-06-16 02:00:00+00:00,16.9,8.1,0.0,36.63,2025-06-16 04:00:00+02:00
2025-06-16 03:00:00+00:00,17.5,8.7,0.0,36.7,2025-06-16 05:00:00+02:00
2025-06-16 04:00:00+00:00,18.7,8.9,0.0,39.33,2025-06-16 06:00:00+02:00
2025-06-16 05:00:00+00:00,19.5,8.4,0.0,49.93,2025-06-16 07:00:00+02:00
2025-06-16 06:00:00+00:00,19.8,11.1,0.0,43.53,2025-06-16 08:00:00+02:00
2025-06-16 07:00:00+00:00,19.2,11.8,0.0,36.86,2025-06-16 09:00:00+02:00
2025-06-16 08:00:00+00:00,19.6,14.8,0.0,32.74,2025-06-16 10:00:00+02:00
2025-06-16 09:00:00+00:00,19.7,14.1,0.1,9.7,2025-06-16 11:00:00+02:00
2025-06-16 10:00:00+00:00,19.5,11.4,0.0,3.92,2025-06-16 12:00:00+02:00
2025-06-16 11:00:00+00:00,20.2,11.5,0.0,1.69,2025-06-16 13:00:00+02:00
2025-06-16 12:00:00+00:00,20.5,12.6,0.0,2.24,2025-06-16 14:00:00+02:00
2025-06-16 13:00:00+00:00,20.8,14.8,0.0,4.08,2025-06-16 15:00:00+02:00
2025-06-16 14:00:00+00:00,22.0,15.9,0.0,7.7,2025-06-16 16:00:00+02:00
2025-06-16 15:00:00+00:00,21.8,16.3,0.0,29.43,2025-06-16 17:00:00+02:00
2025-06-16 16:00:00+00:00,21.7,17.3,0.0,35.15,2025-06-16 18:00:00+02:00
2025-06-16 17:00:00+00:00,20.9,15.8,0.0,36.13,2025-06-16 19:00:00+02:00
2025-06-16 18:00:00+00:00,20.1,17.2,0.0,37.28,2025-06-16 20:00:00+02:00
2025-06-16 19:00:00+00:00,19.1,14.1,0.0,38.67,2025-06-16 21:00:00+02:00
2025-06-16 20:00:00+00:00,18.4,11.2,0.0,38.13,2025-06-16 22:00:00+02:00
2025-06-16 21:00:00+00:00,17.9,9.3,0.1,34.37,2025-06-16 23:00:00+02:00
2025-06-16 22:00:00+00:00,17.7,13.7,0.0,28.32,2025-06-17 00:00:00+02:00
2025-06-16 23:00:00+00:00,16.3,14.9,0.0,28.89,2025-06-17 01:00:00+02:00
2025-06-17 00:00:00+00:00,15.2,12.1,0.0,25.45,2025-06-17 02:00:00+02:00
2025-06-17 01:00:00+00:00,14.2,6.9,0.0,23.61,2025-06-17 03:00:00+02:00
2025-06-17 02:00:00+00:00,13.8,6.9,0.0,23.12,2025-06-17 04:00:00+02:00
2025-06-17 03:00:00+00:00,14.1,7.5,0.0,27.73,2025-06-17 05:00:00+02:00
2025-06-17 04:00:00+00:00,15.0,6.4,0.0,33.55,2025-06-17 06:00:00+02:00
2025-06-17 05:00:00+00:00,16.3,7.3,0.0,38.19,2025-06-17 07:00:00+02:00
2025-06-17 06:00:00+00:00,17.3,7.1,0.0,38.47,2025-06-17 08:00:00+02:00
2025-06-17 07:00:00+00:00,18.3,7.0,0.0,36.08,2025-06-17 09:00:00+02:00
2025-06-17 08:00:00+00:00,19.3,6.4,0.0,4.28,2025-06-17 10:00:00+02:00
2025-06-17 09:00:00+00:00,20.2,6.8,0.0,1.55,2025-06-17 11:00:00+02:00
2025-06-17 10:00:00+00:00,21.2,8.3,0.0,0.34,2025-06-17 12:00:00+02:00
2025-06-17 11:00:00+00:00,21.7,11.2,0.0,-0.87,2025-06-17 13:00:00+02:00
2025-06-17 12:00:00+00:00,21.5,12.2,0.0,0.38,2025-06-17 14:00:00+02:00
2025-06-17 13:00:00+00:00,21.6,11.7,0.0,1.31,2025-06-17 15:00:00+02:00
2025-06-17 14:00:00+00:00,22.4,17.8,0.0,4.62,2025-06-17 16:00:00+02:00
2025-06-17 15:00:00+00:00,21.6,22.1,0.0,23.94,2025-06-17 17:00:00+02:00
2025-06-17 16:00:00+00:00,19.3,15.5,0.0,34.02,2025-06-17 18:00:00+02:00
2025-06-17 17:00:00+00:00,20.5,18.2,0.0,37.92,2025-06-17 19:00:00+02:00
2025-06-17 18:00:00+00:00,19.8,19.7,0.0,42.65,2025-06-17 20:00:00+02:00
2025-06-17 19:00:00+00:00,18.4,19.7,0.0,43.01,2025-06-17 21:00:00+02:00
2025-06-17 20:00:00+00:00,17.6,17.4,0.0,25.75,2025-06-17 22:00:00+02:00
2025-06-17 21:00:00+00:00,16.8,15.7,0.0,36.25,2025-06-17 23:00:00+02:00
2025-06-17 22:00:00+00:00,16.4,15.9,0.0,38.94,2025-06-18 00:00:00+02:00
2025-06-17 23:00:00+00:00,16.2,16.1,0.0,34.1,2025-06-18 01:00:00+02:00
2025-06-18 00:00:00+00:00,16.2,15.6,0.0,14.24,2025-06-18 02:00:00+02:00
2025-06-18 01:00:00+00:00,15.5,15.4,0.0,24.73,2025-06-18 03:00:00+02:00
2025-06-18 02:00:00+00:00,15.3,14.8,0.0,35.84,2025-06-18 04:00:00+02:00
2025-06-18 03:00:00+00:00,15.5,14.6,0.0,37.04,2025-06-18 05:00:00+02:00
2025-06-18 04:00:00+00:00,16.2,16.2,0.0,40.16,2025-06-18 06:00:00+02:00
2025-06-18 05:00:00+00:00,16.3,16.1,0.0,40.91,2025-06-18 07:00:00+02:00
2025-06-18 06:00:00+00:00,16.7,15.5,0.0,39.12,2025-06-18 08:00:00+02:00
2025-06-18 07:00:00+00:00,17.4,15.3,0.0,36.78,2025-06-18 09:00:00+02:00
2025-06-18 08:00:00+00:00,17.8,16.2,0.0,13.5,2025-06-18 10:00:00+02:00
2025-06-18 09:00:00+00:00,18.5,17.9,0.0,1.61,2025-06-18 11:00:00+02:00
2025-06-18 10:00:00+00:00,18.8,17.0,0.1,0.29,2025-06-18 12:00:00+02:00
2025-06-18 11:00:00+00:00,19.2,16.5,0.1,0.17,2025-06-18 13:00:00+02:00
2025-06-18 12:00:00+00:00,19.8,15.9,0.0,0.14,2025-06-18 14:00:00+02:00
2025-06-18 13:00:00+00:00,20.1,15.7,0.0,0.09,2025-06-18 15:00:00+02:00
2025-06-18 14:00:00+00:00,20.4,17.0,0.0,2.36,2025-06-18 16:00:00+02:00
2025-06-18 15:00:00+00:00,20.4,17.5,0.0,30.59,2025-06-18 17:00:00+02:00
2025-06-18 16:00:00+00:00,19.4,16.9,0.1,35.76,2025-06-18 18:00:00+02:00
2025-06-18 17:00:00+00:00,18.3,10.7,0.0,36.98,2025-06-18 19:00:00+02:00
2025-06-18 18:00:00+00:00,16.6,16.3,0.6,41.31,2025-06-18 20:00:00+02:00
2025-06-18 19:00:00+00:00,16.0,8.2,0.0,41.37,2025-06-18 21:00:00+02:00
2025-06-18 20:00:00+00:00,15.6,8.3,0.0,40.13,2025-06-18 22:00:00+02:00
2025-06-18 21:00:00+00:00,15.3,6.7,0.0,36.79,2025-06-18 23:00:00+02:00
2025-06-18 22:00:00+00:00,14.7,5.8,0.0,34.94,2025-06-19 00:00:00+02:00
2025-06-18 23:00:00+00:00,14.4,6.3,0.0,33.48,2025-06-19 01:00:00+02:00
2025-06-19 00:00:00+00:00,14.2,10.5,0.0,32.04,2025-06-19 02:00:00+02:00
2025-06-19 01:00:00+00:00,13.4,12.7,0.4,9.69,2025-06-19 03:00:00+02:00
2025-06-19 02:00:00+00:00,12.6,10.7,0.2,2.27,2025-06-19 04:00:00+02:00
2025-06-19 03:00:00+00:00,12.5,9.3,0.2,13.88,2025-06-19 05:00:00+02:00
2025-06-19 04:00:00+00:00,12.1,12.9,0.1,31.74,2025-06-19 06:00:00+02:00
2025-06-19 05:00:00+00:00,12.3,15.2,0.1,31.54,2025-06-19 07:00:00+02:00
2025-06-19 06:00:00+00:00,13.1,14.3,0.0,22.57,2025-06-19 08:00:00+02:00
2025-06-19 07:00:00+00:00,14.1,12.8,0.0,2.65,2025-06-19 09:00:00+02:00
2025-06-19 08:00:00+00:00,15.8,16.2,0.1,0.01,2025-06-19 10:00:00+02:00
2025-06-19 09:00:00+00:00,16.5,18.3,0.0,-1.06,2025-06-19 11:00:00+02:00
2025-06-19 10:00:00+00:00,17.2,20.2,0.1,-2.52,2025-06-19 12:00:00+02:00
2025-06-19 11:00:00+00:00,17.6,20.4,0.1,-2.75,2025-06-19 13:00:00+02:00
2025-06-19 12:00:00+00:00,17.9,20.7,0.0,-3.19,2025-06-19 14:00:00+02:00
2025-06-19 13:00:00+00:00,18.0,19.4,0.0,-3.19,2025-06-19 15:00:00+02:00
2025-06-19 14:00:00+00:00,16.9,17.1,0.0,-2.56,2025-06-19 16:00:00+02:00
2025-06-19 15:00:00+00:00,17.7,16.6,0.0,0.42,2025-06-19 17:00:00+02:00
2025-06-19 16:00:00+00:00,17.7,15.5,0.0,29.32,2025-06-19 18:00:00+02:00
2025-06-19 17:00:00+00:00,17.5,15.2,0.0,34.14,2025-06-19 19:00:00+02:00
2025-06-19 18:00:00+00:00,17.1,14.3,0.0,39.92,2025-06-19 20:00:00+02:00
2025-06-19 19:00:00+00:00,16.3,10.7,0.0,42.43,2025-06-19 21:00:00+02:00
2025-06-19 20:00:00+00:00,15.2,10.2,0.0,40.93,2025-06-19 22:00:00+02:00
2025-06-19 21:00:00+00:00,14.5,11.2,0.0,39.08,2025-06-19 23:00:00+02:00
2025-06-19 22:00:00+00:00,14.1,12.6,0.0,36.03,2025-06-20 00:00:00+02:00
2025-06-19 23:00:00+00:00,13.7,13.5,0.0,34.81,2025-06-20 01:00:00+02:00
2025-06-20 00:00:00+00:00,13.2,13.8,0.0,34.13,2025-06-20 02:00:00+02:00
2025-06-20 01:00:00+00:00,11.9,13.6,0.0,35.43,2025-06-20 03:00:00+02:00
2025-06-20 02:00:00+00:00,11.5,14.1,0.0,22.13,2025-06-20 04:00:00+02:00
2025-06-20 03:00:00+00:00,11.7,14.1,0.0,36.83,2025-06-20 05:00:00+02:00
2025-06-20 04:00:00+00:00,12.2,12.6,0.0,36.64,2025-06-20 06:00:00+02:00
2025-06-20 05:00:00+00:00,13.1,14.5,0.0,7.9,2025-06-20 07:00:00+02:00
2025-06-20 06:00:00+00:00,14.1,15.1,0.0,7.85,2025-06-20 08:00:00+02:00
2025-06-20 07:00:00+00:00,15.2,14.5,0.0,7.14,2025-06-20 09:00:00+02:00
2025-06-20 08:00:00+00:00,16.5,16.3,0.0,5.48,2025-06-20 10:00:00+02:00
2025-06-20 09:00:00+00:00,17.8,18.0,0.0,1.54,2025-06-20 11:00:00+02:00
2025-06-20 10:00:00+00:00,17.9,17.5,0.0,-1.92,2025-06-20 12:00:00+02:00
2025-06-20 11:00:00+00:00,17.7,17.2,0.0,-2.89,2025-06-20 13:00:00+02:00
2025-06-20 12:00:00+00:00,18.4,16.8,0.0,-2.16,2025-06-20 14:00:00+02:00
2025-06-20 13:00:00+00:00,18.2,11.4,0.0,1.36,2025-06-20 15:00:00+02:00
2025-06-20 14:00:00+00:00,19.2,11.5,0.0,8.33,2025-06-20 16:00:00+02:00
2025-06-20 15:00:00+00:00,19.2,12.0,0.0,9.87,2025-06-20 17:00:00+02:00
2025-06-20 16:00:00+00:00,18.7,9.9,0.0,36.98,2025-06-20 18:00:00+02:00
2025-06-20 17:00:00+00:00,18.9,10.6,0.0,38.43,2025-06-20 19:00:00+02:00
2025-06-20 18:00:00+00:00,18.3,6.7,0.0,47.33,2025-06-20 20:00:00+02:00
2025-06-20 19:00:00+00:00,17.6,3.9,0.0,42.75,2025-06-20 21:00:00+02:00
2025-06-20 20:00:00+00:00,16.7,6.5,0.0,39.66,2025-06-20 22:00:00+02:00
2025-06-20 21:00:00+00:00,15.8,10.4,0.0,12.12,2025-06-20 23:00:00+02:00
2025-06-20 22:00:00+00:00,14.7,11.8,0.0,4.06,2025-06-21 00:00:00+02:00
2025-06-20 23:00:00+00:00,14.1,11.7,0.0,3.78,2025-06-21 01:00:00+02:00
2025-06-21 00:00:00+00:00,13.7,11.4,0.0,3.27,2025-06-21 02:00:00+02:00
2025-06-21 01:00:00+00:00,13.3,11.8,0.0,5.62,2025-06-21 03:00:00+02:00
2025-06-21 02:00:00+00:00,13.3,12.4,0.0,1.29,2025-06-21 04:00:00+02:00
2025-06-21 03:00:00+00:00,13.2,14.7,0.0,1.21,2025-06-21 05:00:00+02:00
2025-06-21 04:00:00+00:00,13.6,13.5,0.0,1.21,2025-06-21 06:00:00+02:00
2025-06-21 05:00:00+00:00,14.4,13.8,0.0,0.95,2025-06-21 07:00:00+02:00
2025-06-21 06:00:00+00:00,16.5,17.3,0.0,0.73,2025-06-21 08:00:00+02:00
2025-06-21 07:00:00+00:00,17.7,18.5,0.0,-0.22,2025-06-21 09:00:00+02:00
2025-06-21 08:00:00+00:00,19.0,16.7,0.0,-0.92,2025-06-21 10:00:00+02:00
2025-06-21 09:00:00+00:00,19.9,16.5,0.0,-2.06,2025-06-21 11:00:00+02:00
2025-06-21 10:00:00+00:00,20.6,18.3,0.0,-14.07,2025-06-21 12:00:00+02:00
2025-06-21 11:00:00+00:00,21.2,19.6,0.0,-23.95,2025-06-21 13:00:00+02:00
2025-06-21 12:00:00+00:00,21.0,22.0,0.0,-25.05,2025-06-21 14:00:00+02:00
2025-06-21 13:00:00+00:00,20.9,23.0,0.0,-4.39,2025-06-21 15:00:00+02:00
2025-06-21 14:00:00+00:00,20.7,23.1,0.0,0.02,2025-06-21 16:00:00+02:00
2025-06-21 15:00:00+00:00,20.0,22.6,0.0,6.3,2025-06-21 17:00:00+02:00
2025-06-21 16:00:00+00:00,19.6,22.7,0.0,9.47,2025-06-21 18:00:00+02:00
2025-06-21 17:00:00+00:00,18.9,21.5,0.0,38.18,2025-06-21 19:00:00+02:00
2025-06-21 18:00:00+00:00,18.0,20.3,0.0,40.78,2025-06-21 20:00:00+02:00
2025-06-21 19:00:00+00:00,15.6,17.4,0.0,54.47,2025-06-21 21:00:00+02:00
2025-06-21 20:00:00+00:00,13.9,15.8,0.0,71.6,2025-06-21 22:00:00+02:00
2025-06-21 21:00:00+00:00,13.0,15.7,0.0,43.53,2025-06-21 23:00:00+02:00
2025-06-21 22:00:00+00:00,12.0,15.2,0.0,35.49,2025-06-22 00:00:00+02:00
2025-06-21 23:00:00+00:00,11.3,14.2,0.0,19.94,2025-06-22 01:00:00+02:00
2025-06-22 00:00:00+00:00,10.9,12.9,0.0,14.49,2025-06-22 02:00:00+02:00
2025-06-22 01:00:00+00:00,10.0,11.9,0.0,6.79,2025-06-22 03:00:00+02:00
2025-06-22 02:00:00+00:00,9.8,11.3,0.0,8.33,2025-06-22 04:00:00+02:00
2025-06-22 03:00:00+00:00,10.0,9.0,0.0,9.37,2025-06-22 05:00:00+02:00
2025-06-22 04:00:00+00:00,10.9,9.8,0.0,9.68,2025-06-22 06:00:00+02:00
2025-06-22 05:00:00+00:00,12.2,11.2,0.0,7.69,2025-06-22 07:00:00+02:00
2025-06-22 06:00:00+00:00,13.6,11.4,0.0,3.36,2025-06-22 08:00:00+02:00
2025-06-22 07:00:00+00:00,15.1,9.6,0.0,-0.08,2025-06-22 09:00:00+02:00
2025-06-22 08:00:00+00:00,16.3,6.7,0.0,-3.59,2025-06-22 10:00:00+02:00
2025-06-22 09:00:00+00:00,17.8,6.8,0.0,-6.38,2025-06-22 11:00:00+02:00
2025-06-22 10:00:00+00:00,18.9,5.8,0.0,-6.05,2025-06-22 12:00:00+02:00
2025-06-22 11:00:00+00:00,20.2,3.1,0.0,-5.86,2025-06-22 13:00:00+02:00
2025-06-22 12:00:00+00:00,21.0,2.1,0.0,-9.58,2025-06-22 14:00:00+02:00
2025-06-22 13:00:00+00:00,21.5,11.3,0.0,-6.6,2025-06-22 15:00:00+02:00
2025-06-22 14:00:00+00:00,19.4,15.9,0.0,-1.42,2025-06-22 16:00:00+02:00
2025-06-22 15:00:00+00:00,18.9,13.8,0.0,5.72,2025-06-22 17:00:00+02:00
2025-06-22 16:00:00+00:00,18.0,16.1,0.0,23.08,2025-06-22 18:00:00+02:00
2025-06-22 17:00:00+00:00,17.0,14.3,0.0,34.31,2025-06-22 19:00:00+02:00
2025-06-22 18:00:00+00:00,16.0,13.3,0.0,36.09,2025-06-22 20:00:00+02:00
2025-06-22 19:00:00+00:00,15.0,12.7,0.0,36.45,2025-06-22 21:00:00+02:00
2025-06-22 20:00:00+00:00,14.2,12.1,0.0,6.62,2025-06-22 22:00:00+02:00
2025-06-22 21:00:00+00:00,13.4,11.2,0.0,4.53,2025-06-22 23:00:00+02:00
2025-06-22 22:00:00+00:00,13.6,11.1,0.0,4.07,2025-06-23 00:00:00+02:00
2025-06-22 23:00:00+00:00,13.7,15.5,0.2,1.78,2025-06-23 01:00:00+02:00
2025-06-23 00:00:00+00:00,13.1,15.3,0.6,1.59,2025-06-23 02:00:00+02:00
2025-06-23 01:00:00+00:00,13.1,14.2,0.1,0.16,2025-06-23 03:00:00+02:00
2025-06-23 02:00:00+00:00,12.7,16.7,0.6,0.01,2025-06-23 04:00:00+02:00
2025-06-23 03:00:00+00:00,12.9,16.0,0.0,1.8,2025-06-23 05:00:00+02:00
2025-06-23 04:00:00+00:00,13.2,14.8,0.0,25.61,2025-06-23 06:00:00+02:00
2025-06-23 05:00:00+00:00,13.4,17.7,0.2,27.44,2025-06-23 07:00:00+02:00
2025-06-23 06:00:00+00:00,13.2,19.9,0.5,27.49,2025-06-23 08:00:00+02:00
2025-06-23 07:00:00+00:00,12.6,18.8,0.8,8.97,2025-06-23 09:00:00+02:00
2025-06-23 08:00:00+00:00,13.5,20.3,0.2,3.34,2025-06-23 10:00:00+02:00
2025-06-23 09:00:00+00:00,14.8,24.9,0.0,2.19,2025-06-23 11:00:00+02:00
2025-06-23 10:00:00+00:00,15.8,23.1,0.1,0.95,2025-06-23 12:00:00+02:00
2025-06-23 11:00:00+00:00,16.1,19.9,0.0,-0.45,2025-06-23 13:00:00+02:00
2025-06-23 12:00:00+00:00,16.5,19.7,0.0,0.32,2025-06-23 14:00:00+02:00
2025-06-23 13:00:00+00:00,15.6,17.6,0.0,0.47,2025-06-23 15:00:00+02:00
2025-06-23 14:00:00+00:00,15.8,16.3,0.0,0.79,2025-06-23 16:00:00+02:00
2025-06-23 15:00:00+00:00,16.5,14.6,0.0,1.36,2025-06-23 17:00:00+02:00
2025-06-23 16:00:00+00:00,16.6,12.4,0.0,3.0,2025-06-23 18:00:00+02:00
2025-06-23 17:00:00+00:00,16.1,10.5,0.0,6.62,2025-06-23 19:00:00+02:00
2025-06-23 18:00:00+00:00,16.1,4.0,0.0,27.99,2025-06-23 20:00:00+02:00
2025-06-23 19:00:00+00:00,15.8,6.0,0.0,26.99,2025-06-23 21:00:00+02:00
2025-06-23 20:00:00+00:00,14.4,9.2,2.3,8.08,2025-06-23 22:00:00+02:00
2025-06-23 21:00:00+00:00,14.1,8.1,1.6,2.63,2025-06-23 23:00:00+02:00
2025-06-23 22:00:00+00:00,14.0,10.8,4.1,2.95,2025-06-24 00:00:00+02:00
2025-06-23 23:00:00+00:00,14.0,21.1,0.7,1.74,2025-06-24 01:00:00+02:00
2025-06-24 00:00:00+00:00,13.3,20.9,0.0,0.86,2025-06-24 02:00:00+02:00
2025-06-24 01:00:00+00:00,12.6,24.3,1.8,0.12,2025-06-24 03:00:00+02:00
2025-06-24 02:00:00+00:00,12.4,21.1,0.7,0.0,2025-06-24 04:00:00+02:00
2025-06-24 03:00:00+00:00,12.0,18.7,3.0,2.75,2025-06-24 05:00:00+02:00
2025-06-24 04:00:00+00:00,12.3,19.4,0.6,4.3,2025-06-24 06:00:00+02:00
2025-06-24 05:00:00+00:00,12.5,23.2,0.2,6.99,2025-06-24 07:00:00+02:00
2025-06-24 06:00:00+00:00,12.7,21.5,0.4,12.45,2025-06-24 08:00:00+02:00
2025-06-24 07:00:00+00:00,12.7,18.7,0.3,2.24,2025-06-24 09:00:00+02:00
2025-06-24 08:00:00+00:00,12.8,22.8,0.6,0.07,2025-06-24 10:00:00+02:00
2025-06-24 09:00:00+00:00,12.8,19.2,0.4,-0.2,2025-06-24 11:00:00+02:00
2025-06-24 10:00:00+00:00,13.3,22.3,0.5,-1.84,2025-06-24 12:00:00+02:00
2025-06-24 11:00:00+00:00,13.3,22.5,0.8,-1.43,2025-06-24 13:00:00+02:00
2025-06-24 12:00:00+00:00,14.0,17.2,0.3,-1.33,2025-06-24 14:00:00+02:00
2025-06-24 13:00:00+00:00,14.8,18.7,0.2,-0.92,2025-06-24 15:00:00+02:00
2025-06-24 14:00:00+00:00,15.2,18.4,0.1,1.52,2025-06-24 16:00:00+02:00
2025-06-24 15:00:00+00:00,15.4,19.0,0.5,3.75,2025-06-24 17:00:00+02:00
2025-06-24 16:00:00+00:00,15.3,18.0,0.2,10.01,2025-06-24 18:00:00+02:00
2025-06-24 17:00:00+00:00,14.9,15.8,0.1,12.29,2025-06-24 19:00:00+02:00
2025-06-24 18:00:00+00:00,14.9,14.3,0.2,15.38,2025-06-24 20:00:00+02:00
2025-06-24 19:00:00+00:00,14.5,13.4,0.0,5.6,2025-06-24 21:00:00+02:00
2025-06-24 20:00:00+00:00,14.1,11.3,0.0,4.22,2025-06-24 22:00:00+02:00
2025-06-24 21:00:00+00:00,13.9,11.7,0.0,2.68,2025-06-24 23:00:00+02:00
2025-06-24 22:00:00+00:00,13.7,11.4,0.0,2.02,2025-06-25 00:00:00+02:00
2025-06-24 23:00:00+00:00,13.4,10.7,0.1,1.5,2025-06-25 01:00:00+02:00
2025-06-25 00:00:00+00:00,13.1,9.6,0.0,1.27,2025-06-25 02:00:00+02:00
2025-06-25 01:00:00+00:00,12.9,9.1,0.0,0.84,2025-06-25 03:00:00+02:00
2025-06-25 02:00:00+00:00,13.0,8.2,0.1,1.59,2025-06-25 04:00:00+02:00
2025-06-25 03:00:00+00:00,13.1,7.8,0.1,7.54,2025-06-25 05:00:00+02:00
2025-06-25 04:00:00+00:00,13.6,7.7,0.0,9.95,2025-06-25 06:00:00+02:00
2025-06-25 05:00:00+00:00,14.2,7.9,0.1,13.79,2025-06-25 07:00:00+02:00
2025-06-25 06:00:00+00:00,14.5,10.1,0.1,13.91,2025-06-25 08:00:00+02:00
2025-06-25 07:00:00+00:00,14.3,8.9,0.2,13.32,2025-06-25 09:00:00+02:00
2025-06-25 08:00:00+00:00,14.5,8.7,0.2,6.21,2025-06-25 10:00:00+02:00
2025-06-25 09:00:00+00:00,15.1,8.3,0.1,1.67,2025-06-25 11:00:00+02:00
2025-06-25 10:00:00+00:00,15.7,7.6,0.1,1.1,2025-06-25 12:00:00+02:00
2025-06-25 11:00:00+00:00,16.7,8.0,0.0,0.0,2025-06-25 13:00:00+02:00
2025-06-25 12:00:00+00:00,17.9,9.9,0.0,-0.02,2025-06-25 14:00:00+02:00
2025-06-25 13:00:00+00:00,17.7,9.7,0.0,0.8,2025-06-25 15:00:00+02:00
2025-06-25 14:00:00+00:00,18.5,11.5,0.0,8.69,2025-06-25 16:00:00+02:00
2025-06-25 15:00:00+00:00,18.7,11.5,0.0,14.94,2025-06-25 17:00:00+02:00
2025-06-25 16:00:00+00:00,18.9,10.7,0.0,31.97,2025-06-25 18:00:00+02:00
2025-06-25 17:00:00+00:00,18.5,10.0,0.0,35.91,2025-06-25 19:00:00+02:00
2025-06-25 18:00:00+00:00,17.7,7.2,0.0,40.1,2025-06-25 20:00:00+02:00
2025-06-25 19:00:00+00:00,16.4,8.4,0.0,39.66,2025-06-25 21:00:00+02:00
2025-06-25 20:00:00+00:00,15.5,8.0,0.0,38.55,2025-06-25 22:00:00+02:00
2025-06-25 21:00:00+00:00,15.0,7.6,0.0,38.28,2025-06-25 23:00:00+02:00
2025-06-25 22:00:00+00:00,14.7,7.1,0.0,38.12,2025-06-26 00:00:00+02:00
2025-06-25 23:00:00+00:00,14.5,7.9,0.0,35.93,2025-06-26 01:00:00+02:00
2025-06-26 00:00:00+00:00,14.4,9.6,0.0,33.34,2025-06-26 02:00:00+02:00
2025-06-26 01:00:00+00:00,13.7,9.1,0.0,35.81,2025-06-26 03:00:00+02:00
2025-06-26 02:00:00+00:00,13.1,7.1,0.0,35.99,2025-06-26 04:00:00+02:00
2025-06-26 03:00:00+00:00,13.0,6.5,0.0,36.44,2025-06-26 05:00:00+02:00
2025-06-26 04:00:00+00:00,13.4,5.0,0.0,37.5,2025-06-26 06:00:00+02:00
2025-06-26 05:00:00+00:00,14.3,3.8,0.0,42.54,2025-06-26 07:00:00+02:00
2025-06-26 06:00:00+00:00,15.5,3.2,0.0,53.73,2025-06-26 08:00:00+02:00
2025-06-26 07:00:00+00:00,17.0,3.6,0.0,50.43,2025-06-26 09:00:00+02:00
2025-06-26 08:00:00+00:00,18.4,2.2,0.0,37.25,2025-06-26 10:00:00+02:00
2025-06-26 09:00:00+00:00,19.4,2.1,0.0,33.38,2025-06-26 11:00:00+02:00
2025-06-26 10:00:00+00:00,20.3,3.5,0.0,25.39,2025-06-26 12:00:00+02:00
2025-06-26 11:00:00+00:00,21.1,4.8,0.0,29.97,2025-06-26 13:00:00+02:00
2025-06-26 12:00:00+00:00,21.9,6.1,0.0,34.24,2025-06-26 14:00:00+02:00
2025-06-26 13:00:00+00:00,23.1,9.3,0.0,37.42,2025-06-26 15:00:00+02:00
2025-06-26 14:00:00+00:00,23.8,6.5,0.0,30.7,2025-06-26 16:00:00+02:00
2025-06-26 15:00:00+00:00,22.6,10.8,0.0,46.22,2025-06-26 17:00:00+02:00
2025-06-26 16:00:00+00:00,21.2,12.5,0.0,43.32,2025-06-26 18:00:00+02:00
2025-06-26 17:00:00+00:00,21.2,10.5,0.0,50.56,2025-06-26 19:00:00+02:00
2025-06-26 18:00:00+00:00,19.9,11.9,0.0,51.41,2025-06-26 20:00:00+02:00
2025-06-26 19:00:00+00:00,18.2,9.7,0.0,51.98,2025-06-26 21:00:00+02:00
2025-06-26 20:00:00+00:00,16.9,9.6,0.0,40.61,2025-06-26 22:00:00+02:00
2025-06-26 21:00:00+00:00,15.8,10.7,0.0,37.62,2025-06-26 23:00:00+02:00
2025-06-26 22:00:00+00:00,15.0,11.4,0.0,36.51,2025-06-27 00:00:00+02:00
2025-06-26 23:00:00+00:00,14.2,11.1,0.0,35.58,2025-06-27 01:00:00+02:00
2025-06-27 00:00:00+00:00,14.2,11.7,0.0,33.55,2025-06-27 02:00:00+02:00
2025-06-27 01:00:00+00:00,14.2,12.3,0.0,31.46,2025-06-27 03:00:00+02:00
2025-06-27 02:00:00+00:00,13.7,8.0,0.0,29.33,2025-06-27 04:00:00+02:00
2025-06-27 03:00:00+00:00,13.9,6.2,0.0,29.14,2025-06-27 05:00:00+02:00
2025-06-27 04:00:00+00:00,14.1,5.6,0.0,32.59,2025-06-27 06:00:00+02:00
2025-06-27 05:00:00+00:00,14.3,4.7,0.0,35.02,2025-06-27 07:00:00+02:00
2025-06-27 06:00:00+00:00,14.6,3.6,0.1,45.06,2025-06-27 08:00:00+02:00
2025-06-27 07:00:00+00:00,14.9,2.0,0.5,44.92,2025-06-27 09:00:00+02:00
2025-06-27 08:00:00+00:00,15.3,4.8,0.3,43.93,2025-06-27 10:00:00+02:00
2025-06-27 09:00:00+00:00,15.7,8.6,0.4,37.84,2025-06-27 11:00:00+02:00
2025-06-27 10:00:00+00:00,15.7,9.1,0.5,21.94,2025-06-27 12:00:00+02:00
2025-06-27 11:00:00+00:00,16.6,9.4,0.2,6.79,2025-06-27 13:00:00+02:00
2025-06-27 12:00:00+00:00,18.0,12.2,0.1,4.17,2025-06-27 14:00:00+02:00
2025-06-27 13:00:00+00:00,18.1,11.6,0.1,4.1,2025-06-27 15:00:00+02:00
2025-06-27 14:00:00+00:00,16.5,10.7,1.0,3.96,2025-06-27 16:00:00+02:00
2025-06-27 15:00:00+00:00,16.2,10.1,0.7,3.69,2025-06-27 17:00:00+02:00
2025-06-27 16:00:00+00:00,16.8,10.9,0.1,3.9,2025-06-27 18:00:00+02:00
2025-06-27 17:00:00+00:00,16.6,16.2,0.1,4.64,2025-06-27 19:00:00+02:00
2025-06-27 18:00:00+00:00,16.5,15.7,0.0,5.5,2025-06-27 20:00:00+02:00
2025-06-27 19:00:00+00:00,15.9,22.2,0.1,10.0,2025-06-27 21:00:00+02:00
2025-06-27 20:00:00+00:00,14.6,22.4,0.0,13.93,2025-06-27 22:00:00+02:00
2025-06-27 21:00:00+00:00,14.2,19.1,0.0,7.5,2025-06-27 23:00:00+02:00
2025-06-27 22:00:00+00:00,13.8,16.0,0.0,3.16,2025-06-28 00:00:00+02:00
2025-06-27 23:00:00+00:00,13.4,14.1,0.0,2.63,2025-06-28 01:00:00+02:00
2025-06-28 00:00:00+00:00,13.1,12.7,0.0,2.55,2025-06-28 02:00:00+02:00
2025-06-28 01:00:00+00:00,11.9,12.2,0.0,2.62,2025-06-28 03:00:00+02:00
2025-06-28 02:00:00+00:00,11.6,11.4,0.0,2.93,2025-06-28 04:00:00+02:00
2025-06-28 03:00:00+00:00,12.0,10.0,0.0,4.1,2025-06-28 05:00:00+02:00
2025-06-28 04:00:00+00:00,13.0,9.0,0.0,5.38,2025-06-28 06:00:00+02:00
2025-06-28 05:00:00+00:00,14.3,8.9,0.0,7.33,2025-06-28 07:00:00+02:00
2025-06-28 06:00:00+00:00,15.4,10.1,0.0,7.57,2025-06-28 08:00:00+02:00
2025-06-28 07:00:00+00:00,16.7,9.5,0.0,3.85,2025-06-28 09:00:00+02:00
2025-06-28 08:00:00+00:00,18.0,9.5,0.0,0.3,2025-06-28 10:00:00+02:00
2025-06-28 09:00:00+00:00,19.1,10.7,0.0,0.07,2025-06-28 11:00:00+02:00
2025-06-28 10:00:00+00:00,19.1,14.8,0.0,-0.62,2025-06-28 12:00:00+02:00
2025-06-28 11:00:00+00:00,19.3,11.7,0.0,-2.04,2025-06-28 13:00:00+02:00
2025-06-28 12:00:00+00:00,20.0,13.1,0.0,-1.69,2025-06-28 14:00:00+02:00
2025-06-28 13:00:00+00:00,18.0,13.5,0.0,0.0,2025-06-28 15:00:00+02:00
2025-06-28 14:00:00+00:00,17.9,16.0,0.0,1.01,2025-06-28 16:00:00+02:00
2025-06-28 15:00:00+00:00,17.7,16.7,0.0,2.89,2025-06-28 17:00:00+02:00
2025-06-28 16:00:00+00:00,17.7,15.1,0.0,5.46,2025-06-28 18:00:00+02:00
2025-06-28 17:00:00+00:00,18.0,16.3,0.0,5.42,2025-06-28 19:00:00+02:00
2025-06-28 18:00:00+00:00,18.0,14.6,0.0,4.49,2025-06-28 20:00:00+02:00
2025-06-28 19:00:00+00:00,18.2,16.4,0.0,2.81,2025-06-28 21:00:00+02:00
2025-06-28 20:00:00+00:00,17.8,18.4,0.0,1.24,2025-06-28 22:00:00+02:00
2025-06-28 21:00:00+00:00,17.3,17.9,0.0,0.0,2025-06-28 23:00:00+02:00
2025-06-28 22:00:00+00:00,16.7,19.1,0.0,1.58,2025-06-29 00:00:00+02:00
2025-06-28 23:00:00+00:00,16.1,20.1,0.0,0.0,2025-06-29 01:00:00+02:00
2025-06-29 00:00:00+00:00,15.7,20.9,0.0,-0.14,2025-06-29 02:00:00+02:00
2025-06-29 01:00:00+00:00,15.7,22.0,0.0,-0.18,2025-06-29 03:00:00+02:00
2025-06-29 02:00:00+00:00,15.3,20.9,0.0,-0.31,2025-06-29 04:00:00+02:00
2025-06-29 03:00:00+00:00,15.3,20.2,0.0,-0.51,2025-06-29 05:00:00+02:00
2025-06-29 04:00:00+00:00,15.6,21.1,0.0,-0.5,2025-06-29 06:00:00+02:00
2025-06-29 05:00:00+00:00,15.9,20.7,0.0,-0.77,2025-06-29 07:00:00+02:00
2025-06-29 06:00:00+00:00,16.2,23.4,0.0,-1.23,2025-06-29 08:00:00+02:00
2025-06-29 07:00:00+00:00,16.8,25.2,0.0,-0.19,2025-06-29 09:00:00+02:00
2025-06-29 08:00:00+00:00,17.5,25.2,0.0,-1.11,2025-06-29 10:00:00+02:00
2025-06-29 09:00:00+00:00,18.0,26.5,0.0,-2.0,2025-06-29 11:00:00+02:00
2025-06-29 10:00:00+00:00,18.7,24.3,0.0,-5.41,2025-06-29 12:00:00+02:00
2025-06-29 11:00:00+00:00,19.6,25.2,0.0,-19.91,2025-06-29 13:00:00+02:00
2025-06-29 12:00:00+00:00,19.9,26.7,0.0,-23.61,2025-06-29 14:00:00+02:00
2025-06-29 13:00:00+00:00,20.4,26.8,0.0,-15.08,2025-06-29 15:00:00+02:00
2025-06-29 14:00:00+00:00,19.7,27.4,0.1,-2.14,2025-06-29 16:00:00+02:00
2025-06-29 15:00:00+00:00,20.0,27.3,0.0,-0.25,2025-06-29 17:00:00+02:00
2025-06-29 16:00:00+00:00,19.0,23.1,0.3,0.0,2025-06-29 18:00:00+02:00
2025-06-29 17:00:00+00:00,18.9,21.2,0.0,2.29,2025-06-29 19:00:00+02:00
2025-06-29 18:00:00+00:00,16.5,12.7,1.7,2.47,2025-06-29 20:00:00+02:00
2025-06-29 19:00:00+00:00,17.0,17.3,0.0,1.8,2025-06-29 21:00:00+02:00
2025-06-29 20:00:00+00:00,16.5,16.3,0.0,0.4,2025-06-29 22:00:00+02:00
2025-06-29 21:00:00+00:00,15.8,15.4,0.0,-0.07,2025-06-29 23:00:00+02:00
2025-06-29 22:00:00+00:00,15.5,15.4,0.0,-0.07,2025-06-30 00:00:00+02:00
2025-06-29 23:00:00+00:00,15.5,18.0,0.0,-0.1,2025-06-30 01:00:00+02:00
2025-06-30 00:00:00+00:00,15.0,17.1,0.0,-0.31,2025-06-30 02:00:00+02:00
2025-06-30 01:00:00+00:00,13.5,17.9,0.0,-0.19,2025-06-30 03:00:00+02:00
2025-06-30 02:00:00+00:00,13.0,19.0,0.0,-0.1,2025-06-30 04:00:00+02:00
2025-06-30 03:00:00+00:00,13.1,19.6,0.0,1.52,2025-06-30 05:00:00+02:00
2025-06-30 04:00:00+00:00,13.4,19.7,0.0,30.29,2025-06-30 06:00:00+02:00
2025-06-30 05:00:00+00:00,14.1,18.3,0.0,35.18,2025-06-30 07:00:00+02:00
2025-06-30 06:00:00+00:00,14.9,20.6,0.0,33.4,2025-06-30 08:00:00+02:00
2025-06-30 07:00:00+00:00,15.9,20.6,0.0,30.99,2025-06-30 09:00:00+02:00
2025-06-30 08:00:00+00:00,17.2,22.3,0.0,29.13,2025-06-30 10:00:00+02:00
2025-06-30 09:00:00+00:00,18.1,20.3,0.0,2.33,2025-06-30 11:00:00+02:00
2025-06-30 10:00:00+00:00,18.7,20.5,0.0,1.94,2025-06-30 12:00:00+02:00
2025-06-30 11:00:00+00:00,19.4,19.3,0.0,1.41,2025-06-30 13:00:00+02:00
2025-06-30 12:00:00+00:00,19.5,16.5,0.0,3.0,2025-06-30 14:00:00+02:00
2025-06-30 13:00:00+00:00,19.9,16.0,0.0,16.41,2025-06-30 15:00:00+02:00
2025-06-30 14:00:00+00:00,20.8,17.3,0.0,29.97,2025-06-30 16:00:00+02:00
2025-06-30 15:00:00+00:00,20.8,13.5,0.0,32.87,2025-06-30 17:00:00+02:00
2025-06-30 16:00:00+00:00,21.3,12.4,0.0,37.22,2025-06-30 18:00:00+02:00
2025-06-30 17:00:00+00:00,20.6,7.4,0.0,38.82,2025-06-30 19:00:00+02:00
2025-06-30 18:00:00+00:00,19.7,4.9,0.0,39.81,2025-06-30 20:00:00+02:00
2025-06-30 19:00:00+00:00,17.9,4.5,0.0,40.1,2025-06-30 21:00:00+02:00
2025-06-30 20:00:00+00:00,15.6,9.2,0.0,37.89,2025-06-30 22:00:00+02:00
2025-06-30 21:00:00+00:00,14.2,7.5,0.0,33.98,2025-06-30 23:00:00+02:00
2025-06-30 22:00:00+00:00,13.4,6.5,0.0,32.75,2025-07-01 00:00:00+02:00
2025-06-30 23:00:00+00:00,13.0,6.2,0.0,30.66,2025-07-01 01:00:00+02:00
2025-07-01 00:00:00+00:00,12.9,6.1,0.0,31.39,2025-07-01 02:00:00+02:00
